gene	Toy_1	Toy_2	Toy_3	Toy_4
A2M	26.7924274222876	55.6912904642923	17.61016583614	12.6529401091674
A4GALT	0.768509761143991	0.812650070051856	0.989744072423775	0.513396280398728
AADACL2	0.284346453540958	0.283016113182808	0.102248701532324	0.0991086855894519
AAK1	39.7876384493687	28.5520506094595	12.2177118339699	14.8485564644085
ABCA1	10.4012526091983	7.96019719633564	16.5119930341378	12.7079133775283
ABCA2	12.3996428249177	12.8436618162803	7.59992644111597	5.79487708350404
ABCA7	67.2413530269923	41.6797782251128	48.4018123252182	39.0785189890223
ABCB1	23.3252567817818	37.6927094701646	22.4057080752785	12.6421733586269
ABCB4	9.71196360028893	6.96466283995909	28.3814146324203	10.8291247044618
ABCB9	2.59085603582235	2.01299179072363	1.54127026625419	1.20149208639155
ABCC4	8.74343615484923	7.34173693013841	4.48844779716092	4.64639168897262
ABCF2	12.8149750403018	12.5934080248012	11.1682405109186	11.3141754002671
ABCG1	33.350296413808	23.5830630640729	40.6743894028752	27.356248112692
ABCG2	1.62889139685334	1.933926999344	0.894207393571521	0.664080065301723
ABHD10	44.6507313311397	42.3021106843659	45.7101313858689	40.5335053222819
ABHD14B	99.6001873530094	81.4834560495225	76.6621260481862	70.5177401585203
ABHD15	15.4675830613587	17.7422093411193	22.1332952799957	13.2316585860774
ABHD17A	32.8525332329758	22.1328619222442	19.3832690211088	16.4889872418369
ABHD2	24.9032947010779	25.1589379051722	22.2650023859593	36.5564171715766
ABHD3	93.8170128875037	101.395922802309	76.8453800691241	89.6581144959932
ABHD5	10.5525532314603	14.8439502406627	13.2579992364524	24.0564842270956
ABI1	147.100061806915	172.049951499501	159.404594421467	147.46798909764
ABI2	7.13923863604777	5.67790857174047	4.01644337718802	3.42108331455458
ABI3	66.7606837681363	109.015606798349	69.4005701662999	91.2650962543405
ABL2	9.07201606771986	6.92343451492872	6.70602182799605	4.94867377691195
ABLIM1	241.51763027993	136.618339015316	108.642339690753	86.751761340794
ABO	2.43642520687961	1.85248636560428	1.35857635888135	1.40844043305096
ABRACL	226.504260028741	310.992492034146	173.75865795036	200.568375484042
ABT1	66.0659641354259	76.1859918308321	67.5607656370146	61.5086178567145
ABTB1	67.0314357227255	54.213125186928	58.6346616102288	68.0595598140568
ACAA1	43.6287207824095	38.8767479086109	42.4395782165258	57.7376195732305
ACAA2	47.990554561268	67.7533324230115	43.8968291072548	56.4839380054697
ACACB	10.1473497403895	6.47926681256981	5.28952124565226	4.60319674517473
ACAD10	36.860106942971	31.3726371238896	30.0747119409815	30.9036007769908
ACADM	27.6109075991363	32.6727199206879	30.2412424929387	25.5704695881624
ACADVL	217.433259576039	219.517750280468	213.346412354307	268.667722070519
ACAP1	199.310351968953	148.248235591268	120.181211612574	95.7762016719968
ACAP2	66.762468799428	64.6262331356775	75.7107214543018	87.3056858595108
ACAP3	14.483818203305	9.63705821915468	11.7963559567338	10.6540607562199
ACAT1	46.6922443844743	51.0928543901521	36.3855383692924	37.7217130747399
ACBD3	39.4749839246072	31.6003948773715	65.6555969991281	40.9897926666259
ACD	39.1965017740082	37.6419618278611	42.2001462110982	32.184435686425
ACE	0.902987374855099	1.59747599457814	1.16457834348839	0.664333873822528
ACER3	12.3862373514818	14.9513907573009	13.3195563158	21.719557031004
ACHE	0.733273993800427	1.02315433708528	1.29056061484179	0.60829715856343
ACIN1	125.654778289454	80.4605094176087	73.9159903058243	63.2934208925622
ACO2	66.0116571731973	62.1884647582517	75.2928561237844	77.8439498895185
ACOT4	1.06876640132235	1.34154067770892	0.515306529440421	0.418608787652776
ACOX1	15.9159084416638	18.7887295113548	16.534690682018	24.5112977284409
ACP1	230.802448727342	248.013886488115	209.50187217429	186.259299413144
ACP5	23.7433646991415	18.2031981469898	23.9650365907032	23.43465532141
ACSL1	37.9067656299693	60.1407778090397	62.0568941564302	130.893910287939
ACSL3	21.476942552132	20.5248765724023	23.1130145809559	21.1290300942874
ACSM1	3.8379635613125	3.25790687325518	5.86897724954338	3.28085027629897
ACSM2A	1.58630253363611	1.63404275797039	0.775082169648489	0.607172296744315
ACSM2B	1.90606456779233	1.97840920172415	0.795290865488583	0.69636341118091
ACSM3	10.0753011113239	8.8056704658685	14.8382883008387	10.0160881354158
ACSS1	55.9656825579206	44.3771184025391	74.530044322908	52.5186461481567
ACSS2	31.161320108156	27.5280426490694	25.6832915229561	52.284328911091
ACTA2	19.9870253807548	21.9709142237902	12.1266302791006	15.3387009054817
ACTB	9032.08752913872	11483.9813233119	10283.4678161667	17259.9545784176
ACTG1	1679.43166311503	1660.87774565477	1286.48740090803	1800.89269010873
ACTN1	156.52608077599	84.5163068454657	57.1506364545914	116.873585079292
ACTN4	39.6220701224561	58.3854933741899	41.9670700439765	49.6514055543166
ACTR2	294.262882476227	332.759693040703	360.632776340085	373.775665291662
ACTR3	206.847583872939	219.926659408311	219.160600531974	256.677564723612
ACY3	1.88151112059099	1.76590843107306	1.91353001081942	1.31246767995956
ACYP2	18.4631112722246	18.313860074424	17.4403179199685	13.8599835856526
ADA	21.9702072092273	22.6877982140097	11.7635489237292	10.6451490904307
ADAD2	0.393817449949391	0.394709765784006	0.390238757797521	0.210208826974749
ADAM10	67.6166238078684	77.2626869679176	65.28665885259	85.0973134719988
ADAM12	2.5860713983348	3.92407371535447	1.65435660492849	1.22567398369864
ADAM17	33.8476108905673	33.9092664437971	33.5223457796934	35.9178403390956
ADAM19	28.9742610202355	30.041212272269	72.5066646368131	35.8504988841865
ADAM23	1.68766568684559	1.59878669840178	1.72680650176964	0.922055771884913
ADAM28	30.2636901263644	21.5560730451462	100.111762441213	40.6619253943846
ADAM8	77.6987115816545	97.4797319428669	100.911867209202	131.434263867445
ADAMDEC1	2.75485616335413	2.76815417123946	3.74457230165014	4.36865668005255
ADAMTS1	0.752195305594422	0.937781247560886	0.372232991869562	0.295537312741388
ADAP2	12.5110911909011	20.9972978720869	25.4729747582385	53.0182212997062
ADAR	184.60189409422	150.575726800169	166.263108001126	162.292921118897
ADARB1	20.0547249629636	12.5788021046276	26.1005143270178	12.9785536894742
ADCY1	0.506129525965989	0.609967887046906	0.289450979984404	0.214542913955952
ADCYAP1	0.314726051920548	0.400982677455499	0.147336088824076	0.120517961541124
ADD1	142.526186899537	110.824445471184	176.62795418826	117.741675590889
ADD3	349.312887250393	275.672545429163	246.164414137554	220.819694044786
ADH5	72.5548825532897	73.2918379851035	58.884858248887	58.7146594936787
ADHFE1	15.5837403408097	23.8044205833058	9.58005134209852	10.1822611448186
ADI1	44.8227933253717	40.4381929343645	42.9165002721256	64.9531346852232
ADIPOR1	184.727442782826	215.005383552635	243.913230916754	303.492928340816
ADIRF	0	0	0	0
ADK	59.8017114857196	64.3614838704167	102.723188063316	61.0740469905371
ADM	11.3877060799645	23.7819512213099	15.8484008949282	26.935055474173
ADNP	55.3658069015925	53.3086163885365	46.0365001601187	35.0077540374992
ADORA3	1.13108801912044	1.87732071543954	1.75002352188832	4.1012938945315
ADPRM	96.1791810281486	59.6719060831384	67.8245328650645	47.8670870378281
ADRB2	49.5920189824437	111.230214886321	51.4963908760275	53.6301448622895
ADSL	20.2071789774761	13.5430181099957	10.2981902568237	9.94924065170669
ADTRP	57.123144575488	23.8737488954841	13.3397512089419	17.4014027392343
AFAP1L2	3.24669329201094	3.85132733797398	3.58441020241773	1.86307313928751
AFF3	26.3792964203613	16.8252454233811	71.0113461277038	27.9253670071767
AFF4	43.9823551237239	31.9238763199711	47.4126292104918	31.8741475351446
AFTPH	52.475587293442	51.9605976232104	66.3829261989463	54.1770875407667
AGAP1	1.09273025263696	2.04060079832219	0.763793507135057	0.515449920815256
AGAP6	1.73306827700133	1.38145075012997	1.10870168936718	0.868184387910355
AGFG1	24.7793141819612	22.2352362074811	32.0594818789012	32.6315260283795
AGMAT	14.4173876898601	7.44228972768726	6.24173419275664	5.14352840438616
AGO2	24.2469789100421	22.1205571021661	20.1183697667319	15.0663978991853
AGO3	11.9585591931543	10.0373354412018	7.88780985498522	7.33591626052748
AGPAT2	33.5553135118939	44.8916179692303	65.4434532012751	102.1834736976
AGPAT4	10.1397774562894	15.2134561441794	8.99528753983073	11.4772678612655
AGPAT5	23.5423222717234	20.2286819124115	43.1728415621199	25.1231396919216
AGPS	11.4872702289797	11.0346460255695	9.23985993654363	11.6553411375668
AGTPBP1	59.6871991807701	70.4833811854926	53.1451606568376	84.7046221924834
AGTRAP	197.638012072763	313.040524830462	295.034050591625	693.783219267904
AHCY	42.7373723212375	37.9215288498066	47.0194031620355	55.1584025645686
AHCYL1	37.4628431053792	34.6372134969648	46.3973067504177	48.6451721914425
AHI1	12.1259650179699	13.1511697485276	10.2476772087657	6.86910008694262
AHNAK	86.0366702126018	109.554741445363	113.172551644452	119.828472277752
AHNAK2	0.489972968113113	0.497804983161951	1.00695311215771	0.435873560905579
AHR	9.97982420454628	12.4572215802005	12.0989608440596	22.4897091068281
AHSA1	163.714557820964	186.367922943918	148.08875039587	147.74998000381
AICDA	1.00982758749016	1.19925475858659	0.879101348134375	0.590523880014811
AIDA	12.8582290163474	10.6799242132552	18.7359925705767	9.91112439174976
AIF1	193.433325827865	340.94149245543	337.173934732667	902.609671862448
AIM2	6.65308929857149	10.4811976924706	10.6131944106806	10.0438302902116
AIMP1	55.5118520456385	47.9208959081603	42.0734713912418	40.5054003083965
AIP	145.076989600999	142.521365923818	119.96432886984	112.648519034303
AK2	42.9444463469708	42.4279535481114	44.390424443141	51.8344723225833
AK3	29.4618731761616	26.644355661112	22.3287343480333	19.6450876271569
AK5	28.1184347936371	12.0148952335772	6.3292025514124	8.22390285273516
AKAP10	67.5477672515138	60.0483501698652	55.2856246372538	54.7590878410694
AKAP12	0.683359589015703	0.868807587534278	0.560934068376288	0.363810216666068
AKAP13	117.090677173086	121.195906215616	113.801279068601	115.951083827047
AKAP5	2.67718408518127	2.59784634396218	1.63513660084465	1.1477016376318
AKAP8	59.6310389777634	48.506117843865	52.1939672733106	44.5477377057013
AKAP8L	47.0409147103994	32.6003268734428	45.626292952856	36.184235399011
AKAP9	57.8945658704303	62.2156144983384	46.4811152651997	37.3504722859973
AKIRIN1	125.230522911357	106.942241189818	123.571546419044	120.908934570787
AKIRIN2	88.9310280015817	103.984213342666	133.652441346354	156.289171101036
AKNA	191.809408891012	136.249365887009	104.846784696992	98.0022294750337
AKR1B1	135.652731292124	138.092219818498	119.522062562277	117.783042024268
AKR1B10	1.39785507246343	1.31263344186679	0.67139155087102	0.530430201215151
AKR1C1	1.25928146541031	0.841846424568831	0.811167939895963	0.594279351176925
AKR1C3	10.4624455406761	12.2197121643787	4.83865596374861	4.89043662010447
AKT1	20.0662545634015	17.5025690784659	24.5352309150509	28.1298087309696
AKT2	51.5951587902754	30.2400313593882	43.0325509935726	30.4570187774558
AKT3	22.3871792371015	17.438944662136	13.3003393096373	10.2099179435667
AKTIP	85.8041440667776	68.4814021810836	36.0389503438284	34.6718191203265
ALCAM	8.82198856503615	10.031245317897	18.7453951316434	16.5230635616234
ALDH16A1	25.7733670997975	21.3665591138284	35.5223314955755	29.394427785814
ALDH1A1	33.3202695219087	63.6026448927751	64.2758732517264	169.979403041621
ALDH1B1	7.46245757115324	7.64628421811998	5.71249320581015	6.16992873985136
ALDH2	17.7690283890941	33.0791744288129	34.5208595618986	88.2986850795804
ALDH3B1	10.409481389755	19.9746229178551	20.4747840445886	53.1005562184403
ALDH5A1	20.1023413989521	12.0486337484326	15.5517482591292	9.3199410528287
ALDH9A1	107.124333547421	110.524311349509	107.664213425132	106.657658499971
ALDOA	23.7050962874071	26.3678189704549	23.5390439805913	42.3556116334505
ALDOC	54.4078350976771	39.7159589655769	39.9981443262748	31.0979593212997
ALG14	2.75197708687555	2.82032431644482	2.34214886960274	2.29496960541603
ALG2	30.4713079360661	29.5041795983321	32.8668242366589	36.5679851439947
ALG8	37.3287582543129	39.0466990866594	33.9325291552316	34.8588473815213
ALK	2.00554208894137	1.79526370057646	1.27445580248781	0.895045839307709
ALKBH5	113.02261835466	94.3408861917291	126.695784199959	112.894902735918
ALKBH7	76.2546778204921	59.6463520681881	58.9349682674195	67.3307833702548
ALOX15	0.73156330513228	0.957689544398662	0.854373059492418	0.503817310375805
ALOX5	114.550881195111	160.623670247262	300.419942341518	408.455636158657
ALOX5AP	256.817101039931	480.74626954692	283.343126962681	246.089479633041
ALPL	1.33278060362901	2.04925931589165	1.79308294620906	0.880530119557549
ALS2	10.6445062179964	10.1954517405835	7.23307129674543	6.45294254481627
ALYREF	56.7846868141855	47.6373566067718	70.5825977735434	71.1496903802065
AMD1	63.2923937157878	57.230053924481	61.2729716662274	59.5362257279458
AMFR	70.6902900245097	59.8241303476032	135.614058836466	92.7536203703461
AMH	1.08440622487532	0.861995583508827	0.894483750670593	0.536623178265232
AMIGO1	22.1204966742562	10.5190275292846	5.70646662869095	6.72007188011374
AMN	2.741930232886	1.6383171939669	2.7146073683105	1.43686925705534
AMN1	20.1217696834818	15.8820092847362	21.7109785325612	13.1371631040316
AMPD2	49.0286735354887	49.5256114671042	47.7314913649029	80.2264016795779
AMT	1.47202107084116	1.01625665755812	1.09629851308786	0.785467724469703
AMZ2	77.7104774586013	79.6260697810763	81.2133808373362	63.8527908480915
ANAPC11	42.0389814412315	56.9057593576834	47.7204795557957	65.8283019108462
ANAPC15	28.18289101904	26.1150674021824	21.5279965435856	29.6419678237487
ANAPC16	137.880256473489	130.950663562493	130.953869323226	107.963290472913
ANAPC5	121.456133186497	124.40434625419	101.048817146603	103.011889839689
ANGEL2	45.4932347982794	42.9756828006052	37.6972529084868	32.3593504670318
ANK1	2.63696137828539	2.81551718648046	3.04705368662201	1.6143178354491
ANK2	2.87691431254987	2.54867051981989	1.18021056380605	1.04013238430683
ANK3	13.3421661322276	8.56923495646054	4.02897313140719	4.22993033820004
ANKH	32.2414709598679	23.2800702698715	16.2794114170559	13.3933506064009
ANKHD1	7.50490778918567	7.03089943882507	5.71563113319109	4.50137841905442
ANKLE2	30.0606946160506	21.4718537971426	26.8240760237398	20.8696233875034
ANKRD10	250.637987527679	279.139369091682	253.249564444084	219.414981654996
ANKRD11	74.7624336461597	51.3761343656598	51.0210219186584	40.9494896488096
ANKRD12	84.6605708068044	83.3437440853211	65.2688627228549	49.1383611940617
ANKRD13A	65.5927830047761	56.0965345344689	87.3332032819244	76.4941180813468
ANKRD13D	78.9139228484927	61.9186782018688	53.4780271284397	58.2326424879402
ANKRD20A1	0.461117610105181	0.579951493903793	0.356356126901873	0.218818318927265
ANKRD28	19.4696382279158	20.5006297763563	16.0572200257816	12.701430757724
ANKRD36	44.6545994528815	50.6204985248963	26.2741749086401	19.5902672026273
ANKRD36B	38.7824726338443	37.9671606542578	22.1531060703206	16.5291043731916
ANKRD36C	36.9912146749709	40.0389383998129	21.8480485354429	16.4419126336784
ANKRD37	16.1990196527727	16.039692277194	24.5273954726156	13.457601039366
ANKRD44	211.912896281018	209.592730628376	180.909648068357	157.20625514635
ANKRD55	40.6782705763614	16.1385852575221	8.04728259350711	11.6526693168887
ANKS3	21.9201988397695	15.4574779015822	16.5605621765536	12.6061896927496
ANP32A	61.9735578538287	62.2970745665823	60.1122162136526	68.2387625943035
ANP32B	272.410274088672	195.169657542721	175.991759905495	170.121124965936
ANP32E	196.214651470163	307.767671058431	161.5554455636	131.230351141199
ANPEP	36.8967007306792	71.3104149451604	72.8963610336877	192.906787454223
ANTXR2	26.6900270973545	26.223616444064	30.140619260918	35.3427647975731
ANXA1	677.576839927658	1245.35560023013	698.687217107534	1366.55749796452
ANXA11	102.246952869859	80.556347661409	88.2926034280967	101.37991458468
ANXA2	159.566150213237	312.790005635279	263.804199595897	549.011691740155
ANXA2R	52.7703727553495	59.8748860067289	34.5583680186978	27.5907285587089
ANXA3	1.80734170685516	2.14745553550727	1.0080563575596	0.826653500126751
ANXA4	21.4405272028656	30.5060680713837	38.2960768179662	46.5201206000559
ANXA5	315.045125193018	581.353578522787	494.87356574908	1018.04909526362
ANXA6	366.226253399229	329.087843492517	307.417516119275	270.006522722316
ANXA7	194.251619332197	228.675834186367	186.552410934566	227.088969021802
AOAH	201.668074471641	390.717064016085	262.176115409001	580.094645514945
AP1B1	76.8030047820347	69.5607446914883	116.48149023355	116.908429581309
AP1G1	49.0500495625354	44.3091865766792	47.9046794432977	38.2237713417109
AP1M1	30.3966131533862	27.4703882469616	26.8137242150922	34.2970022346855
AP1S3	2.49652199874982	2.23119885865601	3.276403597327	1.65745688115165
AP2A1	36.4432696084925	31.5662379246909	31.204603115502	43.9293831644752
AP2M1	124.196075012079	151.158606069275	142.61986265075	187.230953456665
AP2S1	74.1588382019744	97.6256089350251	82.3541788967492	139.688460471153
AP3D1	53.3196711299136	39.6347491870406	45.966745440358	44.5254518777081
AP3M2	51.5277948050673	39.8876755874673	21.853785208184	19.6642175722073
AP3S1	65.3157976830116	88.226731834672	75.3477239008962	86.1504727111297
AP5B1	19.993099679071	20.3439008188137	25.4659255307514	37.1206622739185
APBA2	95.2847740888143	45.8696721739712	21.1811823943717	27.4812806830233
APBA3	25.7126409279681	19.5611095477499	22.2747173091968	18.6443077925168
APBB1	168.464704311718	87.289028643283	63.066301053319	58.571190788901
APBB1IP	166.705412118266	153.501781205452	131.473331027272	128.221344228102
APBB2	1.99759315187618	1.62061278367203	3.68041663722827	1.7409044237289
APC	23.6593743099752	20.8184691092436	20.3674609489921	17.6868196239855
APEX1	223.646113899126	178.568633262828	190.556912977475	183.127124171949
APIP	11.5832228503136	13.0237304739867	9.98323101451176	11.1449292399749
APLP2	246.308466615868	362.09132335682	493.098256553523	850.287220233481
APMAP	170.605525448057	283.407216639236	146.413762644752	172.463216144651
APOBEC3A	27.1923932155911	51.7056684543855	55.1154023219902	137.793602330031
APOBEC3B	1.04257878473158	1.66078501804439	1.73537377363247	2.61647903222108
APOBEC3C	157.351521648082	270.947303696648	215.043486633367	155.837465505574
APOBEC3D	4.96763027208702	5.34415191572613	4.10125452501804	2.58154976906753
APOBEC3F	20.6712830535005	23.7831746205263	33.3823801829835	19.1273344025537
APOBEC3G	109.245932532768	214.99839906731	114.858531233812	89.8988912246321
APOBR	8.77115366909333	11.1806461740775	8.61736090765474	18.4392040105329
APOC1	1.05371246367029	1.16865020706173	1.19835880836468	0.631565649526292
APOD	1.60078525214055	1.93390464861671	1.07232751990242	0.711307534884664
APOE	3.07599177176272	2.11084474297224	4.547063704654	2.13789083453377
APOL3	79.6428967919273	78.0248390972521	60.6325343186099	81.2625972498932
APOL6	41.3971971699028	43.1235920264791	24.2906718899675	34.0395433805702
APOM	10.6471962824402	9.27531863780276	14.8535910377759	9.75446217613111
APP	48.765879909204	34.6764629705346	42.7319589908214	59.3158712722419
APPL1	35.9466659073209	29.2240891006192	55.0445721066517	35.9034026943201
APRT	347.939362645271	341.716980133565	326.300963112859	341.034433104523
AQP1	0.457913727563539	0.468372291824878	0.644959354453462	0.302427359999827
AQP3	87.054792950347	56.4843689258103	23.5524058010752	26.7662515905348
AQP5	0.43375013613001	0.73371621734836	0.705443710794033	0.359007897849752
AQP7	1.34725684849602	1.19202812468212	0.632300623841172	0.505387694971686
AQP9	21.6723081258553	42.3964326911822	41.3713525539532	109.231367381637
ARAP1	78.6969442924897	75.1215381100299	81.3095132694524	132.578953250466
ARAP2	45.2355126463766	63.638199010823	48.9423574612254	33.2476730173806
ARCN1	124.687211859174	116.512335280401	115.745527005923	124.563556010934
AREG	36.3962118735651	30.541421234461	57.8661851544626	26.807130370157
ARF1	619.480035224974	752.73617281476	775.793921459367	1023.33654744263
ARF4	179.51249678557	234.902862577203	202.032891680728	264.737993880391
ARF5	110.477714849515	115.34047060708	128.061874006525	174.816682357985
ARF6	200.190257113905	252.510221801373	252.075056841605	216.907056252951
ARFGAP3	61.677603008484	83.2607191688565	60.3007398307348	66.1170423247043
ARFGEF1	50.5982365362878	39.8065200637368	31.8807338359095	32.8406219005766
ARG1	10.7807919327193	10.2581459388324	9.34524187087513	6.64687736219441
ARG2	4.56213589881628	4.6743805952378	3.83890861949862	2.72493664316151
ARGLU1	362.042238925622	326.482126374804	246.382641254537	214.291445104926
ARHGAP15	249.778824936223	268.119703430848	194.038657694457	153.701277894934
ARHGAP17	53.7708088818609	46.0487593204354	88.66289023682	63.0412564020234
ARHGAP18	9.25716452933704	16.1206619733445	10.305868602991	12.092525932633
ARHGAP24	13.0674313189908	12.367254442281	37.282432186262	26.0019647226959
ARHGAP25	218.90505155262	251.510583222493	229.721307877855	168.894216443754
ARHGAP26	25.6918637680127	35.1452768035711	24.113346275634	41.4337324497469
ARHGAP27	84.1366780334338	75.8733032564009	96.2713059686394	116.835125975914
ARHGAP29	1.49475004857441	1.29520092495746	0.800050474193624	1.03276404353054
ARHGAP30	275.723685125531	223.864789813199	215.622465035042	269.439599824638
ARHGAP31	6.55222494802508	7.49699437285876	7.45697092944054	14.3607147101472
ARHGAP44	2.70489840189539	2.73747180087344	1.59654603382236	1.20402084144368
ARHGAP8	1.14565336086646	1.38695256501262	0.81713551347953	0.537723628355952
ARHGAP9	238.904735612666	204.813311265645	184.355661087319	205.223468793775
ARHGDIA	121.156241113943	96.5189150094286	110.085195362096	101.412114360377
ARHGDIB	3340.91839333033	4212.79868801695	3325.90796553291	3523.30152655715
ARHGEF1	548.204005688484	335.086789752096	309.423464997494	309.092225601861
ARHGEF18	130.971938565309	72.0270721788536	103.282508843775	68.9284148748797
ARHGEF2	75.223366397694	54.7549507925572	68.028700053807	68.7771613345477
ARHGEF3	162.703594519544	165.503244231701	105.258071652678	103.214011709476
ARHGEF4	0.89043207978129	0.932897615645233	0.688648268528674	0.421256021016184
ARHGEF7	63.2583724871861	49.601817099228	62.1942711449071	46.0978470698083
ARID1A	83.6827111746891	60.7420141438401	65.4896880720023	53.3345024062374
ARID1B	60.348618945741	55.351648441424	58.3679155657082	38.6217745225427
ARID3A	6.91382323902886	7.88026689886791	8.95378045901168	13.3140989811734
ARID4A	70.7360965239738	75.1945116529546	63.5031858677368	50.5456032048289
ARID4B	130.164646028889	123.379945798836	114.10807849942	84.1660740399974
ARID5A	123.716832110931	87.7744609976769	111.206295366939	92.3693282346625
ARID5B	88.6086482756333	94.9876736133949	108.698612918372	55.9030854513616
ARIH1	13.0855940363283	10.8193927884455	11.9403683447515	8.55405811378197
ARL14EP	46.517617938293	52.6691823093571	41.4818268297711	34.9179865619623
ARL2	31.5183077066626	36.5505230064633	32.0941763474118	30.5865426884364
ARL3	7.7101834652937	11.1096620524038	6.43715651830277	8.81496087530752
ARL4A	33.2343257616404	33.0724558120652	53.6930157626788	40.6570968235836
ARL4C	211.160221540155	205.704151154936	115.529626902374	90.4274390800161
ARL5A	14.9516999510813	13.6017375614632	19.6937993128011	15.5197324331512
ARL5B	15.3656636775133	14.4884742630336	23.9967474590865	20.1110594516897
ARL6IP1	208.068083678105	287.175866858185	237.654026632333	218.619335538388
ARL6IP5	451.565625541625	598.945071753303	432.336653826773	532.51431691306
ARL6IP6	15.6513249864289	17.4022136317616	15.6759058750587	14.5030690983678
ARL8A	23.43109013911	17.1950557032061	31.8050627833674	25.2774623523189
ARL8B	87.3997925665952	97.910211629056	93.7094519249034	121.78446626159
ARNT	52.0305097600001	52.7691436998018	50.1653187349136	62.0658383311869
ARPC1B	45.8286608243623	50.8885912926521	46.1186990106572	67.0354630502852
ARPC2	844.378096883566	1136.88718519495	906.154246643608	1178.44455677664
ARPC3	514.840109072569	658.674906188322	716.852668648701	931.498145719706
ARPC4	218.784626006559	296.382917929797	220.924942070469	283.298024676841
ARPC5	131.794889273382	175.486080827642	144.62412707416	236.015308182626
ARPC5L	42.7036849932582	45.8431212012562	48.222067496218	34.0186389128699
ARPP19	74.8297513593126	75.1970932729795	85.7237462506012	67.4279742924521
ARPP21	1.69920512032526	1.71156624473704	0.827155439263794	0.660729162787872
ARRB2	171.305474792459	211.920717554704	140.543308316156	235.360773708293
ARRDC1	60.1011942254958	55.8988888898147	61.7955966801033	82.2922188105625
ARRDC2	99.0354776855381	65.2601334163645	114.919642762085	75.3649953366161
ARRDC3	200.562296339333	263.648395926593	161.240165464722	129.167758228313
ARSA	39.6366778804981	29.6315857438529	26.6822758441957	30.137355826829
ARTN	0.460361649989351	0.526271684702161	0.338169595818125	0.215816690891135
ASAH1	96.885723345716	144.114057550502	152.483569088525	299.287442552675
ASAP1	34.2146367108458	28.9674159937974	30.4465921310029	37.4392337207677
ASB1	14.8294134791423	10.4666597698225	10.0164251470932	8.10948312114606
ASB13	17.6766775218712	17.2649449113616	16.8612560132582	32.9382815797251
ASB15	1.59603585457725	1.40914960637941	0.821636733981116	0.769880867952243
ASB2	3.59257770216755	4.72194598685295	2.15678618448072	2.00407976071795
ASB8	80.7595424801121	80.2628395610399	67.454439052311	69.0231549380534
ASCC1	41.6063653221232	37.4766591253491	37.4350662793867	31.9323556355611
ASCC2	110.906784192952	100.977126177978	101.307738599577	107.782761120366
ASF1A	80.4090755914442	114.582709162229	59.5925511750396	49.8978515665053
ASGR1	9.34497438181644	18.189767393275	18.0635517639346	48.378643365959
ASGR2	19.1117409523588	37.4237175443596	37.4011311828139	99.0975561768771
ASH1L	63.7884790883297	58.0133137788653	47.905784491104	36.8236904021315
ASIC3	5.35663052360799	2.9898818980076	2.4187661363484	2.05325107370845
ASIC4	0.852546713197836	0.985712350286673	1.691803312551	0.714349075038046
ASIP	1.25181927789041	1.71220264566906	1.84408033354471	0.96173647029272
ASL	12.7265651147751	15.3864390728151	15.5894078243592	19.3044461785551
ASPH	14.1445721096544	13.0238894851479	13.7287882724983	15.7732850634572
ASXL1	54.2241150123856	34.6793955735331	41.7165293795079	28.5732156027808
ASXL2	20.9846890909758	17.7853315418825	14.073471882101	12.6743093113981
ATAD2B	28.4043492283158	25.130279810617	24.7434951645912	23.0113127157405
ATF1	41.2786969356713	44.7948003726118	36.9476057272084	32.625318779021
ATF2	52.991971393307	56.3896680299762	50.4381313933053	46.9821286933063
ATF3	19.3810954922982	32.8360043906945	31.7502840316983	42.9487289366836
ATF4	189.449931384196	158.266437199505	190.435067181337	173.075928552187
ATF5	5.65046875256216	5.10286706320263	4.59125862344388	6.29476498882319
ATF6	47.0381259301593	43.4960522592002	39.5010070627107	50.5601414592689
ATF7IP	137.17161899133	123.993018344098	159.328262170454	105.05485337479
ATF7IP2	53.6521174558713	46.2309038636232	36.7935724066084	25.2566480376654
ATG10	13.2743898643507	12.5380007499043	9.36231380833283	9.36548079710409
ATG101	25.9960623291815	25.1679094114394	31.5118814058602	30.8319903858385
ATG12	71.6186730770686	88.8007968852405	65.0222744166378	60.225680980104
ATG16L2	62.174475690386	58.1878595045994	70.4490373336656	88.0382161416044
ATG3	86.6301974401978	106.26816733384	109.552833083343	171.505525083385
ATG7	28.3196078413951	35.9378918839379	34.1742432705956	62.1676379788623
ATIC	103.512798730023	83.5423003398107	82.8585979574459	65.7168062481292
ATM	173.473930416924	117.188056006124	85.6553927579831	72.182404411268
ATOH7	0.117992148864654	0.194727504494047	0.0719982555051683	0.0542031507093644
ATOX1	14.3073485794922	15.1387163118264	14.0976479495236	17.6689357947583
ATP10A	37.205432873844	20.490831002157	9.94973875807578	12.8953846832933
ATP10D	12.8867350938993	14.1302357466269	30.3474468582043	20.0064874711656
ATP11A	22.0631024928527	18.8929007250431	21.5782060189712	30.8075545364018
ATP11B	55.5727210186696	42.8503322047211	41.7346877553809	34.2713965365067
ATP13A2	26.8066787995584	21.1511512215487	26.1836730789221	25.3110780079156
ATP13A3	21.4634433844073	16.6055293880471	15.1653238934682	14.083599350698
ATP1A1	112.792136001434	74.2668639551133	49.9743123012185	63.1795448850441
ATP1B1	8.8560091907286	11.3090055350539	5.15155533798494	4.57792162897894
ATP1B3	107.990652541265	151.042631038592	135.86315745979	205.655015456336
ATP2A2	19.4227478164017	13.4002581163844	14.1419958953355	12.5796666149622
ATP2A3	190.588729656288	114.183341071221	205.442171354691	113.105216342968
ATP2B1	60.844093413451	67.7241583512754	98.0562612171952	76.7975814849857
ATP2B4	43.6240210339195	56.3667210742774	24.0972805516897	29.6342002470373
ATP4A	0.384414537522256	0.749308868374341	0.452185263648011	0.236197245491388
ATP6V0A1	29.3846470606823	29.1835038705181	51.4246468414712	58.0828149259457
ATP6V0A2	26.9725967676057	21.6722952831312	19.7911583034169	16.3847854725049
ATP6V0B	106.596843237382	157.497048983172	167.978705581102	279.5426351089
ATP6V0C	11.745275849426	8.41043251568648	9.10906394257414	9.7219707052086
ATP6V0D1	101.882212728867	153.894883391056	170.286777061039	303.361414782707
ATP6V0E1	244.014792150653	326.543441973549	296.087267163613	393.964736671391
ATP6V0E2	47.6619066893558	32.0333496167719	20.8639810472554	20.0721227994386
ATP6V1A	55.6269111063428	86.1242347431007	83.0445021830166	155.89621523253
ATP6V1B2	62.2276589862141	92.3002065460596	90.2183202838125	192.244964252438
ATP6V1C2	2.27018260001233	2.451535601398	2.72283740928891	1.58947718488398
ATP6V1D	61.4245217066538	81.001087856034	62.3423302548058	92.2048005847238
ATP6V1E1	132.969372432035	166.774063265018	149.047956428613	187.428681821208
ATP6V1F	193.149205478678	261.766380224301	270.864622484683	353.78478852513
ATP6V1G1	255.202942077601	295.925384871182	264.520929357561	257.397000707063
ATP8A1	36.9102194397239	36.8885267216973	34.2263122567942	21.7607070916687
ATP8B2	67.393708325854	44.2063780067752	25.784258263335	23.0948069507732
ATP8B4	2.61793937375219	4.18194300999404	3.36592520024421	7.4590059143684
ATP9A	1.43823848754751	1.8827362249066	0.900558878658564	0.679151270565882
ATRAID	197.545128910144	225.717746105894	210.577974920243	221.158837713862
ATRIP	10.5969254575473	8.59972729463414	10.3390648778507	7.48709112990071
ATXN1	16.0031184867084	26.1643710955507	10.9201922331324	12.554752286645
ATXN10	92.4106675207062	92.2586571527927	91.0806329129576	96.2781849274835
ATXN7L1	29.3112423953907	26.8041787833564	18.4360153275998	18.3325310666642
ATXN7L3	38.2932752946674	22.5329782174715	33.0528113208088	25.0994286569842
ATXN7L3B	65.2002927813255	47.348166277457	49.0751285480434	49.9661785762099
AUP1	333.295703519881	378.727428630363	309.255162885285	305.131260420673
AURKAIP1	99.7034500758442	104.991158777805	115.771373036581	130.897701277249
AURKB	3.96035651759447	4.57999486017568	3.00580363283679	2.42583119594872
AUTS2	11.7151259978522	17.6242513220321	13.2843693111677	7.05382170547642
AVP	0.388255313621037	0.594684707379373	0.268560921269446	0.177500882892532
AVPI1	12.5924396623696	15.6630166612956	11.8965374687305	10.9727435592244
AXL	2.84023671316855	3.54228676709188	3.11528120416004	2.22338264424335
AZI2	17.64090084737	21.938332713087	17.1061550018638	28.2572530225591
AZIN1	94.9841796846372	98.1064193863368	99.9409244587733	105.361402240744
AZU1	1.51682446135595	2.36526939063303	2.58631083401213	2.8078125889595
B2M	11602.8548124239	17640.2494455218	10840.7686115616	12507.1319100821
B3GALT6	16.8020617318233	12.8521115487647	24.6626958663095	21.0089445096424
B3GAT1	2.01164240764886	3.00319410437026	1.93432792714001	1.08991684542994
B3GAT3	70.8446677580072	61.055033524236	55.5226617593686	51.5137834221646
B3GNT2	43.2564862510931	43.0074554777475	54.1845549322829	41.9567662596199
B3GNT5	3.25863475216055	4.83936409679155	3.36002873255544	6.53609849016808
B3GNT7	2.0980526295342	2.80457905874051	4.1463556029988	1.7804325529397
B4GALT1	118.653521064975	169.295412512175	142.089171066488	111.894184104643
B4GALT3	67.6325965080183	69.6448943760157	57.0428548332785	48.5256057778799
B4GALT5	6.80078010772507	9.20468263918013	7.69243638045718	8.40940020423457
BAAT	0.990337673146332	0.847189097257596	0.410926515212375	0.360780168705059
BABAM1	64.4038054898703	66.4312521854947	57.0566658429397	59.3246419918167
BACE2	3.19728887439326	2.34969083368379	9.59546087638115	3.63050520471543
BACH1	46.6969806283235	52.1951398740179	90.8760904784221	103.409534814974
BACH2	53.1022361381119	28.2420920978941	67.5922975284082	32.2340589231038
BAD	25.7262892809487	25.1279812042087	27.9504684184719	29.4698514333916
BAG3	41.1043652818076	30.6628735097494	15.7685482996916	16.6700912444858
BAK1	34.9891289183997	40.4739388044998	35.4599093626029	40.186549210033
BANF1	83.1732060343093	97.9480847319018	97.5556593920138	104.867427807139
BANK1	109.377352372406	74.1656643958632	387.083797009801	145.067871923642
BARD1	10.9302891905478	14.1975718242774	12.6695603553174	8.14405330044797
BASP1	32.715744515423	33.4753293639722	90.379983865511	77.7517526417723
BATF	53.8409096403738	74.6469133563684	38.5804413981612	48.2352912880859
BATF3	1.62353079684432	2.41239484027411	2.08011205848018	4.20646381998324
BAX	57.5258560343644	54.8161969363243	73.4382886261007	70.0578958220237
BAZ1A	57.1397200733997	53.1073118735887	48.669121963787	45.2933552370333
BAZ1B	56.9407707769268	43.3786389497389	42.1543051975352	33.3527324819413
BAZ2A	83.7779353360641	60.8895547156503	83.0021992840055	61.2876167886232
BAZ2B	30.6123806895064	39.9342102664137	32.5016756359908	38.4067009756451
BBX	61.2171922441283	63.8336439130468	61.2890632206982	41.904229543312
BCAM	0.563340082434713	0.862436296231532	0.701109455327007	0.376642254942343
BCAR3	4.16452633849057	3.11256397048214	5.30380877177412	2.73086966519262
BCAS1	2.44776747140216	2.44951780828091	1.06791227055992	1.08126510962286
BCAS2	171.553746505629	224.054506305552	197.465613596712	137.451050713335
BCAS4	51.4027131761006	34.8333409030018	66.5498677962872	33.2695036918351
BCAT1	3.24616635745839	3.55878205678952	3.04204093200101	5.43065836494051
BCL10	57.0401738445509	78.8239818357274	73.5129807358834	64.4551547623863
BCL11A	51.6179525687427	37.4767402175249	161.478887052128	71.6875496892074
BCL11B	127.442713802842	82.533616850677	33.2863075495509	38.769415995029
BCL2	62.0415587789044	34.7395987681211	42.8993024324378	27.0650017771985
BCL2A1	97.4148268896331	128.291466136822	170.160721801647	223.926189699068
BCL2L1	16.0886724831977	18.973321684487	16.1048049796909	15.7168252094858
BCL2L11	27.4981435245656	25.4654530168469	37.4375918959025	29.4705051136777
BCL2L12	9.50146850436245	8.65131669937732	8.38504463309612	7.38226201506078
BCL3	39.2710029634745	28.4610777562367	49.1589909127247	43.0790990398385
BCL6	34.2932629020999	46.1802350019669	57.66632320024	75.6918022362389
BCL7A	14.8534862801866	9.54803351668765	40.5243747464689	15.7498875212113
BCL7B	89.7823133139952	81.9556813998404	116.094666704743	103.760066527492
BCL9L	54.1610934675104	23.8358064613594	15.5074639896888	17.0276728742821
BCLAF1	120.77421913212	111.892519216399	108.33322243093	83.0855787139049
BCR	35.9353955172422	23.7609741222566	22.1198221928786	19.0653689551432
BDP1	45.8130096151544	38.0305909711995	34.6528372989138	25.4356129394225
BECN1	65.8337141362819	68.6286415538602	66.1407917124003	70.9003473951218
BEND4	2.09636100644826	1.58217813769429	4.98500226056042	1.99660622431975
BEND5	15.7002597881262	9.27992212120934	34.2382405305057	13.8576409022422
BEST1	5.42928339676567	7.21476033778748	8.36623944339744	15.5909058361167
BET1L	86.0640023389632	64.1843877230373	63.1457221758846	58.3435478958632
BFSP2	2.12352608570343	1.95490369877784	1.25403007653622	0.874499306901789
BHLHE22	0.154608525752956	0.200786320337157	0.251452251970077	0.117406342247366
BHLHE40	35.1912777662489	59.1662165249741	44.8326785909065	46.9366948473341
BHLHE41	1.96691897924935	1.31623470914476	5.71261272280202	2.17701948687387
BICD1	8.69326181579175	6.88145150011402	9.33440331422928	5.24329646401071
BICD2	33.6160166013343	29.7181166022299	49.0105235907932	46.5714851319928
BID	54.8263985242194	81.3616319760799	70.4743360861919	147.868031329527
BIK	7.70186047920124	9.10564534283608	4.92862782429095	4.79387295764499
BIN1	76.7871863963992	59.683127057213	60.8939792249899	38.7934644678545
BIN2	470.057506651847	528.408522321685	323.416674148773	453.9362434464
BIRC2	82.4454414298399	83.6106157275492	74.1508853876916	81.3742370919648
BIRC3	111.421855084861	96.5036821577523	220.550125906616	96.246658956845
BIRC5	2.2478025736132	2.86808476392573	2.20681674829893	1.26881525835873
BIRC6	52.9513521082703	44.0576164623415	47.0105870384218	35.6702818702926
BIVM	4.79497464001289	6.30034405143554	2.91937140385151	2.36133851262408
BLCAP	71.4367130503449	67.5697083667642	90.7869883081765	71.9142245237101
BLK	77.6622189794667	54.0149537983159	252.866848209703	93.9819682217742
BLNK	33.3798032694829	22.6117718218428	110.323911402687	41.7007795993756
BLOC1S1	30.5200611450887	36.1114576713898	30.8983348193763	33.0629314934526
BLOC1S2	60.8336249641704	77.0009029703927	102.740932219157	92.2415926832458
BLOC1S4	43.5768447210664	33.5733801501817	63.3258315700948	45.8966592905684
BLVRA	72.2570134248894	118.421757837818	100.057464373288	231.446425575448
BLVRB	41.9122447683128	72.8921717570223	74.3530556910672	175.683221412027
BMP2K	7.11527107911142	5.7785191576097	14.4243818679963	9.55899168522947
BMP4	1.20782525391903	1.32184689560673	0.776407243857874	0.648949687745985
BMP8B	2.29585677137162	1.74872530983124	2.27501684391245	1.59529709321705
BNIP2	100.921618375197	107.714854581023	114.581867906342	136.228026071262
BNIP3	35.9076936872854	24.6216570834241	22.8201306871504	18.3716858173499
BNIP3L	130.833126544439	155.190664627077	164.587351003487	236.616125662361
BOD1L1	52.8555608371675	41.4033412898998	50.6730521499603	37.3154361540212
BOLA3	3.98553899878447	4.00309068047238	2.44761574405367	2.0737462825086
BORA	10.4487919023224	10.5066312376019	8.97498767567958	7.94461808637017
BPGM	49.5884086820011	66.7588576009403	40.1163128143477	38.3151124050593
BPI	4.02743396199288	6.52545389911862	5.95070918788339	12.7427553137657
BPNT1	16.8283986616876	16.5393697541798	14.6764799343888	13.5472573486127
BPTF	70.1940674362572	62.2910201032768	59.4184654944382	39.1594479522616
BRAF	26.5652661262709	24.0792974625443	24.406392226158	16.6187051909447
BRAT1	43.6199573129969	33.2008288634254	37.8518133784713	44.4940195144914
BRCA1	4.1361790131777	4.39616077999825	3.98374456685163	3.39770728271452
BRD1	41.6555847156983	28.8565561498549	30.3195983238498	24.5598530444281
BRD2	142.011430859508	125.433584014323	152.120620906184	107.627102250563
BRD4	71.1471937951525	52.9211828077548	61.5885084567496	42.7000125525534
BRD7	35.9013373757928	27.5622604521194	26.5941708281144	21.5447495763191
BRI3	11.7207277131103	11.4394399712268	12.5987114494645	17.981091211222
BRI3BP	7.2767946351441	7.21942605016506	11.4821605335822	10.0846379374642
BRK1	243.998012128146	311.350169088656	276.083658741581	333.320807987869
BROX	101.184352054862	168.499431395151	92.7656331078873	89.9496422271693
BRSK1	1.19247276060925	1.24636270771548	1.08523306404397	0.644774921478238
BRWD1	33.2845115437475	28.0987279476034	24.8104188266181	20.0983463252369
BSG	180.091583728022	225.710464168389	210.31054545686	319.16410542586
BSPRY	2.15620083750242	1.75910059308168	2.01634869485084	1.135253423851
BST1	40.9437176284203	78.4947573054262	79.2201541049647	209.927966020815
BST2	159.854579019007	199.991663032478	235.617824220883	323.749973622427
BTAF1	70.7113831347057	51.9522428967564	55.1055749340275	46.9468791146125
BTF3	248.922620659371	248.632635966094	225.797027624934	220.099591398959
BTF3L4	38.3015078685536	42.4121471215615	40.3698782120941	46.9868499358476
BTG1	558.730824002046	395.694036367393	775.01545770884	444.418291864014
BTG2	509.303591658636	415.828693432584	661.447671175386	570.346773059783
BTG3	28.8744334815599	39.7858968089074	30.6265074795822	19.591427384284
BTLA	46.8424456610549	29.3669021977284	93.8314077008559	38.8730127514094
BTN2A2	22.449336643432	23.659330084606	41.7901809377435	26.3838441538789
BTN3A1	185.601261127261	182.176180967255	104.574020834483	99.6044837756427
BTN3A2	165.445316942449	196.826632475558	109.700299601591	94.9183904922726
BTNL3	1.07056491282298	0.9254618548917	0.457671939823033	0.403291252490973
BTNL9	1.34052683643208	1.29923338479466	2.45939227116713	1.07698673689966
BUB3	93.5847357410319	118.432235223248	72.9011766317646	60.3063171423548
BUD31	89.0124242376933	102.31572933809	92.7504871827263	99.8298223064154
BZW1	74.3724181208047	98.9682933608099	81.4960637397309	75.1774509963124
BZW2	70.4069861338571	69.0396812418792	58.6916392873258	65.8799780922414
C10orf53	1.24072625106831	1.08453606322878	1.19887505953358	0.67629326369772
C11orf24	30.8923346431229	26.5214557687714	61.4570088907219	40.0144674038856
C11orf96	0.701617720611948	0.719594205801825	0.66797301997659	0.374575505419199
C12orf42	16.6405529504677	14.4249881153045	25.7270815404571	11.7579153699841
C12orf57	90.0114661032286	62.4570948544071	47.2595678964611	39.0519350386235
C12orf71	1.74108152898097	1.49274373609022	0.767460522535286	0.633435886180919
C12orf75	61.9344570683177	114.814840722775	52.053383190474	32.1343064257886
C15orf39	18.9588709073353	19.5952936175946	19.2490804896336	36.8446442828073
C15orf48	1.27237788311322	1.78463305217457	1.23073604158215	1.84663619131318
C16orf54	278.166625063174	364.240379736169	183.389484427148	180.399898775936
C16orf74	19.1756634301635	16.3859020255965	45.973355119162	26.0801002998031
C16orf87	7.38584888882576	8.56836692354666	7.18179406191864	7.23844906014607
C17orf67	10.7266398511016	7.81490608246942	7.66427063572316	5.42151785291156
C19orf38	36.0492586474018	63.9848797522953	66.4937937013576	169.153391487359
C19orf53	170.781156961666	188.134779656869	131.121685537426	131.918987212403
C1D	23.3128604847007	29.4940555293718	24.4816893397172	23.8704404556036
C1GALT1	39.6511068194039	36.7957139268832	41.0344564810546	34.9711048832796
C1orf131	34.0336282004317	38.4077234143604	25.9583870155839	23.8199670928279
C1orf162	133.035433510784	158.044246862133	191.997775916331	310.412411213815
C1orf21	5.22299050844902	10.9900720567988	3.58384759746747	2.64105800710108
C1orf43	168.934941825313	191.769962912736	190.349001306923	242.944365772075
C1orf54	7.46774078628	6.86108727631075	4.68314872623753	6.42815354127672
C1orf56	28.7494425218794	46.9059340351213	25.3659172179308	18.4922010759433
C1QA	0.908041022029143	1.3360375238681	1.56365763558822	1.60040002385766
C1QB	1.53823619760772	1.61633274989529	3.04608684170042	1.85104094495064
C1QBP	190.688225289224	142.868539155777	168.128542719517	179.88355849155
C1QC	0.501284288694215	0.806243336577059	0.785827513991944	0.749458629827463
C1R	2.56450289224106	2.07568865049314	1.29423656905801	1.10985764824852
C20orf144	0.750156948977499	0.723832724825695	0.626537535981524	0.398145128376315
C21orf91	27.8979303448028	31.8568076197724	23.1975290553787	22.8043232425478
C22orf39	35.7548067141521	31.2535983097975	35.9920522209238	33.2253252034028
C2orf88	3.67651703566711	2.81668769196283	2.90245679927356	2.04956943776693
C3AR1	23.5536390790269	47.3539301329203	38.6059276162598	92.7925874548324
C4BPA	2.63346530034038	1.99109056217044	2.27101278273944	1.37463505319684
C4orf3	159.238794887845	187.132218752883	150.27220364263	172.693873186994
C4orf33	6.62604158549787	7.98541615594328	7.98658611956673	11.3054117378726
C4orf48	18.3916346748613	21.8315936836022	25.3434965064019	39.6844728815011
C4orf50	0.532880853168443	0.810543349414786	0.580280370899606	0.317166844846957
C5AR1	41.5114743240329	78.0861715727963	80.2210816690147	209.117101912181
C5AR2	0.863029100722686	1.44038590605519	1.34993261886957	2.43691428280291
C6orf226	35.8922996126287	41.3288180388594	37.7142476697259	31.6851605116707
C6orf47	31.0058849837962	28.4138334892353	34.4170523336133	38.3745899418314
C6orf62	900.166033276276	1341.10286500611	795.854812211713	713.943459780078
C7orf50	46.2979044422905	41.4387671327203	76.923629977925	54.7405676864168
C8orf76	13.8958835803549	15.4236009173844	11.784390206636	12.8429825143723
C9orf72	60.8505827403079	75.1103387985981	76.3807090534984	114.470114312458
C9orf78	235.602901794319	259.727044535609	178.223945587908	173.735751855145
C9orf85	11.7893323839929	13.1972667561516	9.35893878672442	8.73772868574643
CA2	15.001211811926	26.5029121340412	24.9423584925369	21.5101469566335
CA6	15.4797140259415	7.89799064811672	3.55338228968371	4.51320169510484
CA8	1.62974311225262	1.34186128892481	0.7334705630807	0.735856009185059
CAB39	104.565310138946	91.6194001253307	83.9939314164346	92.1147047017722
CACNA1I	9.46350062349686	4.63250311401645	2.52685642376904	2.85587983803478
CACNA2D2	3.95314348715295	4.50669971062481	2.24142998418557	1.7520714780813
CACNA2D3	3.8476797378718	6.0559506456149	5.27936152408384	13.0994762917169
CACNB4	3.96683934382867	3.47911566030926	2.29965905199261	2.4491595545921
CACUL1	30.8547967215402	36.6813275294784	28.2398494963592	34.9282733749474
CACYBP	128.89556650623	207.545564865383	105.601658672274	94.4750631443769
CADM1	3.33330383460261	6.41043827282381	2.28042010069202	1.56425386016851
CADPS	2.49989378821824	2.33872999523683	1.14234999595766	0.928351192521488
CALB1	2.1883220551575	2.34036698898762	1.28216295113206	0.92776926969247
CALCOCO2	140.609951734501	156.935887024873	146.755810130639	198.339657659868
CALCRL	1.70885982035198	1.72012501411825	1.36767559594268	2.892051597614
CALD1	2.56591089997369	2.63580975430549	1.08516302991725	0.945787988256898
CALM1	503.909434954771	567.515385537515	403.321219650949	390.035090539991
CALM2	268.437343088419	379.025699851073	338.746233177667	513.678250039416
CALM3	183.277713719757	119.017845716996	99.4571944246976	119.891563470549
CALN1	0.558142014212776	0.636294733842832	0.363006060546828	0.249338035970272
CALR	317.103189999233	256.945064585391	252.955593545329	249.534533256066
CALY	1.07685061203708	0.99475707281831	0.868671725872769	0.540245387375879
CAMK1	6.63426452916337	9.99892718979742	10.4309291012189	23.0943015736598
CAMK1D	25.3617056861852	17.2968253118015	34.3321963393291	20.8046560135282
CAMK2D	44.7051245551362	40.8032442782038	68.0489976096969	45.6102386543906
CAMK2N1	2.56804018083452	4.33017146973853	1.80251445837037	1.21108821190048
CAMK4	77.7076138214435	50.295107981695	20.6571509005586	23.7521438586521
CAMKK2	23.3848996017713	29.5848676884262	30.086182182717	62.18329266688
CAMKMT	28.2611023047215	26.6440574260779	19.4793479535638	17.7909509675931
CAMLG	27.1248858424769	26.5007846836543	23.5703405672534	20.5324765258122
CAMP	1.79277699020238	2.24271860278764	3.07844791253021	3.65959627694651
CAMTA1	8.29821405787102	10.3129160185331	9.07398589240968	8.66670128726257
CANX	151.788423970811	179.646342814755	163.900044001832	232.596010443758
CAP1	555.616088647698	727.963161338227	576.078078078279	753.767552363887
CAPG	180.516571556999	280.617972746364	374.976354528057	675.979992925272
CAPN1	116.902550819312	121.764291227118	145.803575441011	181.071321510174
CAPN12	2.25601083837947	3.22087251748447	3.06586437281352	1.55496169860722
CAPN15	20.0769355618997	12.776362686065	13.85991071705	11.4870605713828
CAPN2	163.301292081705	228.315469395061	171.686927337045	281.791867613397
CAPN3	6.77451888705943	5.10247147016427	7.31753643417947	5.59361383019324
CAPNS1	92.2824124314773	78.0430982617578	94.2670352447082	104.127039272043
CAPZA1	664.666596999352	1187.30472027796	702.636066264727	713.268599381312
CAPZA2	97.5406265611899	141.658865595678	128.162304459399	211.602225062493
CAPZB	158.034954764	155.99010205669	131.643326836787	153.982077259952
CARD11	86.8358766054813	53.9876008645958	67.1797743261583	39.8110590188065
CARD16	123.876611780991	230.105516994686	160.007530837904	265.141510796417
CARD8	103.431294584812	103.940576845257	77.417346172184	85.6869465173838
CARHSP1	23.4418462379536	19.5447522165587	19.0975303833693	15.8084142577866
CARNS1	13.2309378545824	8.08093352341103	10.3097374875009	6.13338924346271
CARS2	61.1815327578786	49.6899838902397	61.9946082149643	77.6971252527078
CASP1	160.13853691118	292.514879709579	198.712397666138	357.812671150782
CASP10	34.9730404180271	25.8575311405353	20.7714512808461	30.8156932536482
CASP2	78.2319761260079	101.544439317848	63.5175400031491	55.017258766553
CASP3	29.3069248624163	40.152670037139	27.1693097839578	22.9679891365859
CASP4	83.451661359834	116.3247926295	88.6009736031923	110.978479335356
CASP5	2.70683815730035	4.35710946344978	2.6021283147853	4.65867717174947
CASP8	144.895262237256	186.165785913236	106.995451779162	109.520880153429
CASP8AP2	40.5014357603604	39.38516159727	29.251825783145	22.3445569867132
CAST	124.364362582815	142.522994588629	125.911079519111	173.397168847928
CAT	167.676007405621	214.168946823964	246.525904641607	371.753053241739
CAV1	1.58829143824542	1.18654567004958	1.43572262998062	0.795501554265315
CBFA2T2	24.1340356866423	19.4815848028324	18.7312188008952	14.146806566972
CBFA2T3	7.99884400263104	8.05986133991933	20.6626204817875	17.6006689343926
CBFB	87.943367258059	87.0818041474134	102.044067155768	82.2134319923713
CBL	32.7478814363489	23.6075581612091	24.5408372263216	25.2539331413943
CBLB	62.8829491751367	81.0050039519231	46.9671834346152	32.220800861122
CBLL1	61.1752651121889	62.2198076189009	56.8834432579618	46.1446663381739
CBX1	37.0186405151116	32.4324342711541	33.3696562978884	32.168338706383
CBX3	167.725777142338	163.816721448723	141.289104612779	146.000195978743
CBX4	45.1547138046941	27.1802110175472	36.324377122035	29.3213317171841
CBX5	43.8159290741576	36.0099166355423	28.8914190247313	22.0125241132508
CBX7	45.361395482991	32.3151003579369	35.0660189906942	23.5139779062294
CCAR1	104.868293156063	96.6656050366767	75.380482089761	73.7646539010866
CCDC102B	7.1187128291434	5.134695665314	4.00319060357472	3.01095336060323
CCDC107	17.7304933677665	21.689591858866	16.9964605033313	14.8820406642384
CCDC12	60.2927670966484	71.8626037113035	70.3005693641393	63.1627064932582
CCDC124	63.6082384217312	75.9882904904139	67.6016154886761	71.299569418875
CCDC126	22.8160659255287	31.4643810221903	23.9461891920783	26.101586164757
CCDC127	5.26173792834087	4.80872920133095	3.84547572125623	3.49298804685387
CCDC141	22.1865033297664	13.2658642539805	14.1457015508849	9.24237494174556
CCDC144A	1.12781047705807	1.13795070801909	0.449964677288378	0.430657608585538
CCDC167	76.7369277431256	125.777016221224	57.5963274199505	46.4489656912043
CCDC186	31.4008161197303	32.4139217495036	24.1043781125163	19.6840573487944
CCDC24	1.27521661168434	1.69549852063222	1.96340957717724	1.4352429266009
CCDC25	32.9501666160912	32.4567868693881	28.2059254112398	23.563701462454
CCDC28A	83.273215423551	113.698350486056	82.321186005784	87.0616986002858
CCDC28B	8.69632215032087	7.56501106800341	6.75385957752595	5.72819720880373
CCDC50	13.0564798513781	10.562829956178	30.8017195957294	18.7205187659797
CCDC57	34.7452633348716	21.2724587848179	13.3908731697586	15.2331155024846
CCDC59	83.7604009900273	75.6612860325149	65.922409870045	57.7385853571401
CCDC6	24.1269322664226	19.7072218777211	33.4496169998474	24.6530778420002
CCDC66	92.2185508597496	82.3419581470789	45.7922959001151	41.234286261344
CCDC69	150.38823480498	136.75323987381	170.419546147199	190.778216218569
CCDC81	2.96201557311918	3.23529168463347	1.39684043525696	1.17622874952562
CCDC82	32.562571147848	34.8074877305549	23.5369777300781	20.7336165042206
CCDC85B	62.2090073437394	45.0760032065519	72.5662982920395	59.5334756250291
CCDC88A	13.1260156794165	15.2617258382297	13.798340854318	24.1895276627266
CCDC88B	76.5037491162495	50.5158157827271	67.2236791495327	53.1689982659039
CCDC88C	110.064570469511	74.8816863834403	62.5952906970619	53.2794050506427
CCDC91	68.2979059132689	59.5973231675176	53.3667874442868	43.0524944669195
CCDC93	38.1907878398161	29.9135582803497	31.833418509126	25.7664778837294
CCDC97	52.8916880631608	40.650950008275	51.1179552900658	43.8516708462359
CCHCR1	17.2402564257229	13.519870410024	12.9870514306716	11.2940292972417
CCL11	1.33460789315303	1.31395358511223	0.463039391202446	0.452137335111584
CCL13	1.48712808585198	1.42074912150576	0.850990425594115	0.615782178233674
CCL17	0.989787084443358	1.19982253643467	0.977359896286569	0.551077269665619
CCL18	0.886803652747966	0.932324018923631	0.732794284515769	0.430394972429435
CCL19	1.43080496635331	1.54461971743851	0.640642387159454	0.787987654362341
CCL2	1.24908052787188	2.14926451713387	2.51924959626428	4.73402778176039
CCL20	16.5645676877655	32.4201830460209	20.7458290013666	39.6732613028996
CCL22	2.83963641843856	5.10977208415391	1.81959543539537	1.36827989444562
CCL23	1.62095407083494	2.63103993957395	0.978028966802054	1.02777470321903
CCL3	47.948136599952	100.786813034955	76.3670111872918	165.220855479663
CCL4	164.887674312053	398.011576635849	147.819996924392	153.480181197483
CCL5	1788.73305120502	4432.52676820525	1351.66774299066	897.922427158021
CCL7	0.584546763916277	0.747302896399196	0.344631461973749	0.343005865678687
CCL8	1.17724596345709	1.62916011146135	1.41388390995167	3.16828144048465
CCM2	71.037647287351	55.5121913690823	56.1099843029363	51.8717778056692
CCNB1	6.64551862459187	8.46070716527032	7.33429175237267	4.51817391919662
CCNB1IP1	36.2691004722519	32.0814463751608	41.8999471089091	26.0346295804901
CCNB2	3.36719972573323	4.07169145694933	3.86666633785123	2.34877105380787
CCND2	88.9327960240233	81.428406393223	42.7574356943502	37.5533974554839
CCND3	523.682803416987	440.590280894929	450.018693097173	494.726489982631
CCNDBP1	150.756480218555	191.04020508755	155.055321786042	145.205325893975
CCNE1	4.80652360217809	3.35774702627502	2.09216822344453	1.77926360346961
CCNG1	175.608659489518	181.198533713681	139.720084866511	118.80498786725
CCNG2	21.7789697341389	17.6678502850796	48.2303282274484	25.8862922231287
CCNH	125.550322017566	164.842086654827	103.110407595774	90.1962613419301
CCNI	413.2174303714	352.594005088011	449.219420272835	387.298116377346
CCNL1	299.242973116844	279.821053037333	282.068223618678	256.284260238225
CCNL2	201.186516007962	152.029265255463	130.225956535991	109.312310385501
CCNT1	33.2631275140595	28.3664181478429	28.0250757495674	19.1429683555163
CCNT2	42.5211696953362	39.6861368600841	37.4466124661938	28.2986320222831
CCPG1	6.5326268186925	7.68782730548676	6.62888142393552	8.36797062837681
CCR1	44.6928554737292	87.8848166628001	82.8734578443083	212.159766938926
CCR10	0.758578761002899	1.11531151412471	0.824127417210355	0.519737517585262
CCR2	44.3253267469562	87.721391342298	76.4239377849295	188.288865881954
CCR3	3.03559853104947	4.59187685043475	2.18348042446682	1.55113512681999
CCR4	16.0805747871241	29.4325104725151	9.73995015067696	7.08011849170412
CCR5	15.0859312703483	34.1073552163792	12.8731809480528	12.8261259286773
CCR6	3.88498301741981	4.44380173973594	9.7433473046919	3.87113068035265
CCR7	1216.3048586018	718.424526945279	948.934217009392	559.030058252021
CCR8	4.66225726414224	7.39375988676084	2.40295861070936	1.88974317406582
CCR9	3.71281078317636	2.98333084226091	2.95010381005941	2.06036659721916
CCRL2	8.75964665986096	15.4961633219565	11.9419368616076	23.3140290050106
CCS	110.104468686892	89.8968852653536	124.631594605619	98.3275124363926
CCSER1	1.98758767774651	1.52138054613469	5.15058964298715	2.11235571402497
CCSER2	51.4767418426073	53.958117860177	33.4355637533932	28.0467581676477
CCT2	159.979894113084	145.053056304089	142.661219115822	127.829819285509
CCT3	252.74418358517	252.847343399069	222.675717472903	224.895948868458
CCT4	153.626998977479	155.712803171725	130.915804733354	127.269841458859
CCT5	112.15881568393	123.130853231176	115.338854252887	152.026389766859
CCT6A	146.940860839324	156.851973916941	134.3526681174	161.53255216267
CCT8	270.429404459398	290.594433170261	245.31799010448	284.135851051281
CD101	16.7586347997131	26.6199263716964	18.1723701568363	38.9153831948323
CD14	448.864209816108	885.551224735445	905.885945473985	2424.11510019251
CD151	16.584782707937	23.5413553271026	19.9774832236339	38.1919166551146
CD160	5.96218365165547	9.46254231896902	3.57112126422891	2.71563044909081
CD163	31.2386999980558	60.9375000246179	62.2997133289235	165.320975054641
CD164	241.482742246926	292.868817378255	247.50098330605	302.801118964234
CD177	1.26494907367727	2.4803822447415	1.68395003499512	0.884919506443209
CD180	19.2050682557073	16.3279405455568	61.9441470301968	35.4060494777394
CD19	97.6100284457857	63.2337673426427	328.620133155995	121.333388169954
CD1A	5.01035845167868	5.53114828872544	12.0863187658112	11.1435248988757
CD1B	1.08135073066691	1.64834169118446	2.04126567372119	2.57889044861246
CD1C	11.9481098912835	12.5684976545957	32.3161660980628	27.3009263062466
CD1D	23.8106372006411	42.4627628443594	52.5495124320589	113.612802202424
CD1E	1.29892256899592	1.883451907713	1.86558843980752	3.41366895922016
CD2	471.467216542578	691.609755252633	227.521769881512	186.755892980529
CD200	35.788287925922	22.8713232080653	103.501730791225	39.3216595802323
CD200R1	22.1313130091827	23.6303107519281	10.7926426714817	11.563752790404
CD207	0.417254927891324	0.784740583114379	0.314952904005464	0.268292644695505
CD209	0.560874747576281	0.896628187508371	0.948566280174041	1.51162221176281
CD22	131.349733619247	84.6769666713863	437.651258411144	161.925207970613
CD226	15.6279065357152	13.5310882578435	5.22679116405929	5.29063072495232
CD24	21.7940255611825	14.4099188493284	75.7375358798928	27.7961520509239
CD244	47.9513663652422	80.9704298863435	55.853712875936	106.017772328058
CD247	259.466930352695	171.250758866788	70.4743004918332	79.9722645077363
CD248	10.0904264281557	4.90508873191013	2.56861682979706	3.06667291904423
CD27	210.103159406774	148.786174915279	65.7857154244478	67.5877690950503
CD274	5.64365105295561	5.98360496079858	2.92835327160186	3.1528949433257
CD276	0.599229225766609	0.91976154143393	0.569889502541725	0.378871679448471
CD28	111.516280410823	72.0369562508435	29.0807900615434	33.9293473268868
CD2AP	23.7025403274388	18.6889673809222	25.3753120383655	16.7631558375502
CD2BP2	58.0574608438151	53.0238483417829	48.4642555152098	48.3999107367403
CD300A	65.3577787346348	124.840059739302	89.6576787302872	197.248371292616
CD300C	28.6092376587942	55.8518235085411	57.4644238012114	151.518444903776
CD300E	60.7255065485131	116.372932712772	119.709390016623	315.562046814306
CD300LF	35.783350198647	69.5280032128326	70.7344364036667	188.162893080716
CD302	10.9123884397114	19.1241002587389	18.9507804149796	49.1725096243913
CD320	37.961712602898	39.8660116792701	29.0191220767763	18.2074277074274
CD33	13.4456851009898	25.8302111227486	25.9466947898944	68.6974285624529
CD34	0.603517906275027	0.646357510101106	0.370854683979899	0.270002797806375
CD36	51.5288264845707	99.4902114148683	100.699723371021	268.385210025601
CD37	357.445188583574	291.987942313687	595.364268295781	379.862898304235
CD38	26.5127090524544	17.0322593180086	23.4904443649973	17.5525753092998
CD3D	297.242459290556	331.160525559099	117.365512240212	106.114438249409
CD3E	516.878511290142	475.965999920686	175.115125420082	173.137520559471
CD3G	783.094722393086	1299.07183430001	414.115185611866	322.13192324834
CD4	376.985536074646	276.661270288045	228.325863261742	542.360607616878
CD40	35.3667788288322	26.6980589760358	113.896715511531	51.6162359506245
CD44	572.322218387779	638.460156674153	469.034917527925	650.994777023714
CD46	98.4118079020581	110.295956946414	80.8025723370107	105.353855197673
CD47	169.824116453941	169.348790179547	141.598273852967	118.983740129638
CD48	354.575914413354	297.694309458345	262.980457193769	330.717850708393
CD5	300.592320773832	187.254724562882	84.6804371161412	93.3035461602448
CD52	2538.11236491456	3297.14658718318	3385.08066100407	2322.96415746764
CD53	1032.08356569618	1242.67498392427	1282.66552411814	1464.43487262623
CD55	259.132046286931	198.860610368188	300.903374236044	261.041346569687
CD58	63.896962987674	132.688141203915	77.9315355889874	128.643581251382
CD59	14.3412790363966	15.3728261837575	11.1472692443692	8.51503497588072
CD5L	0.970611995261248	1.02323348858917	0.396847899212045	0.350495415667992
CD6	333.824108998061	196.124369870335	90.3465048754223	102.051577554217
CD63	132.600853987229	232.840935729609	202.711100571307	377.381820384518
CD68	0.569402413358896	0.911145578100646	0.972575399310798	2.03976514333813
CD69	1670.85198364952	1721.43146315072	2963.54674768164	1290.64041353653
CD7	168.9642546504	116.218654190018	46.728626415107	52.6545971782026
CD70	8.72333056815087	17.4476575286809	10.111646374041	5.33739461272921
CD72	94.6870798514286	65.9182724071229	312.53552246126	117.452110537129
CD74	3262.07379744756	3396.03564598453	9349.42083072609	6658.7491357737
CD79A	504.614100282149	325.668914334047	1704.16718311399	628.953433736248
CD79B	244.369154553024	165.449770593812	787.866763418509	297.89998380121
CD80	2.14937218874662	1.86378745287085	2.17817251858282	1.47863861179606
CD81	34.6288152455308	24.636235809141	46.8583565904796	26.1144309980862
CD82	79.5126235779459	78.6108392238274	135.961857454117	95.0459444735579
CD83	320.925541101941	268.635925933233	1070.34744484383	566.164082228557
CD84	42.9436597538761	63.2770263797623	37.5801134931956	38.1657097018372
CD86	43.6637767784929	77.7431335061922	94.9519957296685	206.411827776235
CD8A	163.216217104791	397.506585865087	123.354761214617	81.7143047126442
CD8B	38.663287898729	92.285188712795	28.6447028650288	19.1466706150733
CD9	8.94826217832321	10.6332800649283	17.3925485617781	20.5204959362222
CD93	16.5837350864739	31.2787712413119	32.2190234198175	84.0595410034885
CD96	203.987924462807	257.852147386882	103.679878201009	80.6202822889911
CDA	38.8490417301868	76.505082084528	76.8314948342792	205.858625648317
CDC123	134.016418452451	161.96254936826	152.501565743062	137.362622934572
CDC14A	73.8354571395457	54.0574299565032	31.4744627505955	33.1363662970763
CDC16	65.7612741446224	55.9205725770048	57.5012073363539	47.0761827627494
CDC20	3.22971619988698	3.49651628923643	3.84302414634295	2.08614532261801
CDC25B	137.867653147913	100.227235720403	73.0041749265814	57.4488727241947
CDC25C	2.15607816875519	2.59443776600064	1.56712766276418	1.01219994591128
CDC26	76.634529548635	115.189741816009	63.7410416964584	57.5242133168378
CDC37	285.183797599221	255.212290067985	220.651566686268	258.777619540881
CDC40	44.8605532469262	47.6434664362872	47.3669380008873	40.4383964137078
CDC42	21.1361099633354	17.0166535503092	14.6820312689152	13.3712137415252
CDC42EP2	0.213343578787164	0.337625333492216	0.374858377450467	0.779128456281164
CDC42EP3	60.363538493073	105.979712204414	81.0223652847405	165.167152109861
CDC42SE1	290.760581778035	215.424252791139	208.927375232121	182.235281752341
CDC42SE2	468.598628977701	573.791875637244	347.43474049204	291.915357498781
CDC5L	37.6671322008458	37.5992597647371	35.1192125944049	33.9619175796194
CDC7	14.6838286855681	19.6823038257544	10.6316345323074	8.53999705183464
CDC73	41.7875799774247	41.0601017750129	38.0818609788089	34.763208367028
CDCA3	2.33591956466392	2.61555023943706	2.0582261270752	1.4845215060906
CDCA7	8.13615142963928	13.9134954414085	5.31380447635746	4.4204552292744
CDCA7L	64.2720429877447	38.2711067123757	124.49698307745	53.4439721589573
CDH1	1.56740756741026	1.63437271039621	0.931800620782634	0.801158468244886
CDH3	1.1255850102095	1.15592027056652	0.79588658746677	0.526950647941729
CDH5	0.626917521749027	0.978255898855321	0.756208981172086	0.53750769252992
CDH9	0.988025807707211	0.935870865587019	0.386707141420035	0.347028129367633
CDHR5	1.90773423255	1.5627856240414	2.44035796499156	1.32957883505273
CDK1	3.63096813930623	5.18568905214419	2.70728098551543	2.61121448438151
CDK10	85.7146893206019	62.9789472641018	55.9460126867753	54.8610249825421
CDK11A	10.529967537015	8.1908130907206	6.83211793467603	5.67095385693099
CDK11B	32.3627673022577	27.6148795933675	24.2598198028566	19.1224669598604
CDK12	39.7493747672735	30.8927275018595	29.5081079036153	22.6433868102991
CDK13	44.6422872907163	37.5975988065157	43.1482445442322	28.3713590725812
CDK14	9.85171260325119	6.982621649347	29.5375417870059	12.3712077542646
CDK15	1.86938736543444	1.69996142770033	0.865036224797073	0.702725885593452
CDK17	73.9633871499336	60.1697065376602	61.2760269432805	43.9841498171806
CDK2AP2	104.928190027701	144.509323384342	122.17444718341	116.741265228357
CDK5R1	21.6363090371036	11.7526838393155	21.6663935111584	12.2274467073022
CDK5RAP3	66.4520131032698	62.4565887711223	48.316229035535	51.8232476953255
CDK6	17.0576210542193	11.3300679148512	7.95806200565995	7.15983904936118
CDK7	42.9658379491717	51.5863665488817	44.8854999437292	38.7194371202326
CDK8	12.7361977891375	9.89199578560652	11.1081152801834	8.31832451629589
CDK9	70.4912631724364	55.0225069253382	69.4204663767962	54.0020093191804
CDKN1A	79.3235579497198	90.5720427664358	224.54779845321	184.822528201444
CDKN1B	90.5521279805374	66.3303100892828	60.8852953698765	46.2905998143297
CDKN1C	1.60126199706008	1.84025318237252	1.60221896649571	1.16004289657584
CDKN2A	4.45797276012853	8.56523527358283	5.16408281468392	3.08046051083964
CDKN2AIP	55.759549262922	47.8757925311058	45.8697215082638	32.5090270015026
CDKN2C	5.36467159033612	8.76135680715698	4.3204421523055	4.82985606605919
CDKN2D	86.6336932053283	91.0443098573529	141.714873463641	148.217562706525
CDKN3	7.54469779200114	9.40923674784187	4.96017312912963	4.37428975816938
CDR2	59.5716494492974	40.980153778203	23.8204553353086	22.6927171794066
CDV3	162.513775457976	200.634359652342	156.166531203442	132.916654234403
CEACAM1	7.92782512712945	6.45069928925798	6.15782049743803	3.79741598449654
CEACAM21	53.1912561486253	44.9192185216213	28.6306996570981	25.8980310300689
CEACAM3	2.08282118838029	2.92857798763262	2.59625178785498	5.07933348441452
CEACAM5	1.87065234670874	1.43767659454384	4.43522017402988	1.77144029730221
CEACAM6	2.45269458583238	1.91425550699761	6.10648534338781	2.4246044810942
CEACAM8	2.50868444674495	2.44717188051865	1.76011562876147	1.12419998873165
CEBPA	5.18521345384666	7.95768810076151	7.91872810304426	19.6908473820738
CEBPB	33.9938274397834	33.6821536070866	40.9128015682185	65.7662250055742
CEBPD	54.931008860745	103.752136620195	101.788717686936	261.047704238951
CEBPE	2.19978899386306	2.20978774786152	1.93916965722887	2.60938622449188
CEBPG	26.8479343760044	28.8478580265063	34.0460460046451	41.1027413725902
CEBPZ	69.5391245651227	72.8920360129358	64.8877447700098	50.1226390672941
CELF1	92.0836864551941	74.7786555881098	76.619879569685	75.9014145825023
CELF2	132.650263789322	120.968911578237	103.412408043438	101.247872354689
CENPF	4.48004882208043	4.54680696907155	2.2753998403374	1.81518640300754
CENPK	70.6346060925499	58.5659936718902	27.0028703834763	24.8207342512792
CENPM	20.382105059401	23.6334767105629	37.8854978864133	16.3098770159696
CENPN	3.83641496106692	4.348758124995	3.80586472605777	3.14377649074165
CENPT	96.1221543917853	79.2373438615144	55.9314712682111	56.0458475184343
CENPU	4.87089683817366	5.79631692488763	3.47988654186277	3.1144167029157
CENPW	5.36770731595836	8.92049016996143	7.02910700870381	11.881328878188
CEP120	40.2537859271492	31.5110672531457	43.0675183439108	25.8591458945532
CEP128	11.694175064718	12.5145744455416	7.90008113739808	6.51937903321247
CEP135	28.4894733402675	23.2811033935035	26.3402153414545	20.2110641584468
CEP162	11.4790888858057	13.8066594691107	10.0344056176745	8.76487563603927
CEP170	16.7799473513282	13.8016621507868	18.0504518302185	17.2457631485403
CEP295	12.6300822639639	9.97512978284356	10.9548027800652	8.05960990973009
CEP350	44.3576649581508	39.953805280664	39.870078102959	32.5515637530424
CEP57	71.7969192409841	79.3829330384732	58.6791347897957	48.3778330183237
CEP68	49.9984411843657	33.9929857983535	33.9266476178204	25.5913050730916
CEP76	9.60644649893712	8.7335979382663	8.48330234225134	6.68077171963296
CEP78	13.7981122275885	17.9508472242849	9.66243431373296	6.99987301062391
CEP83	21.0931645250722	20.0415106887681	17.313200244811	14.2711580132689
CEP85L	42.5552016770822	32.1736753989621	23.6126634472638	27.3969888845325
CEPT1	50.0120659709972	42.5449866287881	42.9033993295279	36.6663377377091
CERK	76.6453293579779	67.0562894860099	47.5287991882022	46.6867545432369
CERS4	24.7276536718618	18.0421623031532	38.3868724073468	21.1051483505249
CES1	21.4234878442412	40.9631343394289	42.1190065501334	107.758225321109
CFAP36	65.2008333975454	61.563323586159	33.1740009907082	28.9811985036697
CFAP97	37.5163236792226	33.99897134798	33.5084765203381	22.7620275788511
CFD	82.344583354595	157.64295922623	159.992525524267	424.540785823601
CFI	0.775441017335093	0.730194382488384	0.324024935299735	0.28533007502755
CFL1	826.564614279128	906.287919884465	821.951673603962	1111.53831622596
CFLAR	50.0142805520125	51.7718166828491	37.0860132938602	45.7533477020267
CGRRF1	37.4141658046793	45.3053338207574	39.6241203506639	31.0844637601259
CHAC2	8.80124059119987	12.1578228266152	7.08237166969602	4.74225236971339
CHCHD1	28.7889477436815	37.6410027018477	31.9875243924626	41.4780345204886
CHCHD10	37.2940103661116	20.7171966118556	39.8667371818383	24.0047404526906
CHCHD2	377.348395441433	431.882520180829	391.910714466093	385.918886205141
CHCHD3	74.8902917831456	82.7875236797297	74.8039863412657	82.8116127311421
CHCHD5	10.0509435374234	12.9872198052263	9.62906553512713	10.4436580588699
CHCHD7	73.5267389931839	62.1637227612645	58.7794118820488	54.4261154196886
CHD1	77.9900396778085	77.1536612014322	74.7376576402873	58.9969236745743
CHD2	176.948320855341	145.4801312672	132.04516431099	96.6700568322032
CHD3	155.740243113696	75.9162754077117	51.8598573074427	55.3046787859126
CHD4	13.7265420341042	14.1640010390848	13.7822100539341	9.78290115423171
CHD7	38.0293579895639	24.6053452664586	43.4346393840175	22.2762930537208
CHD9	27.3153809786748	30.3959785218508	35.8745603607196	23.7249611202364
CHDH	0.460272465544331	0.569415732184008	0.424462390256089	0.263865755863126
CHFR	22.5174577511034	19.566042132286	18.8701152272168	22.219033406587
CHGB	3.70278407402482	2.68866705362409	1.08346017117804	1.16872597998666
CHI3L1	0.967375947576382	1.23102905048842	1.65900739299906	1.10304998944823
CHI3L2	93.5440661535691	58.3239820965866	61.0993684179984	43.2098831721856
CHIT1	0.836762374478708	0.854008852952617	1.11582485887156	0.603683924460577
CHKA	11.861653812416	10.0540915857268	15.6938399648286	15.8605365132068
CHML	10.467044052855	6.94433319774535	14.3093801887809	8.61198266972316
CHMP1B	93.4479697076764	94.2519735322862	126.524120085313	128.111115142669
CHMP2A	56.9093600221978	73.6171791415423	62.1439587676391	97.0252384141252
CHMP2B	23.1374276526707	27.0095471940981	29.8146720386461	32.2442956720272
CHMP3	58.8186319530632	55.230004075733	53.8480125753519	62.3994410886114
CHMP4A	16.5677155075016	13.3886727772461	10.800618671043	8.82749611331464
CHMP4B	48.1482468639139	25.6939799071359	40.3615419534674	29.343003721547
CHMP7	309.338133074794	163.694094191772	195.924354500121	156.634249440896
CHN2	10.791384804418	18.2180897874836	13.4926312598632	31.0179154062841
CHORDC1	60.2267196201534	86.9958553187018	46.5030295133198	35.8420966605538
CHP1	102.648627736903	184.362635780407	116.578519138123	188.990751739843
CHPF	4.89540376741681	3.30428548268955	2.4587851233823	1.86321973251214
CHPT1	29.7057864809756	26.0153144073899	79.1161790389965	48.1128731638793
CHRNB3	1.02194354680588	0.753572459005221	0.41269213591181	0.359022282996026
CHST11	20.1939408360118	20.467992187103	28.4962570279706	26.1953223344896
CHST12	6.34620674992696	8.74179835125696	6.25349731704038	4.78489158613272
CHST15	20.7585017568196	33.0600304637318	46.3249261704975	85.8481271810147
CHST2	17.1174043448186	9.50584565307037	17.0778383585756	14.0200182150226
CHSY1	14.8533480058998	17.4653883503924	18.5493832398056	22.5607548122179
CHURC1	87.0878176434073	78.9494976947053	63.0232434515591	60.0765593131847
CIB1	157.205514834994	146.133459483741	153.598792716928	124.153986970235
CIDEB	0.510534177630466	0.570246229581193	0.400811115066116	0.658986363107273
CIITA	25.3364587510045	21.3972478567629	74.6320874764465	42.8095353036479
CINP	16.6985431553848	18.0381980681953	16.6127452643514	17.9759812549214
CIR1	81.7844628591009	97.205161817766	81.8042077980971	74.5004958184187
CIRBP	272.397841099121	202.68773838376	266.007759730906	178.761699002758
CISD1	14.3049645436989	17.153647265955	11.2136364191427	11.6864763786861
CISD3	12.6596181606143	14.1073880912995	13.3664488336465	16.4083976337561
CISH	41.5916875609845	26.2266084288998	12.8218448825208	18.7932055949844
CITED2	69.6438963058998	41.8310177103235	34.5002360495401	44.0761585193274
CKAP2	34.5214147989317	43.27852048371	41.341254454621	32.5438152942464
CKAP4	28.8511870764999	40.5218973587012	45.837117033837	96.0587583498745
CKB	1.92419079383182	2.26569695749012	2.31489639444796	1.99444907265318
CKLF	17.5954022070969	24.1922282770872	14.5074215546749	20.8856228167622
CKS1B	13.0560391032715	14.670489120243	15.2613885493623	9.60500731397911
CKS2	52.806536204458	89.654460350268	83.3790847744106	43.3956401693328
CLASP1	36.9171311041972	32.2239036909618	31.4953630632647	24.5891939573501
CLC	2.24908007744789	3.23686501139665	1.77324943694904	1.20734284763288
CLDN1	1.00289720018519	0.819013408217537	0.418621513764851	0.356723973160711
CLDN10	0.853154492573175	0.718399796031394	0.273883888959864	0.301086288909692
CLDN4	0.901100634783766	0.835080016666352	1.6991827787162	0.748142465890673
CLDND1	138.08230838428	247.06115691185	110.847522577875	93.5572224480409
CLDND2	2.68601530103	5.12347376977463	2.9282219346455	1.97259301069213
CLEC10A	5.8283629151146	11.1406831102247	11.1239893156479	28.4605114897958
CLEC12A	82.5184151978118	160.981138133042	163.25467806519	436.750464098876
CLEC14A	0.379061263485138	0.452946367681693	0.6304846082551	0.333693750883835
CLEC17A	18.8266096423895	12.6341530756201	58.2364189594708	22.8455731535376
CLEC2B	209.353736472883	286.963350842394	172.645857889585	144.670894325996
CLEC2D	261.773234646614	316.175022505346	208.198486012042	129.778627130298
CLEC4A	6.27361087046229	10.8248047932798	12.5063418592428	28.5043851545709
CLEC4C	3.90178384413112	2.59207864668589	4.95341551152552	2.6016987007946
CLEC4E	24.6818028666513	48.6606141662788	48.8563071459439	130.350458524763
CLEC4F	1.25530219143777	1.5326928003132	1.1230995927048	2.19008250007239
CLEC5A	2.9669754611661	5.71263468364322	5.39294054612853	13.4532636292408
CLEC7A	34.0860948244716	65.4397343034763	66.1812220915543	175.061901777476
CLEC9A	1.30171673400864	1.17513880998759	1.70432920010389	0.945036605010712
CLIC1	345.034041418636	574.52257960672	536.791194885661	771.161991536129
CLIC3	17.9433969671557	40.4579160017936	15.7586485079691	9.68546338360659
CLIP1	48.8033769957591	50.387663750014	40.8232054976376	49.8329575213886
CLK1	399.803729583401	414.693173382157	316.531276476417	245.022517411555
CLK4	85.1564419549788	81.8042051424862	69.5928520678019	52.7141559581239
CLMN	4.70606122198185	6.02733584937857	9.7941595242236	13.530814902206
CLN6	8.49690512343175	6.82178551470509	6.61804904653145	8.17716402607451
CLN8	8.18647046894353	5.84489721786261	8.36785446698357	6.85670694822071
CLNK	2.02656350491709	1.75389786484827	2.36251517723953	1.20266895931656
CLNS1A	101.916274972643	94.2212377025454	84.5753749011105	95.283283449842
CLP1	25.7580427638728	30.0114862571326	31.8662347108675	32.5336558338139
CLPP	56.4902382645924	47.1218726200111	45.8686858752304	40.4936803138093
CLPTM1L	45.8987979505809	37.3112421935985	50.9010162007384	53.1648657579315
CLSPN	2.07693394127816	2.3724733531077	1.24818559227378	0.948872354805108
CLSTN3	20.2555752625602	23.9082776388084	12.5898309099004	9.45495952514102
CLTA	67.5825922182572	69.0735503582952	81.7840838054636	118.658651415861
CLTB	54.779293404319	46.0788077323377	58.5248865125904	70.8395353291699
CLTC	71.9052862489829	77.2350974574887	77.7057508128429	95.9720492620256
CLU	8.9149406713714	14.2192654558742	9.11534664347142	10.6218121201565
CLUAP1	21.3717148557611	18.0516631023343	9.52363768234569	8.76850386635264
CMA1	0.522408619225115	0.74327676105303	0.242140297660922	0.201337842909392
CMC1	18.3403054741732	36.4991430677292	14.0464739469021	11.9339242109103
CMC2	6.9467554078691	9.69414201221726	6.22928942028444	5.5287089775474
CMKLR1	4.3821509812577	8.0486084887421	4.82392819666222	8.2520939848473
CMPK1	152.038968960996	125.94496811475	157.917501310407	136.794983325283
CMPK2	18.371106647385	19.2083400967662	28.2570253209931	37.4325326824433
CMTM2	1.99271441634821	3.46903786407948	3.03926233061617	7.33146944115162
CMTM3	65.5071144978209	71.6005719394144	59.5298877798959	111.694404529665
CMTM6	135.13890558755	176.080939924919	211.025990323167	294.586371469588
CMTM7	104.83509695217	99.8082207949247	104.893764173345	161.433357347277
CMTM8	12.2092554052319	6.42218612093015	3.20054642464693	4.20219874819322
CMTR2	28.8341876131139	30.8150220487965	31.5014055379367	29.4954513713749
CNBP	666.116957827843	768.04626975251	628.069590611323	739.788812914698
CNIH1	39.1359844652935	41.9226210824899	36.0416625386981	45.1650054294925
CNKSR1	4.79817227629629	3.29502003792096	2.9019052613788	2.03615302916764
CNN2	613.042881485708	518.868763341142	520.011154440392	506.758416955991
CNN3	15.0472037767217	9.11357954011562	21.9264832533604	10.018387696347
CNOT1	86.2374907816309	71.2009863605946	74.9467557608045	68.1735925836495
CNOT11	64.3178694753652	53.9508195563321	63.1390088631718	57.3251639603704
CNOT2	94.0672112465691	90.7945900107958	76.7721188236389	74.4406391534178
CNOT4	52.3160646166721	55.897905016655	45.7025137917081	36.6985469634659
CNOT6L	70.4863312853823	78.443748737842	50.0453492350645	38.1283784095381
CNOT7	76.6924872474331	74.2961483389339	70.1820260709158	66.7471692264491
CNOT8	175.809110624569	166.307546124325	173.638735340074	188.813375887685
CNP	39.5648090121301	40.1182480496753	42.1756158420879	53.1434322302078
CNPY2	19.4822216070682	21.2104453250735	14.5308591570184	15.542439450928
CNPY3	271.388988685151	310.151482297523	386.689341056957	546.716893106874
CNR1	1.40413327691311	1.08446648942358	4.1825373252122	1.58618399217882
CNR2	15.1816986398135	11.8964750748015	46.1081374472664	17.4642800321911
CNRIP1	1.20780005617783	1.53714793062927	0.890224013314203	0.874122770615351
CNST	73.6406036644637	49.9951607830926	53.3625284841314	40.395025990696
CNTRL	77.6217380161983	67.3916977877079	63.5506724121449	49.940241333275
COA1	94.7596901855142	94.1441344678044	78.8393459164366	61.0963219975167
COA3	42.5822352311794	63.0696859630499	53.6556116633596	59.8901024751146
COA4	66.6015496195145	69.5192288745789	60.1905432267946	64.9269723452387
COA5	67.4703168706743	60.6532439496649	48.5014254492854	51.4710525012957
COASY	85.6015885068954	78.1183430897316	80.8203475717854	90.7876936552803
COBLL1	10.368899971631	7.05906988033929	33.8838774369261	12.6502793423133
COCH	2.11444337092317	2.15788666620994	3.2149065111369	1.97852039256915
COG4	69.7043489265644	65.0070511357819	59.8535630201719	63.300089614326
COG5	40.1530673270641	38.104487525022	32.2634657830374	34.4252602006027
COL13A1	2.08698638374511	2.6298606135295	1.68682410889548	1.04241985005269
COL15A1	1.56499125867559	1.72360062414217	1.04529850153926	0.738789670113466
COL18A1	21.8849637504669	8.98180802029444	5.13453856010127	6.67455934637876
COL19A1	12.489477121937	8.58655397428658	41.341028692126	15.3271010207295
COL24A1	1.53706892355462	1.38256365683318	0.721274991011027	0.662276883337933
COL4A1	1.15419973538037	1.29827327851059	0.584359435576066	0.471008562336603
COL4A2	1.01909775503355	1.43363253549756	0.878089600722629	0.591723006944691
COL4A3	1.95054579839531	1.58224831491719	2.25539679186353	1.14920135534434
COL4A4	2.14428045043308	1.67396465807649	1.95849600467229	1.14204562217818
COL5A1	0.830732461251877	1.5200261572972	0.694085945000996	0.441580577813192
COL6A2	22.2053729317921	22.569097792152	9.75618757525163	8.17635769609849
COL8A2	0.870554399764019	1.23425973087964	1.28897576193505	2.36286728465294
COL9A2	7.75904386486325	6.75954058679127	14.7213984796812	10.2238555485579
COL9A3	4.03075717426632	3.60304765269409	11.7452542302678	5.56836434962409
COLEC12	0.634390455550799	0.717466090332544	0.560885446236708	0.672836922132973
COLQ	5.79696825385325	9.53240437598843	3.68115625960572	3.34686072647408
COMMD4	12.3514019483468	12.7615529645271	11.778206457336	12.1685243132911
COMMD5	40.6923269130568	48.1234261715573	51.6425663208058	62.564703083989
COMMD6	135.905045678216	153.148707102671	129.100901252034	112.708483011302
COMMD7	59.1412214052428	59.9426481743567	52.1316353531134	64.4343336422563
COMMD8	75.2141076785471	114.815474806803	85.7123702582838	109.896904326655
COPA	102.633064908195	112.792010627839	113.300737094	143.854597425449
COPB2	22.1022656733356	24.7831748416643	22.4198157754077	28.6169060479466
COPE	154.326498759152	178.080625286643	172.729971934069	217.897006884698
COPS8	61.9404321497718	77.8834400668401	58.9064338496646	51.5703297148064
COPZ1	171.5183636899	192.400334375217	173.665214487795	206.474391767793
COQ10A	33.8749705061886	28.5013317886328	28.3881790388584	18.1078940731076
COQ10B	94.5690056877	113.6388785515	99.3956210229423	88.8477627207672
COQ4	32.1504623207653	28.7766635994573	26.0531785720563	24.8047144435354
CORO1A	996.341160950361	859.846367837317	889.112999164223	1162.78744346806
CORO1B	30.4712803813216	29.9660895344955	28.4149981303941	52.1148334202502
CORO2A	13.7986532719642	12.9108284173223	6.76605472943255	8.73568862132108
CORO7	40.5310885127403	37.6793316248481	33.1253231813786	39.7489426354753
CORO7-PAM16	0.037695735575577	0.0596491165661623	0.0289797701068325	0.0473530365160469
COTL1	239.376637125322	326.689288151196	354.511657872564	723.512699299658
COX10	24.278556333157	21.5343028115591	18.2654547032609	17.8815936631104
COX17	87.1720535764714	118.746566162489	90.4067131377723	93.1701297662112
COX19	37.98182920481	33.1619736693138	30.4979065271423	30.0762812960138
COX4I1	229.630987741717	220.084121393351	238.76122470645	237.625687678566
COX5A	95.74906701192	106.971985035872	127.942181920464	156.851469140812
COX5B	312.775577682305	387.822456192558	337.7242930803	437.692002299917
COX6A1	148.907258669325	219.07203330609	163.337743620263	153.090075418737
COX6A2	0.135619902536462	0.288930777491348	0.0883854112508021	0.0624781450076134
COX6B1	253.811276039375	322.336557225736	268.565140187121	322.544280695956
COX6C	341.407325608409	374.550939858192	277.247892721456	296.831336699836
COX7A2	236.296619472443	314.931458310729	238.933778656495	253.616516374314
COX7A2L	80.8994299803758	97.5191826042184	71.6088213191642	82.7699117569916
COX7C	294.298876972135	254.731793890933	219.534452113727	218.463245178467
COX8A	194.955725307088	250.135825676466	203.399401015356	293.038992055897
CPA3	2.21771169778516	1.96284548587317	0.946943205958687	0.838531019934587
CPA5	2.19681231953674	2.48468419015243	0.957644568536092	0.814970161358715
CPD	20.8469463865155	24.6272427204069	20.6568238738771	36.6400525339549
CPE	0.889816074509625	0.954446155998705	0.530403944972017	0.448266219376443
CPEB3	3.89106780862293	4.33216871960593	4.14175995866007	4.69704951391928
CPEB4	13.0131649727253	14.8099185631004	15.0411803387424	16.2679804050096
CPM	5.59882271651617	7.86869707599035	9.61352461980809	18.4761700390423
CPNE1	281.699600763621	285.923365535514	229.153894520205	223.833218297082
CPNE2	12.0850257453681	18.1009331952243	12.0888879017667	23.76726424988
CPNE3	62.3654949442995	68.1995633911198	60.8565966182022	67.5608691320334
CPNE5	18.3164121573895	12.843997696823	56.8434450550685	21.9342337549549
CPPED1	37.1200790107088	70.1036235117266	69.0088689048577	173.703672951752
CPSF2	15.8348355724254	16.1120467953103	13.0601191927721	15.2891427147007
CPSF6	55.8230938213016	47.1732952118769	45.2928056103645	42.5451763804579
CPVL	184.838616652677	361.630517989959	367.130290516219	985.330569997845
CPXM1	1.21140379388275	1.03704868827406	0.486802061663078	0.429747044342906
CR1	7.75550736008193	7.9585892244136	14.9803868708577	16.0141221863562
CR2	32.2491375946081	18.1964652585231	66.1257477722346	27.1735760248514
CRACR2A	16.2704326225416	13.5420244489821	9.59820550209361	8.82665151330464
CRBN	69.6359402094384	84.8805609470969	50.8483275780597	46.555651842881
CREB3	56.7973689113878	65.3066539421946	61.9672852977651	69.855841504293
CREB3L2	15.9865342940312	18.7921026589313	18.9569974767865	18.3855662059417
CREB3L3	0.651976540968647	1.19098567684965	0.885277141323807	0.434271167811328
CREB5	6.14667763102386	11.1355871618336	10.7765406946552	27.613254895826
CREBBP	61.5472293425897	42.5960348890732	56.3857698313067	39.6302716866884
CREBL2	38.6601216545842	33.9186332955375	32.5395175211801	39.4525886027502
CREBRF	52.8291198200973	45.3699575233642	50.7006350247223	37.9041215469172
CREG1	72.5523707231934	106.375271141082	108.743036583865	260.662985478033
CRELD2	24.2918614189726	21.568402381066	24.2973962391307	22.9722528121444
CREM	57.9286765904416	89.9998885088797	75.626632053793	41.461476996765
CRIM1	7.00734390516615	10.6910644037092	6.8447678405443	4.72846690978226
CRIP1	21.7083717088449	22.6860245815527	12.090953940997	13.9764739862543
CRIP2	22.72655471919	13.868449250615	11.9646606265367	9.82247413717193
CRISPLD2	16.4432310775045	31.1468870038973	31.0597805216627	82.8628739398476
CRLF3	224.558824441944	178.443649560453	156.263004352385	171.263767449634
CRP	0.297375083855558	0.491842816039353	0.159528790929298	0.126996266387252
CRTAM	29.7429962703792	55.0161017921692	18.658868613716	17.6701400525086
CRTC3	86.5597120874572	49.6968503602819	62.7748734652628	52.6450728101189
CRY1	32.8417451343343	34.3844615397901	23.2363080116666	21.574389973708
CRYL1	29.9142602656062	31.7866107251393	27.7677802189862	43.533682504352
CRYM	3.15815550718508	2.7998456688327	2.93102234086214	1.6993522295928
CSF1	3.28136215922462	3.68341338683043	2.00522758670583	1.75875682276168
CSF1R	64.4337657800173	123.666955423529	127.176898787424	333.467857762078
CSF2	0.552912917028415	1.24573654383168	0.473074721056605	0.290539235529052
CSF2RB	19.3758379908718	31.7930185170917	41.3072262770566	83.1668525611422
CSF3R	65.4280906188637	127.74131803518	130.136642937501	344.827391941124
CSGALNACT1	72.5376789557501	45.3982462966553	37.1946540349244	32.3277560833752
CSGALNACT2	70.8743142771483	67.1865870549863	60.4876675871559	80.5427094314029
CSK	183.289634054454	135.018586921879	190.431599311184	170.149529711056
CSNK1A1	91.3388645607001	95.0618693532272	79.3604671367416	89.2367456950837
CSNK1D	59.4345919821444	51.2263580415873	63.6801599299088	57.3054807170803
CSNK1E	19.6821753975775	16.1841880171373	18.778649911089	11.3706573086168
CSNK1G2	80.2641734056507	53.7006116985169	74.5856421549762	61.7250192113815
CSNK1G3	38.805156531207	34.5015763842289	57.6662413738438	36.0442645306217
CSNK2A1	24.8608369865316	23.0684560844956	20.9280187681316	19.1531562543187
CSNK2B	30.0793754457642	25.4451594267729	23.3538278948373	24.1752346185073
CSRNP1	108.935123701305	97.4481344406598	159.449418967623	136.165592078701
CSRP2	3.06154968378141	2.85349080198596	2.3827615153433	1.7915591193917
CSRP3	0.858958083935779	1.18810939918792	0.960059211229118	0.533049843588618
CST3	84.1185825818092	161.510898469352	164.959296103762	437.612406422025
CST7	355.191612719524	861.410301438436	268.583192772903	178.189604499142
CSTA	69.7553459673185	135.169851120492	134.785843825339	366.003522352487
CSTB	35.8633945907305	46.8583017154187	40.6100345307696	65.0542832539837
CSTF1	35.9529590031536	45.547562822104	29.2517367402734	25.1651833035431
CTBS	15.6591651973339	15.9836671953944	16.7650317804661	23.5032841910046
CTCF	60.3383295503331	50.8918537948802	56.6824666974746	40.727266046383
CTDNEP1	52.1808171652346	33.6621977907558	40.4634494995374	33.5442729529183
CTDP1	28.500717868474	20.9523438894647	26.259969389278	25.5295983876862
CTDSP1	76.5751765180179	71.134702972665	68.8607283265639	95.0799680183801
CTDSP2	106.501266351954	75.3987535310643	81.2866294769887	88.8426987365395
CTLA4	36.8963859531707	24.8897871509298	10.6371469555706	11.5501223242165
CTNNA1	30.3189860143962	49.7476019290338	60.260977013098	104.658252394377
CTNNB1	114.082420274182	117.856432187316	109.619450672873	99.9276212521781
CTNNBIP1	8.37058482013188	8.76688148473671	9.32677949733466	13.2278686109918
CTNNBL1	73.5137568417011	78.3464101377097	84.4946919123282	88.8289874914885
CTNS	10.4323185789988	10.1774416267724	11.2776154280988	13.3882709108727
CTR9	79.0652501871055	82.6016421097973	80.3380682121854	72.3471136962725
CTSA	45.7975908489098	67.1739514382717	58.0350682394391	120.848209884067
CTSB	238.923751068059	345.459624235712	352.124440785358	808.007420079439
CTSC	60.755392601714	102.2875462885	64.7534034674372	118.254055872482
CTSD	58.4301467747424	79.001764890852	72.4494885606417	165.324319504553
CTSG	1.24433536370059	1.90280663651055	0.912679514826911	1.49643923280466
CTSH	38.007760938894	57.0188530697143	81.4278209337809	135.809716786884
CTSK	11.855909516801	12.3099216383552	10.497227319192	12.6832461285355
CTSL	9.73628299487249	7.58787524312181	6.58439681535922	13.415665334679
CTSS	610.008269428442	1084.93069949983	1169.78993058986	2767.6350719984
CTSW	258.491603611928	557.414943420162	177.134078346337	122.526392488476
CTSZ	8.41614697723889	7.62540138566328	13.1221830148762	11.7043953579177
CTTNBP2	0.984264045994114	0.979241382169674	0.510292788102288	0.522307441910771
CTXN3	0.466469253945808	0.604329512747318	0.241374864521013	0.185834165957227
CUEDC1	1.38120387076849	1.87254313355439	1.58267326581015	2.73217615312449
CUL2	47.7392712614746	46.428024347571	44.6125806918543	36.3597416614613
CUL3	36.1448155474494	29.2675778900686	44.3375642733158	30.8409152188549
CUTA	159.85446303825	178.853191525639	132.858345195153	124.081337249123
CUX1	16.101430854383	16.2188019773147	17.676589534546	22.9792905050466
CUX2	1.22457151070114	0.992108143291079	0.576940249107511	0.46286128539923
CWC15	112.577029247103	135.574667738917	103.095496102096	95.4860062607093
CWC22	66.568483836648	70.6753307229055	57.0623879314131	48.5536949178765
CWC25	55.2706757078229	63.5571975922924	52.8111658937795	43.8840548347388
CWF19L1	54.8533942188089	56.9177110398823	51.9097860717006	51.2399382468558
CX3CR1	64.478160842486	134.31373304774	86.833069780925	184.020322554199
CXCL1	1.5155392714084	2.82821818526494	2.77434524385266	5.33707516605139
CXCL10	10.5859076950272	18.9241368840798	20.4330726411728	47.8088287022801
CXCL11	1.58792363454741	1.4419540889189	0.895061193818511	1.70300719337187
CXCL12	0.38780076471408	0.550883500202012	0.365432913674057	0.209034364581357
CXCL13	5.42062643596433	4.9850104780004	1.84516842363585	1.81650978333049
CXCL16	26.114048473011	41.6364755820531	53.3700195001674	104.174183869469
CXCL17	2.48068398376954	2.21337024149743	1.42654020980258	1.11415736832367
CXCL2	30.9095855070416	56.6115006474003	62.5891392636671	152.591928698484
CXCL3	3.48780069512974	6.38073096485133	6.59432222004178	16.1237628138458
CXCL5	0.242329164767006	0.225314066300192	0.700461502586233	0.376750258445007
CXCL8	157.512604559268	293.837888825311	306.446705665481	794.162365415675
CXCL9	1.60415339026223	1.5306784291819	0.800700273961907	1.28155669616114
CXCR1	2.49972801028847	4.97273355335678	2.47272756835512	2.86591358022085
CXCR2	7.52754148389135	14.5062208951537	9.90487171970234	21.8788709934633
CXCR4	1409.01294522735	1200.73927538569	1822.91536924003	945.573802733133
CXCR5	7.69064973490813	4.69647163441237	19.8578158215237	7.72422890534673
CXCR6	48.8700537229476	113.424753720723	35.3142097083932	24.0322456940268
CXXC1	124.663466930626	94.9532197941894	105.687368386587	97.6573992669647
CXXC5	50.0036517344572	39.6989000099381	156.358153750974	71.9093174198121
CYB561A3	77.8272652580197	64.8048737063631	183.059105565704	108.293895530251
CYB561D2	39.1543041900374	46.5745987053595	40.5184543968302	44.3373061264469
CYB5A	9.37069153371399	10.6318385748974	12.7980290704648	7.85277232796471
CYB5B	49.1940652610261	63.408423518281	45.4178166998079	44.5427943041185
CYB5RL	5.85767598502914	4.15449885583583	4.55774037397521	3.57480326016358
CYBA	271.026957558062	287.637573024799	467.452973129641	553.582290666185
CYCS	57.626460910702	65.1297004619468	57.1554859073749	46.8200181606312
CYFIP2	286.443463470485	205.571788248943	211.362218790754	143.86242875094
CYLD	142.26524434695	103.43437426065	98.3990206259672	81.19246945347
CYP11B2	0.203619594002533	0.460839888861752	0.139893127378341	0.0966811697518432
CYP1A2	0.657813266298497	0.772143282282342	1.07416734294485	0.516710100238169
CYP1B1	20.7615835857208	40.6257481521984	41.239177846954	110.000287412776
CYP27A1	18.2841621350412	35.0807601941037	35.0964813428185	94.0909242103041
CYP2S1	6.04040454484404	11.4222287684692	11.6665558926075	29.3128304702345
CYP46A1	0.839895644573792	0.875640377929396	0.67549921611678	0.403865069904805
CYP4A11	0.537168126489601	0.760060933043291	0.531163179566813	0.314440058390604
CYP4F3	0.57074708971703	0.806438524695046	0.665401030997736	0.887004290952864
CYSLTR2	4.62065758155386	4.6488649920761	2.99678023018945	6.17256698489782
CYSTM1	29.9573877239596	50.3684970242482	40.8260852213757	54.0436107314037
CYTH1	396.309219595006	269.89935909022	263.399290094645	237.191937558613
CYTH4	140.365090789475	126.621053676754	115.14308300444	143.676965749213
CYTIP	538.032052639693	463.904390833329	388.056761804833	346.580757522319
CYTL1	1.31625621000449	1.49198832907762	0.863090277391195	1.56132932889158
DAAM1	16.7313235684835	20.227715149524	13.3152593840646	10.7544196112064
DAB2	3.56475022181579	4.2791715016124	3.0258601875292	4.97942161220848
DACT1	8.08933708744084	3.4661682696463	4.32491242296006	3.12921172470315
DAD1	319.656872227826	389.378031055616	303.943400231189	343.987672945321
DAG1	10.9975836710854	8.69611595078099	9.26305603863955	9.34236816282255
DAPK2	2.43520276101752	4.70164835782929	2.33669198318091	1.64098048456731
DAPL1	1.03232706982201	1.21447989057885	0.716157498571064	0.463034464390085
DAPP1	72.3462708747675	77.2019981097243	147.858977407644	142.196944925306
DAXX	127.851271643606	139.453013137793	121.705918989959	99.1804309804385
DAZAP2	665.667012631289	830.155796110037	733.748821425801	918.266120467786
DAZL	1.16813914658593	1.06068684618217	1.22108919997449	0.651845629079648
DBF4	26.4662860670111	27.9860101902975	26.6614598617541	16.8613936114135
DBH	5.94342741504495	2.70920776791219	1.47829821795087	1.77456759085484
DBI	199.60453964272	283.39501905403	281.501939578713	274.021941754132
DBN1	8.04293984348108	10.4108143303229	5.54938183078914	4.47691989791319
DBNDD1	11.2968806296973	6.4596598192611	23.2223073036623	9.58114921553487
DBNL	80.7181094509829	71.113338554598	95.2758447902105	104.74724943647
DBP	14.4766071790257	8.88605929854717	11.0756007513186	9.45360782932233
DCAF11	91.7183254118587	76.2024304578642	77.6801124126011	76.4438422018444
DCAF12	38.592709886115	42.0713819010157	36.0008454999381	51.8544491558178
DCAF13	30.1813900427334	34.5968882734268	31.367480577996	28.4349077882466
DCAF16	39.6608469994875	35.339776997151	32.189950517193	22.9704382655211
DCAF7	40.3321032935481	42.3312975408863	37.2702812741396	42.6878497386838
DCK	124.45416782974	112.690539375396	163.261401672911	113.291603504125
DCLRE1C	37.3653368809161	40.2454169322508	41.3833071008515	33.0348002385579
DCN	0.785072864537062	0.854639412625307	0.447546388562836	0.329938757840833
DCP1A	54.9345982703389	56.1015838122051	57.0065745455493	41.6523948812229
DCP2	37.3712141831871	39.6524254980506	33.222078365432	34.6077217025966
DCPS	12.9474868496036	13.4979519396942	13.5711302128611	13.5570531842785
DCSTAMP	1.22180827867514	1.38487916761163	0.842906078811297	0.593516327007667
DCTD	98.33301289283	99.3772306861669	99.608775276798	94.3653116229244
DCTN2	46.6053884907362	51.1838694847345	51.888039038132	62.1836899956372
DCTN3	34.2421495881938	39.2470515287389	34.4218879089405	41.2934086898687
DCTN6	44.7272646175822	55.5638119681695	39.9173762204401	41.298881403237
DCTPP1	40.2304844992559	39.6803668539916	53.4738227220133	39.7895705190856
DCUN1D1	22.5002433651028	29.8239075214425	20.9204062801341	21.9539949916936
DCXR	95.5897006977694	87.143663393345	94.7296505594154	84.2944317858211
DDA1	27.5514344043367	23.7272161235303	22.5992194009703	19.7325870641318
DDAH2	30.2362462249609	34.1128421986538	54.2747955229011	41.6155490489176
DDC	1.26521836148396	1.54798906218943	0.69168325593167	0.514769740388119
DDHD1	22.1662801685889	20.4809930225504	17.56611904977	13.4744395037185
DDIT3	85.2313638144228	108.251237496685	105.557663891127	67.7418138689274
DDIT4	330.268555508751	374.461383337279	277.765706430415	187.089648699079
DDOST	255.644963863485	296.935690605384	272.91233279094	359.242155938276
DDX1	49.3600418375039	48.1114802310112	41.6712026712501	42.286067407067
DDX11	22.0197987123101	15.116200279446	14.9349901724439	10.566260609078
DDX17	340.10780142999	222.905684023592	178.76535233392	165.633336163146
DDX18	71.3860483601477	65.1592451787907	63.6875730499644	54.6851419960126
DDX21	113.027674939193	100.270150878068	157.168932527715	115.188726288932
DDX24	160.659200015832	150.464177240276	133.054936347313	98.4541609007509
DDX27	74.410977264846	69.9072801132731	71.5378099128937	55.3685676518076
DDX28	38.7577971769898	33.8542448865407	45.2418278659581	48.2342393027199
DDX46	62.2250119369528	58.6832588287747	46.7436558698451	46.2100006486743
DDX49	39.8952690334654	37.3736911788002	40.9903443675816	49.2687384066818
DDX50	74.5283849888352	73.5154129280936	58.552998987114	49.8928376156547
DDX6	162.446484890947	127.674469967103	127.386275856412	89.9596140794481
DDX60	39.1167565302076	37.7614685160482	32.3076117468675	29.7995274591249
DDX60L	44.1742025701961	43.4343042248122	38.6044353397191	49.5975147612332
DEDD2	133.479612269448	135.768682562162	140.408086227737	169.08561181083
DEF6	251.476723901954	171.287762488534	144.054553264925	157.741549078673
DEF8	39.4244317696241	37.5381110557943	69.970342241416	64.9169942736781
DEFA4	0.58243905448049	1.2290485370247	0.592563853539477	0.340134311593374
DEFB4A	0.0759122509612634	0.163335886540128	0.0499010124595032	0.035142855176054
DEGS2	4.70142593676736	2.44090413577398	2.70224732150968	1.98659280640438
DEK	110.32049396891	127.040891554681	102.599549261672	115.809040675647
DENND1A	15.9414140323438	16.2743803200369	18.4560582802766	28.7592722152305
DENND2D	364.784448772298	274.241788680471	158.767490828136	149.843866477471
DENND3	26.1559033687004	29.5032178924174	57.9726914377312	50.9296545190418
DENND4A	47.3215850023414	40.3108294936835	54.7487430775601	34.1090155236497
DENND5A	57.1602957277628	40.404087332698	42.7107194406379	63.663231000582
DENND5B	6.83657017342516	4.67367261063212	20.1999678446412	7.77287299700367
DENND6B	2.75799417580226	3.21799314532218	3.35004708627317	5.07751377585528
DENR	107.863059094246	101.493456454557	96.2626235222622	95.3946976607291
DERL2	49.6463393187665	67.2220824256244	46.4599902517367	43.4042519291864
DES	0.853669464311757	1.29665209048943	1.15148809254944	1.56841112465924
DESI2	17.5531498835612	14.8576436559218	20.0473658419117	16.1205208701243
DGAT2	3.55749930054872	5.28741889623291	6.93643334072201	12.278420732321
DGKA	439.90503664278	237.321646495087	145.156257835313	156.389508519234
DGKD	103.054549246786	67.6292562817576	127.569858163712	81.3007915567749
DGKH	4.62006819198837	4.53187912758717	1.9125350127933	1.84971408884923
DGKI	0.76924492080978	0.843343977571635	0.372683482640505	0.309199951692209
DGKZ	80.5152057124164	50.5427236558214	35.8381277813354	50.2442151598019
DHFR	3.67456643179136	2.76468152422752	2.14379871090011	1.64692064834556
DHRS1	35.5569852611952	34.6706013295897	31.8962850479436	33.7038284912042
DHRS3	89.9843308478448	92.9808999838878	34.1268118585779	31.7930794060826
DHRS7	111.881656757864	171.204224306439	119.488508715077	148.7011259167
DHRS9	3.16821521084757	4.58870731131641	4.21181547743363	8.75690106730553
DHTKD1	20.2627479520685	18.8684337732453	32.9089543637943	23.7466852855925
DHX16	65.7164657380984	54.819551933578	49.1765254417073	55.1078216213241
DHX29	26.5645073904011	28.5083708772146	22.5742945275446	22.3259063492191
DHX36	39.1857914798364	35.5197049490054	37.6256077703	24.8552858497867
DHX38	70.3586564765811	53.112610230611	52.2746935827104	49.4348034468856
DHX8	46.780739440971	44.1733318943808	41.5707846396512	44.8209232942043
DIAPH1	133.644373333875	117.822248700895	89.8567738990803	106.1986577631
DIP2A	73.487089687028	61.0036779598434	36.4999741654571	37.0842119542447
DIS3	22.0686477897329	18.580153201255	19.702249999536	15.8604820992846
DISP2	0.803116086236056	0.748934409038062	0.549941170958741	0.383346078431143
DKK3	1.81809838409729	2.9954943347191	1.2533509289625	0.846680063306015
DLAT	23.1586334987778	22.1352882130038	22.0100279874879	19.5550265135509
DLC1	1.16624215288777	1.20740643635129	0.64416938493631	0.761908944610765
DLD	74.9247160010419	87.0891203992756	70.2032616492439	80.8150718242306
DLGAP3	1.11535210922714	1.05632358482889	1.52355708037149	0.953400968222562
DLL1	4.28840470793219	2.59187738950906	4.21149757474591	2.34272085735299
DLX4	1.13092061934948	1.23358149104832	1.97824351911772	1.60402895543408
DMTN	8.59350899244827	6.428251755969	6.25593658340116	4.04469793733376
DMXL1	22.2169051771902	17.8594178526849	32.6543900121298	21.1560971283326
DMXL2	9.23633029610241	14.5377338418857	13.7063853269972	34.726512226654
DNAAF1	1.65056702104924	1.76767548202104	1.48336766954617	2.3512002831184
DNAH6	3.54558296709713	2.18852687496145	1.19931101553783	1.16104940645211
DNAJA1	313.083442424105	418.076825942379	415.179324933092	373.743709293747
DNAJB1	950.888780725913	1742.6917827581	622.777721296324	461.38512803417
DNAJB11	21.3631849255385	23.7139755465399	22.8303676499407	24.3423248714803
DNAJB12	35.9397110037212	36.1187543756873	39.4969530816443	53.237101541883
DNAJB4	24.9940320749752	40.0014759665386	21.8120984069235	16.6763640247018
DNAJB6	53.2548500817795	72.0203012028516	46.5839833206766	45.9542217581471
DNAJB9	95.0635001411393	95.9535772429766	113.903987254094	75.784093540568
DNAJC1	26.4742743134018	33.6891456306219	25.9931799150012	28.4135495415925
DNAJC10	19.0988088905605	18.7681258730167	28.2749058166522	24.0226438643049
DNAJC11	31.852206027858	26.0747754907939	23.6184115538406	24.3991167862258
DNAJC15	14.8670567812131	15.0644832853223	16.0239855097483	17.1109885102206
DNAJC19	29.2694042754691	31.3080111674884	23.2373586661132	20.8101476721581
DNAJC2	47.2805323654081	43.5120347146245	36.0767246262409	31.6705377871894
DNAJC3	59.4657220562934	95.3952117487092	54.2061300839581	65.0774632400671
DNAJC5B	1.12817618593558	1.11657836353781	1.39499192966979	0.863310809683559
DNAJC8	206.718244339676	259.541718836063	205.673083631004	212.562349444074
DNAJC9	26.0498583730178	24.0902310819896	20.4150483214895	14.2031543948015
DNAL1	2.92245029201448	3.05709688975201	2.02686091738166	1.58398214354722
DNASE1	18.6311716417704	12.7191446645381	10.9835834449353	9.35850313611827
DNASE2B	0.553991871802665	0.811875016738534	0.291327611828303	0.224562767926254
DNM2	110.042721546838	82.2021972795234	100.068958876343	96.732983547742
DNMT1	70.1154772362755	53.534650893832	33.9793599921503	36.3957844039904
DNMT3A	33.4547717937524	18.5392182609428	12.6644161722832	13.024071625534
DNPH1	56.7453517353049	47.4009962296875	59.0912206623394	52.1039880170905
DNTTIP1	42.608859316125	51.3146282911172	62.4468027954991	99.6883638664947
DNTTIP2	72.8402624080621	92.8774644951012	71.4405712462688	65.6644414044462
DOCK10	131.467399003518	91.0658167130252	66.0396219353103	61.7149472867394
DOCK2	183.638939222927	168.540208486873	195.984953482463	231.843394963963
DOCK5	7.4006942320189	12.0117593867053	9.31995285425036	20.8800694918237
DOCK7	6.92351403858774	6.27166327169514	4.84453547937534	4.97751056052938
DOCK8	136.58188174343	124.351107492665	127.29767714696	143.577689847666
DOK1	35.5918808048924	44.4375715018968	54.23573396643	77.7312834986463
DOK2	215.763467882993	319.092057143424	200.339779081336	392.88752794394
DOK3	33.0958186216874	49.3919909966745	76.4238408389638	127.174392362811
DOK4	3.4989769199109	2.72875196859942	2.77208360213699	1.70553558529032
DOK5	0.932055624110914	0.977353741640557	0.543907503562456	0.390103087175495
DPAGT1	33.8058780310653	39.5118681463281	33.1886730014917	39.6416096697984
DPEP1	0.480506307460094	0.753296333079721	0.82796782552235	0.3882634984821
DPEP2	85.8428521964143	82.6665401552551	86.4357525315422	103.626701727023
DPF2	54.3122536015319	57.4629675653106	57.9558321069257	52.7346569788526
DPH3	23.9712529438286	34.0053937550227	27.0096828681377	32.5393863117566
DPM1	45.5244543285048	45.0910486832058	41.066287920249	38.8604361751113
DPM3	41.9468120318039	47.0914168811048	36.8822254293797	41.5094675504886
DPP4	39.3769861152654	30.074715870219	11.6457527717007	12.5140081662721
DPP8	39.4736183526643	39.0677140492739	32.5688291943719	33.2777089360616
DPP9	38.5625043298335	32.6650214738673	34.6831314361383	34.0763122582571
DPPA4	4.74477009073767	2.95730614220768	5.10800558271862	2.65162366802181
DPY19L1	5.09525111603108	6.3687239898256	5.49474413843635	5.40450180337722
DPY30	52.7725987821461	70.3410930649602	53.9135730345107	54.6229268887603
DPYD	95.8332186650297	119.926612087341	103.904954634849	220.92803400241
DR1	46.620848845528	51.1501260862637	42.6546101343693	44.6986811654383
DRAM2	106.446606132576	110.234605188129	149.773342702063	137.217703796292
DRAP1	139.824295264938	156.782291729015	148.373899694931	138.370056807207
DSC1	14.5093977986482	6.73812133045314	3.04725834013361	4.12108120526188
DSE	4.18641193708781	5.12703529342758	6.71388323136645	8.59390387164642
DSEL	0.562729962168578	0.561106546182847	0.330873160824137	0.249969627319392
DSN1	19.5320053846916	19.8529016106925	23.1842356495086	15.7521647929051
DST	2.56124868318911	2.24739793846811	1.6371395362889	2.47830635403846
DSTN	60.9205242352356	72.1224650169517	42.0020809526819	48.7104949297945
DTD1	12.7865009150408	13.8363518328812	10.6831537050543	10.4888310169691
DTHD1	6.81264059498802	13.7583490723327	4.58293147133387	3.16260871290231
DTL	2.78097189062291	3.48745134917861	1.80088392494865	1.23683671611747
DTNB	32.8887796260577	25.2965945458204	22.3782394376629	17.3839174401473
DTNBP1	51.0900399757972	42.8290548744543	69.8763587166974	49.6366128816242
DTX1	32.4762953710471	14.1375047464184	26.4137400790985	15.1165384539412
DTX3L	60.4431868129373	63.9234411425586	58.9190938116324	64.9040655788208
DUS4L	7.4531741920495	5.60498241662356	4.53324513882024	4.15723005445888
DUSP1	2066.07516430229	2533.39877647597	3545.265233698	4920.12162264992
DUSP10	38.2718271745896	55.4216421493928	49.4066955939951	41.9324980833168
DUSP11	73.2051675854352	89.0332167253038	67.1419007551849	58.7964281400609
DUSP14	15.6462237792686	21.7188795459775	11.8554447143876	8.53720130007386
DUSP16	18.3032342299222	16.4816257616919	8.05992142845013	6.95966391336539
DUSP2	365.405087197211	428.873662687116	650.281182384584	394.249245416229
DUSP22	44.0022884489866	46.0237757906002	67.9625447211243	73.4568140243495
DUSP23	31.0679078249554	43.3469102282455	38.2992187517291	60.8166891976119
DUSP4	3.23265330848496	5.5178172689255	3.0795231189234	1.75992994599485
DUSP5	17.28381202511	17.4204747214328	33.435546846318	16.2078189421859
DUSP6	88.6933817243942	165.917728249125	174.904069573571	438.723657987167
DUSP8	6.45183471583684	3.91933029168501	6.62340793565683	3.47354597518367
DUT	52.6276215182814	44.8296080831294	45.2135493053912	43.8397208862036
DVL1	13.6353694007082	7.42198512423498	8.36903884516031	6.7674663984154
DVL3	24.398887789494	19.45151550665	24.6385825876199	22.9571970341978
DYNC1LI1	25.1871280318844	27.3438792738894	29.3342806911333	36.0871951113866
DYNLL1	97.2776092818103	148.318112134856	115.911664151819	143.314804563111
DYNLL2	17.6778749985188	9.55173135785405	10.7877883730638	7.76786641592116
DYNLRB1	4.92504780605296	5.41915874425301	3.90522743069779	3.97229906311185
DYNLT1	77.4260003122959	89.8647680927263	55.3001336814112	72.3408620133973
DYRK1A	23.0203700160127	14.4827748333193	16.2169712346972	11.8715877916261
DYRK2	51.9618543692046	35.3535842018126	29.4145922053195	23.8042495275743
DYSF	8.54793923643764	16.4530824910198	15.9073976501725	39.901978381212
DZIP3	24.1928118119163	23.0674599555747	18.1868726202721	12.3845191998363
E2F1	1.93404948257508	1.56409770046887	2.06997121982351	1.11716426041237
E2F2	2.015498504282	2.37156293460471	3.19918687999304	2.76373504995685
E2F5	8.86284746439914	6.23772508416352	21.5988289408185	8.69584670512407
EAF2	75.1807085529736	69.5720421185501	215.74601318148	128.386650909791
EBF1	13.3188398463074	9.2670921217673	44.2560416552901	16.4815399370749
EBI3	2.17087065896974	1.94605178830759	4.49139183592858	2.12541474774806
EBLN2	14.5817221959329	13.4007800342824	10.3475124443554	8.6761558598026
ECE1	67.1360435845436	52.304629754626	64.6544207858237	74.3836306986239
ECH1	210.367371964243	278.727831855611	234.688973338273	253.590162269569
ECI2	26.8408405471925	30.7312810416049	20.5620946864574	20.3684873932085
ECSIT	36.5298189764499	30.2996495884006	34.2843944496499	33.6806282332397
EDAR	25.1010708320766	9.71329059742693	5.15260339499355	7.0429114840958
EDEM1	89.7009335552657	82.1992065681428	96.6585038381579	67.0458447953358
EDEM3	42.9137865777267	39.3968887964823	30.5475869045562	41.273357697782
EDF1	352.002366653239	348.771573630438	334.707180245942	357.909410076008
EEF1A1	2601.83137482639	2328.64570126302	2055.76750992903	1621.91982416436
EEF1B2	1001.65064513655	746.355265983393	753.071334071657	561.904456582539
EEF1D	108.906079324483	80.3044266629302	87.6491142858222	70.5180548731969
EEF1G	0.00228844887491561	0.00552654671052742	0.00220277534809076	0.003089979205074
EEF2	1643.49706380209	989.382688962167	1186.5883637944	1057.98195040634
EFCAB14	89.4143214091466	84.1597288039496	91.0970815962671	87.3628700472262
EFHC1	8.53583459556671	8.88887321633001	8.96201930320317	6.26720417292739
EFHD2	108.012952215713	156.826874309512	171.61140023422	287.650507229817
EFNB2	0.624323003580558	0.514657287620938	0.78778844396234	0.381447585058035
EGF	1.26312589654637	1.22338909553714	0.611149619597715	0.57670071867193
EGFL7	1.22335539978261	1.37727452788614	2.58891072069784	1.50791236961026
EGFR	0.908585363660867	1.05284386302704	1.32365041262945	0.61978934867293
EGLN1	10.7252216071516	7.27553349485238	11.4775825669382	8.93670528505256
EGLN3	3.85463773934404	3.71317469131747	1.95353323461805	1.53409356947909
EGR1	144.089316572539	111.477363139252	213.613356273921	196.706547381637
EGR2	16.001222701272	14.9432993294499	31.5297238434727	29.9339258284353
EGR3	8.01679517320439	4.40160017680115	8.9403299629329	6.01131105905443
EHD1	117.764192791077	105.660787510157	100.527058017877	95.0328701785631
EHF	1.4501542430145	1.20662644248845	0.615891111055584	0.591086137677742
EHHADH	2.63971272174383	2.78504263498669	1.74708804084884	2.08998395848288
EHMT1	38.9062052520389	27.8866195484746	34.009053468207	27.1974879690253
EID1	183.897936673368	219.103811161595	189.719629483892	237.181817676859
EIF1	1509.35547244647	1503.90956365099	1885.54285683355	1533.05363974278
EIF1B	178.909378227418	179.462350332935	259.720630553594	209.1202123744
EIF2A	91.4587858745437	92.2811335714426	73.1176894882302	76.5373679610266
EIF2AK2	29.0762581692069	29.1989615366101	33.4155874899243	29.5031811233634
EIF2AK3	49.9871677873672	37.3734554713705	103.790912856807	46.8048347732131
EIF2B1	111.283245372897	109.877151143899	104.812829335884	125.304906173103
EIF2B2	18.0990709454533	18.9541448716246	15.2837875068046	15.6343850447319
EIF2B5	61.2896406404477	47.1223587702884	51.0145195653817	39.3989169785604
EIF2S1	68.0082277881796	85.3870941691648	63.852044735443	67.961744403071
EIF2S2	63.9308067212305	73.3904275765912	52.5442025066303	50.8958307114212
EIF3B	114.040949409993	88.3576835497623	119.507714792075	108.703150869591
EIF3D	416.393826606174	391.46517326265	359.402294040543	367.63888781431
EIF3E	145.783746194561	130.081321145758	110.810280532217	103.852686086992
EIF3F	86.7413809241976	72.9961043773646	80.3897079490916	70.1709294585078
EIF3G	312.587139028824	268.714415115484	239.694274508719	263.116850672964
EIF3H	208.100771785905	190.445303662104	168.414805991693	175.051923992559
EIF3I	108.110792627192	127.255496510357	107.481691504761	113.607069192552
EIF3K	280.120215268164	277.020850779243	249.22542320603	280.722014027984
EIF3L	282.077672543178	225.749750299207	223.392724768595	257.619672456085
EIF3M	110.591369595266	117.468864814354	93.2334158938744	105.184258571017
EIF4A2	383.944849718456	364.968967792371	303.31317955492	243.189536055462
EIF4A3	68.9763288798547	77.1663349546496	95.4968253899404	89.7396483430703
EIF4B	346.807879926197	286.125637010343	236.218341347366	204.526618665497
EIF4E2	45.40852765856	49.8320427254667	43.0779227714463	52.2277094872272
EIF4EBP1	58.7808221060324	95.7980983555155	101.916707241214	167.251688866556
EIF4EBP2	62.2053441277907	62.3400352553825	57.4453013958456	79.4316253736256
EIF4G1	93.9100026004902	74.3860786964954	78.2341297571179	89.5673592938109
EIF4G2	410.32439023168	437.430761507927	457.273366871152	457.02719850932
EIF5	130.287472878717	116.670019714522	156.387850839295	111.396875208583
EIF5A	271.239364865138	240.470204412015	275.705802628819	247.805218874165
EIF5B	54.3909273452345	50.5594730875748	35.6602835672611	31.1630966602033
EIF6	99.177551424465	119.704843554212	131.712432849384	160.373784976843
ELANE	1.66483663605489	3.1329997710404	2.54324648924906	5.1246679129927
ELF1	294.975691145554	315.05697546973	302.95389592014	235.73292231784
ELF2	56.0776348821498	50.923970848524	50.9965965015044	40.0595225670697
ELK3	50.1424210646108	46.1881667813616	42.163727035093	46.0202890815444
ELK4	47.8725251690337	35.433482875266	36.2210065322175	26.2024953293295
ELL2	13.4782714969887	13.7115991232566	28.9132275908313	14.7998951026844
ELL3	1.62725668690244	1.12625067385193	3.77758726818354	1.52627593764013
ELMO1	91.7760910425314	80.4626427161005	74.2057902501784	83.3874319117323
ELOVL1	100.39447228826	131.782487675213	125.624057685465	172.454521252185
ELOVL5	142.665937843231	166.67905688509	194.447028634711	165.039057899123
ELOVL7	1.17266226860609	0.971163273129294	0.989037403056324	0.676128509141195
ELP2	51.6647635689081	43.2232876342996	38.7961678245801	32.3497162660759
ELP6	46.0855515394331	43.3090431155487	38.8747515891203	38.3962703042727
EMB	148.721302740204	173.34851321543	122.734645050019	130.606087199129
EMC4	71.3325861141463	79.5633942435963	71.478265520592	71.4549318809777
EMC6	8.26325489735237	7.97496980900989	8.44537471033043	10.1975196392254
EMC9	28.4204747440274	27.7203477758911	25.939687603868	21.3932996506606
EMCN	1.21620758517368	1.17527826678597	0.433762326377421	0.424223954788789
EMILIN2	18.8277026397759	30.3121062714609	30.7933239868541	72.9398412352996
EML3	60.205510509315	37.0603854367071	35.4724256035944	33.8392684033517
EML4	152.011590042222	171.856409058928	118.288518281395	83.9167301164529
EMP1	1.3290303118208	1.54388438161405	1.28954352571819	2.05084547420989
EMP2	1.1038144555656	1.11587358676211	1.08351241820266	0.616994613883318
EMP3	482.526389846508	595.3984598329	686.05889873584	666.523554589602
EN1	0.212782587341683	0.362187371387041	0.373095289291806	0.169417404822803
ENAM	1.12429511140127	0.950389090902494	0.85347548730589	0.530149774453703
ENC1	9.32333265598479	11.9830190616933	7.13804872448576	7.05766903475308
ENG	24.1666617063075	26.9402580129287	28.745582443971	52.3725809572739
ENHO	0.495029686684599	0.629741958945654	0.642241604267603	0.692712841844783
ENO1	647.604663208538	765.324497514213	757.899038599413	1149.9349963053
ENPP1	2.0017632919097	1.80844134281678	1.18243802784456	0.828700614339783
ENPP3	2.24377185298882	2.07978589976109	0.966163399647555	0.83602958753212
ENSA	82.0541421532085	88.7625815790571	72.2836910116728	60.537267419929
ENTHD1	1.10909692390824	1.10073465715369	0.619491247360139	0.450039913320744
ENTPD1	8.9216771742185	12.1519023274587	19.0177912162316	25.734698212887
ENY2	56.0807253441877	64.9592910553825	59.3856074816488	74.1945672998346
EOMES	33.6029421259801	76.5869491063937	24.4247450330857	16.3771313111439
EP300	71.0233906487591	56.0408915932745	71.2979847973107	55.0792193709558
EPAS1	1.61655039052069	2.41438850343532	1.35738764696488	1.51785280079247
EPB41	162.532248748965	113.035655417038	91.5317853969135	73.9004287048071
EPB41L1	0.964544287983293	1.06579299582721	0.715871794884666	0.461474011793905
EPC1	45.5772208342856	37.3959420802105	35.7411308355788	28.4968039983881
EPCAM	1.42697948987724	1.2186749148435	1.93157226709331	0.933625031057972
EPHA2	0.53678468181185	0.602043257877313	0.452444599929931	0.299215739402495
EPHA4	13.7197718562491	17.9156544368877	9.45142295054245	6.19090625231842
EPHB1	1.42646437976719	1.30118568190667	0.617466744505367	0.568885418094111
EPHX2	87.6006262313204	38.4210009532236	18.6767819089642	24.9293556461096
EPM2AIP1	32.8949962512043	38.4927172195558	29.4200071071899	28.2214078592479
EPN1	6.71841565221603	4.86762330010794	6.2838914093976	5.53090728987427
EPN2	3.79970325665252	3.41929350539806	4.10550301757288	2.39317647398018
EPO	0.604367942197797	0.737343834839765	0.796960450605346	0.427859495748213
EPS15	90.0975948481992	114.480514129406	97.4874222602389	89.2099013091847
EPSTI1	32.5016776854547	33.2792571212457	48.2434284967413	49.71221813756
EPX	1.34365737338804	1.47913545275161	0.915592362140326	0.639906999743429
ERAP1	88.8008517083113	80.3934214342654	56.7159693927308	69.010386371254
ERAP2	112.771911414509	106.143176546552	80.0330226297899	66.7004840333695
ERBB2	4.46558363042793	4.33187618693789	4.59786411332204	2.76032105773459
ERCC5	20.4256373436777	16.2346957546455	12.9346967618696	10.7880414479933
EREG	13.1104468417792	23.943858396518	24.3212664179671	62.3641651625613
ERGIC1	39.6393385347887	34.9223521554132	54.8311017869544	43.1409363537064
ERGIC2	39.6325019923396	43.8934536457502	29.4787017304606	27.34923423596
ERH	116.605529043074	155.438583513945	116.542207142389	119.453940249251
ERI3	47.4687843320002	48.8087089978031	45.77679899949	42.7016518665004
ERICH1	52.370468495347	47.3916049300421	44.1816112418176	51.6996037523186
ERICH3	0.519312728548294	0.663535315368466	0.313525435477901	0.228049393869054
ERLEC1	45.5620190644652	51.2127740003084	43.1245211533159	39.3723292939009
ERN1	26.2639379101121	42.6179376297006	17.0780122577245	16.7375188540407
ERN2	0.587758243696472	0.889898852224544	0.423431806802705	0.306450877231546
ERP29	284.033298492779	273.879359592718	306.611482269247	314.498095813758
ERP44	61.9360268524576	75.972948988052	76.2708847562616	97.2932617917173
ERVW-1	1.28130203815567	1.13925050956647	1.56318071414715	0.879183273089911
ESD	58.0006342198683	60.8841936082005	59.931100606543	74.7639792336263
ESF1	33.8881410811238	30.0696504403273	24.0755441232009	21.5905134585361
ESR1	4.6495955396961	3.36594779351381	2.57304971273779	2.07046883927479
ESYT1	259.863707377516	199.900942565674	183.05266915477	158.583442309822
ESYT2	102.161925177568	62.2627867794246	48.5951169678843	53.1360515816154
ETF1	60.0435723945781	67.4801621646383	73.9761717143133	78.3211010895714
ETFA	65.1844593589013	80.6158689020564	70.4549037200011	86.9356602786824
ETFB	13.3127602432031	13.6445038383869	13.5623755462724	12.9762694022582
ETHE1	55.2855061869577	60.5155660799089	46.1014164544891	73.7284106756963
ETNK1	95.2776896426339	115.200575616142	89.4389068389089	82.9381701242922
ETS1	502.498867097264	266.129153715815	253.865582891865	188.485043869513
ETS2	20.0179624179846	27.1308059289936	24.8720364919499	56.9157885703342
ETV1	1.20647049817933	1.43441637070654	0.614617790573308	0.492226693399409
ETV3	33.9946724550003	36.2631725802489	29.4022458501906	28.5250975169914
ETV6	27.8250535593572	29.0084826008519	33.3971686949382	38.0089467517465
EVI2A	74.6220363013118	102.640618498024	58.1414392988985	90.317826175433
EVI2B	286.959603197645	376.742314158196	365.734499103585	463.554492359743
EVI5	6.66265988608637	7.67753301176831	12.280735867985	15.2353171272026
EVL	403.797029370252	246.721609998723	155.270913344966	141.724156155936
EWSR1	159.912014763033	149.609155757783	153.269160610045	141.347013874054
EXOC1	39.7000001211466	42.0053550688894	35.6716738817952	39.5791150679285
EXOG	26.4166858545077	25.6939369926092	19.890224391124	15.217070929983
EXOSC1	49.159354204885	60.0962321489648	42.6061216541767	42.0516577485288
EXOSC10	126.107308801472	119.069551740857	103.422326023535	97.6373721782649
EXOSC7	55.8785322274214	55.3100574780843	42.8869290874477	40.286181469266
EXOSC8	52.3923475008892	61.0576526153886	40.0110807150642	30.5996680053641
EZH2	18.7457175150542	19.6574348924035	16.3338743412168	13.488326157775
EZR	529.64073195378	559.53112597356	1042.66518470996	540.494566906733
F13A1	39.3015982506606	74.2376720221313	78.957868281419	200.118156254806
F2R	25.335011325285	57.7368269984199	18.860466421119	12.8805501234015
F3	1.16467230068179	1.33859042064812	1.63946996693938	1.96494004324908
F5	10.7060166311808	12.1420500590136	10.503611790982	25.7968822826729
FA2H	0.605156710946637	0.713268537850156	0.860527438192723	0.404600013241116
FABP4	2.70407416615704	2.15308715688789	0.85679642837571	0.882492802985144
FABP5	9.77080947148722	14.7169642393268	9.75440003757112	7.62614946401125
FADS3	9.86186657779705	7.78612253422714	28.5618307788395	11.712920192708
FAM104A	43.2833862773543	47.5947730700693	37.21653676546	39.4713573345056
FAM107B	226.209917376851	198.204928694081	192.275972497787	142.959407901375
FAM110A	27.4137521524133	23.9131588523814	26.6176302074467	35.9769284191828
FAM111A	62.7401353336723	69.6801010963064	51.6755982463147	58.0148222050379
FAM111B	6.42192693455256	5.01579035554277	21.567308488203	7.99697252097532
FAM117B	61.3435758383107	41.2886827567245	58.8446421392091	44.476785914342
FAM118A	110.754891145436	90.3187493072406	63.9149810798537	78.4397929276881
FAM136A	59.6031254761988	66.4149918412993	52.7661077775323	55.3297407955547
FAM13B	42.5607551179564	37.2869591778403	43.0072320763544	33.7718347535691
FAM153A	9.67378265502385	4.4200433895499	2.42537690907038	2.86443185443856
FAM162A	18.4824380594955	19.4403434956749	14.7182336361627	11.3882777825781
FAM168B	46.4983045412231	34.3333264945492	40.8938648063335	33.6302904358404
FAM172A	31.7209191517288	29.3763125502991	25.4581931916466	22.350422466432
FAM174B	4.82450086954461	3.16856275565455	1.94732874048992	2.40575579807105
FAM177A1	43.9870392883285	48.4624589148123	35.3355828869746	30.185672968357
FAM177B	12.6422979725598	8.9631154835486	35.257766411735	13.62114869632
FAM200B	12.0460758775439	11.4655461487209	8.97638335590358	13.0985901055846
FAM20B	14.2341317535025	11.2868169593508	13.9376072759116	11.244420048456
FAM27C	0.535091417569037	0.638484228527877	0.793762198808515	0.390245729722399
FAM3C	23.5125027475374	18.3393074385291	56.43527398592	25.6223604074883
FAM43A	15.3020084231487	11.8365373056871	36.13122705423	18.9812477039566
FAM53B	35.7554090274488	29.8519802140068	68.7886620927587	37.3395868870111
FAM8A1	24.1609418269201	20.5607392105023	14.1182237927552	16.1914079853263
FAM90A1	0.813805463276912	1.22132867368392	0.827447729822127	0.741424526669446
FAM91A1	33.0412477876986	31.7521743581013	37.5562973874351	36.6922190775175
FANCA	6.02883297852071	7.06179448946788	6.42842834655375	5.82510731525178
FANK1	1.62559951075678	2.05564029051695	0.93861617882192	0.67573916799233
FAP	2.06977332092138	1.91713162718256	0.725498000067006	0.711667474468346
FAR1	29.6373686142946	38.7860751447935	35.5544151486997	60.8251693036118
FARS2	20.2522532540789	20.4233037095143	18.0407337035585	15.6272047655214
FAS	7.80599944771023	14.2906540474034	6.37519678434591	7.80164084687941
FASLG	18.3409842291996	43.111831609073	13.2683579827668	8.9593126005644
FASTK	68.8030512255009	49.5138009220058	56.6398967993453	51.259629514008
FASTKD3	20.1333164354362	25.5644805094404	15.7613708091074	14.9339074781461
FBL	175.94212675397	121.33174458261	132.900275987736	110.214926089169
FBLN7	10.0868830137149	4.39111130914541	2.3826894674958	2.93892489291617
FBP1	27.8772082056268	36.7830639976361	37.678817889089	87.4284703666844
FBRS	43.9760508885007	23.3095299955263	35.6655151716261	24.4364434323985
FBXL16	11.5684614695399	6.34039811873275	3.86050191666734	4.01865979560248
FBXL3	59.5341319409162	43.434482244	69.9037002233465	47.1081825142707
FBXL5	170.872880052773	224.503409740272	215.863652458817	399.918468854144
FBXO11	25.607835172042	16.6755104219376	20.8385149271226	14.8791332403929
FBXO22	9.83828202534803	9.9790432013749	7.27701432975169	7.01888346745314
FBXO3	40.4205418696001	40.5644363674898	29.8425679250538	24.6181409741051
FBXO32	22.841497533969	24.5703324358665	11.4618204961325	9.57528308683842
FBXO33	45.5439617171731	37.9912312891398	47.0333131075509	33.8452466550299
FBXO34	40.2622077504359	36.6959380125034	38.4118346403351	38.3650806167531
FBXO39	2.721293831257	2.57557518787573	1.86520897648114	1.31391249186632
FBXO44	33.9129124015516	28.4259249757078	22.5603690681244	17.0574225082544
FBXW5	136.054556049314	135.777867820589	142.904434254925	153.034803849512
FBXW7	49.4201822727647	47.2087648272228	38.3360770315153	32.59694542318
FCAR	17.6961169258755	34.1728651200686	34.3326149979774	89.7998915072697
FCER1A	6.22697027787297	9.6717959852048	10.6064259410381	22.6357508430523
FCER1G	449.527166256559	873.360894351704	886.848805089933	2352.31973243107
FCER2	86.7756924450031	58.8414359416303	299.560022667744	115.864031094291
FCGR1A	5.26383331988817	10.079074924821	10.4974988601786	26.5843555037873
FCGR2A	34.6774322723835	67.4588966453219	67.6603207399123	177.702447677983
FCGR2B	12.3610897438285	10.1432173187999	39.9272206795289	19.0838009122497
FCGR3A	33.5936916825071	74.1792562386556	32.9678550947586	40.5814097648341
FCGR3B	4.30940113820748	9.93441086730857	3.85533523424903	3.13524521896161
FCGRT	117.945989788784	173.144465389959	183.557075723525	429.636565103562
FCHSD2	63.3425751133926	50.3226421864708	121.945752756763	68.0633444311504
FCN1	237.413131483019	468.69373922641	478.007730668865	1284.47813263014
FCRL1	128.782193228625	85.2297337442221	457.783559249576	167.406969968377
FCRL2	19.3940365383983	12.8786467146505	66.7594919466326	24.5543310727837
FCRL3	68.2887543718586	75.7372741254209	180.215205863101	70.6535966780895
FCRL4	1.45848360245779	1.35628102716146	1.1977703108057	0.712770522293768
FCRL5	17.702761695371	11.7582707205358	55.4629290916558	20.78075654257
FCRL6	62.8251357781787	147.364335962746	46.331058472134	31.2627445004744
FCRLA	67.9880051815449	45.1434020189587	241.865503070528	88.4724973852693
FDFT1	143.19228590486	139.188711598518	175.053625506342	137.504881044012
FDPS	50.1618050383275	54.8414940403698	46.273891890836	48.2350666126633
FDX1	21.9796460880094	20.8487537112948	21.7665031813923	21.8513581634662
FER	6.04720840187158	5.5640086890659	4.99246512526263	4.94434749430381
FER1L6	1.44379804450935	1.35118307352687	0.55829262655776	0.508401807005961
FERMT2	1.11942033822255	1.03704029131275	0.501482154710313	0.452771516878371
FERMT3	89.529235942605	101.226281277327	99.698038299181	159.011641250329
FEZ1	3.62122249798765	4.81685289532904	2.23453970955497	1.71738470349391
FFAR1	4.32647422049572	3.12643343409336	14.7885091655528	5.54829234083666
FFAR2	7.07361418978892	13.0061461593881	13.6345781971438	33.1391614235897
FFAR4	0.852355183897213	1.06862805989123	1.38764395124098	1.40614849688277
FGB	1.4077175525718	1.04452338505884	0.41415735741651	0.446649060275467
FGD2	28.3952443681633	32.881655904331	77.5432794600481	77.5787640665632
FGD3	219.471266064332	161.212193076317	151.061179322031	166.129843025721
FGD4	4.5504334335022	6.29748115582278	6.49762536284799	12.8628025869789
FGD6	2.76472860996444	3.37072712503686	2.83480509608905	5.8327867384658
FGF18	0.318640293471444	0.387650564482804	0.218861768187453	0.142592953729917
FGFBP2	82.4232962350088	189.328760320309	60.0047903906615	40.2979616791413
FGFR1	7.27117118175625	7.74304778150184	4.7092052695929	3.7231499272046
FGFR1OP2	110.329689310485	131.668223325395	95.2161481211555	97.6809406502186
FGL2	100.424364892293	191.339859340168	191.839711629322	499.004781613589
FGR	222.207620492805	400.804751007083	467.216390774853	920.641260214446
FHIT	92.4554793722594	37.7825355333303	21.0255524678414	29.0321031774574
FHL3	19.3827232071744	27.0420393999901	24.1645437178642	54.6715345746398
FHOD1	14.6070282025607	11.8649461072236	9.40452583795188	11.1757174443316
FIBP	96.9805931292237	117.059587688289	118.547874737251	132.122002461727
FILIP1L	5.14942241637447	3.86734501332895	5.03444046560474	3.07567066901239
FKBP11	23.5286224580643	31.060888849764	14.5564689681836	11.2627797207554
FKBP1A	87.6005852746905	108.2910129636	90.0355130198278	157.015270773406
FKBP1C	8.13878891652161	10.4129338795519	9.70738619155722	18.5241718671492
FKBP2	3.51454326485056	3.62343051138623	4.11991829379929	3.92216882416366
FKBP3	70.9907774677114	74.4566632311201	55.3353155308499	54.2221412279137
FKBP4	44.2085635814354	40.7052256269531	39.0041900740215	37.6141233702805
FKBP5	148.208426633785	134.739051522517	84.0387016483292	126.673964579544
FKBP8	127.961870043435	91.6973332872812	114.250898917102	117.499817594973
FLG	0.386828670956194	0.427493306239139	0.389361733985512	0.211893831086811
FLI1	80.6868618291878	75.0042696870393	92.034618900584	89.4137155172092
FLNB	44.0042855890158	22.3656707792238	19.4707651622542	18.6302411019063
FLOT1	131.157906157929	132.586804981639	121.560959690564	182.233731204517
FLOT2	243.369868645279	227.029735618692	305.137882580796	316.046154008473
FLT1	3.90328431626018	2.68919734390542	3.25764633501055	2.53722248857151
FLT3	4.9776589114065	7.2297622548268	6.70516299907199	15.9848946846984
FLT3LG	26.3012886262574	14.9381069912524	10.348798545203	9.65598532106053
FLT4	4.70312313006766	5.55020946054607	2.95656112395789	2.01977388329951
FMN1	6.56048474964113	3.63166061635391	2.24358883090814	2.8545701459769
FMNL1	95.5662431811555	67.3849127768179	76.0251697598874	63.4958732706925
FMNL3	26.471327409218	14.8520152926448	18.1518782483317	12.5400933236941
FN1	3.28003289757059	3.00444073883569	1.96243034324333	1.90776399933176
FNBP1	143.816010904323	116.638610736431	108.275950644822	93.1954419421218
FNBP4	193.802712521764	143.941771846532	149.526755145875	113.70832178885
FNDC3A	39.6593584695705	34.2235068103065	30.4960541696005	31.0683502381402
FNDC3B	16.6385964481554	18.0340476121001	12.6478434320558	23.5703269625578
FNDC5	1.12379776798094	1.23428929122629	1.05928749587336	0.656258456798442
FOLR2	9.42627814608762	16.9088502214634	18.0974146365204	43.3370432938497
FOS	2342.2129624966	2900.46774542819	3196.2201011737	5531.50307414847
FOSB	240.917403608719	195.200791008314	292.139033556888	264.986344650628
FOSL1	2.50619722871902	2.93106528752376	5.34663667822634	5.12254561719207
FOSL2	20.786982725634	37.2589826313335	23.8786947720936	38.468027354221
FOXD1	0.226174205009951	0.32386753920932	0.370759671851913	0.187945320184198
FOXH1	0.261724099290738	0.309899533801145	0.282732776315358	0.14800501389024
FOXI1	0.301902507807248	0.406382032394689	0.212034832561721	0.13907370425228
FOXL2	0.312424932616442	0.331215022457986	0.898419860957375	0.346656704088931
FOXN2	46.0008151572067	54.8784150837347	49.1519244094219	51.7341185463524
FOXN3	52.6194372648322	41.8702331216672	45.4440677760074	40.9272079103292
FOXO1	56.4407766931412	32.1202290834624	57.5415512913154	32.4590612758152
FOXO3	15.3315041568885	17.7681405714044	16.5540720564587	16.3962093804498
FOXP1	238.059498051815	201.94804494052	201.152585134284	137.544924910126
FOXRED1	20.0771379656118	16.8867149298224	16.5418359948828	16.7023479190782
FOXRED2	4.18251807694996	3.50843382727847	3.2875284431641	4.16016305189857
FPR1	122.169927519383	240.056963658048	244.327732696796	648.969256800332
FPR2	16.3827695626786	30.9543347438018	31.2296504251644	81.2736686350989
FPR3	1.67865522182973	2.57082802387946	2.05957412701669	4.73597912147426
FRAT2	31.7740024046194	37.6548524497906	48.1668254250144	81.074409147502
FRMD4A	3.55054897455601	2.93517779420679	1.74927275510773	1.45731471466573
FRMD4B	10.0588625679547	16.8772191292547	8.86802663744577	14.5137728132329
FRYL	42.2627897135029	36.8315869562983	34.0216078613293	26.5956696918355
FRZB	0.808846179381705	0.755453945758487	0.386794590174612	0.30502709965723
FTH1	619.801205001247	798.636864426107	863.575068969974	1025.76833414245
FTL	5490.4386059442	9130.24957865628	8622.44905118505	15238.3957059784
FTSJ3	54.7477455331393	48.8863202443279	46.2117036324332	49.1292410628655
FUBP1	102.863342315963	95.3374556951974	77.4770745978063	63.1446196403254
FURIN	34.3345204081573	30.4996218098228	40.818730949809	50.7094457800113
FUS	184.154649134917	127.986698959781	122.971749460386	108.976100144933
FUT11	31.7235651831779	41.1514169226374	31.2807429437467	22.6013508974739
FUT4	3.63496764780088	3.81555671198069	3.84464297389862	6.56388315638924
FUT5	0.235962688779163	0.231818004535612	0.219983109983705	0.121649051838018
FUT7	4.37686511235759	7.29714962730886	7.0630551217823	10.5654016870044
FUT8	21.0320059021274	20.3687897154924	17.3177840610882	11.8925340680034
FXR1	38.929003842114	35.3153653060611	30.5280180271475	27.4452396509452
FXYD2	1.79031850595791	1.78005479832239	1.51934603462188	1.02903859033523
FXYD3	0.760984717803813	1.08417766572222	1.33323749631641	0.628621517442311
FXYD5	479.591673225621	463.143520256393	394.958550235243	386.981056596381
FXYD7	8.25219628094803	9.50738132121356	7.24474937532808	4.23102612317365
FYCO1	23.0438360228231	25.590431577861	15.7327929083512	14.1270374151712
FYN	319.901872892911	423.59643943203	191.365325753662	206.064477691089
FYTTD1	56.8484031895971	62.2227862060876	53.9266208072579	50.1669660678177
FZD3	2.96521848261354	2.40361007368805	2.13601860162839	1.4619114272432
FZD4	0.349496139406889	0.527662263410437	0.205203765000647	0.149117501678342
FZR1	24.7067676573751	16.7293979674942	22.5596367986034	16.637007287014
G0S2	40.3017886867383	71.4849729220489	72.7678314072263	157.593701027226
G3BP1	63.8200968307259	60.9628703686191	51.5482719631763	45.1003384683008
G3BP2	113.106615941227	111.703001708121	100.915130701285	90.4239056424366
GAA	54.8247350810712	76.2017527313255	82.3032926409838	178.493342610928
GAB1	4.1152779867786	3.61911338691549	8.99895518438483	5.72568767630372
GAB2	8.15608389150622	9.46816711015171	13.1486364054103	19.6971413061659
GABARAP	30.9066555004471	32.5533512162001	37.8604241437887	57.5536166028689
GABARAPL1	41.6075383240935	63.1137586681838	33.3507743141906	37.4551850212256
GABARAPL2	121.421938057064	151.829793280407	128.094043007901	134.798544916635
GABPB1	28.0366311895228	29.9215560966722	39.8184060785614	25.5061576211247
GADD45A	24.4263407752799	22.3360139805301	21.2788292997865	17.7838274234737
GADD45B	183.884886825997	329.277557511962	254.422440695424	201.892264863674
GADD45G	4.06610711100911	3.125801012047	5.49040893487504	4.14685771370797
GADD45GIP1	36.113080031763	30.9229787704795	42.7795000253845	38.1483422689747
GAL3ST4	19.8255233886876	8.57195975566204	4.64089454938275	6.00023378338793
GALC	30.3528727148236	39.9254352520694	29.7396639091528	50.6585693013276
GALM	55.7306926722221	95.8110896961636	42.5863655661732	32.8800691278838
GALNT10	24.2115162341227	27.1631205243978	30.292685594581	21.4923449633248
GALNT11	38.0840667089587	42.7524058396337	28.8089209933184	31.2305299996118
GALNT2	29.6577213784177	29.2657513824956	36.3774686443139	45.8570703075921
GALNT3	13.2971625950035	19.346977642014	21.955831858711	18.0512674321553
GALNT6	17.2015804583831	15.8201636274361	17.0293632707737	19.2924282349277
GALNT8	1.91378630086137	2.04057236483509	1.23945726912169	0.831790136499716
GALNTL6	1.6833478159529	1.54202805449253	1.67169787798061	0.924333204785838
GALT	68.9078807905742	47.6052058113894	31.5655407451449	32.0453960197061
GAN	5.84499030862772	5.23032549090248	3.44120483512369	3.06132652883521
GAPDH	877.914642332154	1207.24197491349	1008.98602665289	1681.8133780619
GAPT	35.4938905840239	42.9596905132109	99.5837113556165	105.866063722298
GAS6	7.02272246347742	5.7505793235635	8.00094162385995	8.45527340177818
GAS7	13.0438744448859	24.2925722236526	24.898738628615	58.1172806357429
GATA2	1.08985180691384	0.983611928902981	1.35151103631387	0.770311478523436
GATA3	56.2580559142025	53.8871404088102	19.9505984624393	19.1947169218805
GATAD2A	49.7608805714498	33.6877213317423	32.9142853607728	30.7162910568969
GATAD2B	51.2800082472012	43.5003550149104	36.7844031195323	30.9490660087407
GATM	4.15123786619751	3.58405431578972	7.50197959769935	4.04785587953085
GBE1	21.5380198995754	22.6047393868142	27.1776196285466	30.4365486166515
GBP1	74.2670007615109	108.658296995216	63.9526440871607	98.2993818514598
GBP2	150.775814703443	190.550799401315	107.758539380168	165.191263286698
GBP4	60.6881933363852	67.0511903321648	55.6630016713128	54.8297268942456
GBP5	83.5506629449165	132.297687931834	60.3175987839837	63.6274225651728
GCA	50.8801945996645	82.6077303942167	95.2416663537591	198.529833768187
GCC2	99.4450423403112	90.6718204583916	60.0404847391614	47.9730994547773
GCG	1.43056888715979	1.4130923830735	0.685488369499178	0.545353791346021
GCHFR	12.8372089575935	13.8368660708964	9.02464638621349	11.1365479383839
GCNT1	11.4331992897666	12.5522862299257	28.847010586832	18.1364659763941
GCNT2	7.25468065864927	7.82331855978754	10.5857508451726	12.1873419926385
GCSAM	26.6480033227353	17.8413498317991	23.3162698989474	13.0641234103071
GCSAML	0.834131930038935	0.838211361298028	0.472530198664504	0.345511889092536
GDA	1.67648612814849	1.38328494405967	0.657521176456125	0.596084214271185
GDF9	1.05424763023106	0.964689346745125	0.686174250138625	0.625762694599664
GDI2	338.04092936851	388.686228651856	427.976632923627	482.360850881807
GEM	2.32291893766049	2.24852985066983	3.43623040912323	1.71257643144363
GEMIN7	2.40395354914343	2.55262651758617	2.94631280363974	2.96553440906414
GEN1	4.21061266837696	3.86198982081587	6.59506426105841	3.4595100640094
GFI1	11.8869556360908	12.2742330591943	4.84378444884104	4.37542820940445
GFOD1	4.5261983744755	5.0707405582409	6.9298463579699	4.90031986144778
GGA1	70.1070093637739	59.316950242614	60.047737647587	57.7140027984784
GGA2	101.448683531078	81.8310169679101	207.083692415994	106.997300281006
GGCT	22.2692157219272	23.1988780840111	20.8976016433007	21.3541959933186
GGT1	0.728625501614797	0.780018731768005	0.468251275661416	0.637973152517556
GH1	0.929655188407467	0.642269071490798	1.11088960749881	0.585322799288646
GHITM	124.782431123054	155.614334165271	128.104922813951	159.056739531518
GIMAP1	68.4991140892272	49.8078486959479	27.337370076199	47.1423419595766
GIMAP2	256.754686850213	268.789007000382	132.288893338032	179.470892499593
GIMAP4	614.243290258754	693.394457279129	338.739389378432	567.954759167605
GIMAP5	35.0694599719431	22.8448838632784	9.48964830036581	11.7024669592987
GIMAP6	140.885668108105	123.466497747006	62.5826241421936	104.515912912286
GIMAP7	884.258359507431	1185.64941059144	445.175382777333	511.939236508597
GIMAP8	66.3856327898567	60.1303914356351	40.5471734037786	87.1678126539083
GIPR	5.88525806541975	7.64000952587432	4.10364154925395	2.69104612558393
GIT2	68.2523508371393	71.5413929684713	69.8729415683789	81.0624595934257
GJA4	0.46614749443004	0.571047596458091	0.19282912241802	0.170235556561131
GJB2	0.299927682585739	0.379756578276725	0.596389071965141	0.349107087849267
GK5	11.5645485039435	14.5545295035589	7.30468536246534	6.6240766668794
GLB1	74.6483197878224	111.130568657177	109.949523719109	190.527291625194
GLB1L3	2.21379741659539	2.6084398693135	1.49609443410011	1.00298172720493
GLCCI1	31.6924874760644	30.4387915359437	34.3300668402074	18.4951611513483
GLCE	8.01952715301812	9.14054264413037	8.39158266057386	14.3223714453438
GLDC	3.33011818966261	3.27993508307727	1.97971873212194	1.40587694008852
GLG1	154.954545922019	132.188537960049	101.334988942837	109.738141791997
GLIPR1	53.5391410362018	84.7764058411358	75.3589654525186	111.411197137584
GLIPR2	117.447396322815	198.678899831541	167.168425613272	355.730220623138
GLO1	115.536407921377	136.562741100265	153.444324766792	118.685211182948
GLOD4	94.8439443772235	97.0064323884229	78.4288480213654	80.2978728306171
GLRA3	0.758544444139382	0.630184540380982	0.336764470722694	0.277732781361195
GLRX	67.8993559788858	96.1170792275606	69.4197811384198	131.351140618652
GLRX3	30.7786257656318	35.220891491777	28.2198579160328	32.1381136502031
GLS	78.6107293470567	64.8701398293561	59.5453962769452	45.2509351610735
GLT1D1	9.58020479950984	18.1018661402041	18.1300371813861	47.3833026216263
GLT8D1	66.8042548968615	60.8450593322737	55.59235548476	58.7167933933281
GLUD1	45.9608780748361	46.4563743926682	50.6932821637422	58.1820889301194
GLUL	61.8398848665798	96.863813603965	90.3786441970382	167.447160561187
GLYATL1	2.98355701640366	2.37981227673213	3.50460683958829	1.74562685082913
GLYATL3	0.696066993099229	0.662675165408675	0.310004819410081	0.26515423829902
GLYR1	70.1689492084905	62.9968830088537	64.3040227158019	72.1542967983037
GM2A	40.708794973414	43.1281736554251	88.5967460097348	92.9595139250428
GMCL1	44.9382610342471	44.914362653592	38.3224548684774	34.9172406742269
GMDS	30.7084484833799	26.3881674655281	29.2209522370523	32.4127073242006
GMEB2	31.1588177758301	18.951310741671	26.8538697346618	19.4130557117219
GMFG	456.86539777379	604.310504031332	445.153498722139	596.875310033544
GMIP	104.108523348673	79.4790664355862	100.526681715967	111.923938555238
GMNN	14.7777580115681	20.6495063563232	15.2128108474573	12.8762775503682
GMPPB	11.3955996884266	9.53218872436788	10.3925083624746	10.1808726054336
GMPR	4.35664064145951	6.19592058188725	6.5800876788416	9.86440366284229
GNA13	77.073761115217	73.7255478727931	108.172141094695	78.8816347327057
GNA15	9.02053731328336	15.7626432460694	16.0058582291554	38.9451596866525
GNAI1	4.12389701922758	2.84288450586754	1.58927701507251	1.70833540623308
GNAI2	249.85335673029	262.325728121547	337.160375564327	481.932397011277
GNAI3	48.7138555136161	62.7962336582541	55.3302848200525	68.0574168010956
GNAO1	1.67113742209287	3.11153485651511	1.53944943184759	0.900558145413952
GNAQ	17.1125195080266	13.9322288966667	8.84935957027727	16.9655922297826
GNAS	244.196180137085	253.211406562753	259.736803943879	213.330466935669
GNB1	180.489379273345	143.40786221424	199.279489506555	178.570899403836
GNB2	85.4410549802438	67.9522711148003	92.3041011274696	106.49491964948
GNB4	11.8525813800338	14.058879954567	27.7666388920821	30.8573843834064
GNB5	21.8173332399503	19.4008487715162	25.3270436072134	13.5266736586193
GNG10	3.35151857214042	3.60598992058301	3.50354281655132	6.77325509169719
GNG11	1.71810753854223	1.39353984460153	2.50769232737414	1.49633994738587
GNG2	136.177072065392	159.433741955664	104.480013660103	114.767791099584
GNG3	0.755767374708542	0.72855403698414	1.24972790974958	1.0130685129497
GNG4	1.59835108824691	1.01673753811925	0.472151496013648	0.524958895933941
GNG5	15.7039744546967	17.5646457000461	17.1233945724266	24.6690104526819
GNG7	20.8033388227923	13.6945736023262	58.7621115025842	24.183375978563
GNL2	85.8928425954151	96.7665981472337	84.0167412947105	95.7125485111574
GNL3	126.675332090517	110.45201258708	112.873524462291	90.4508542248919
GNLY	286.002480198378	679.655900786544	223.02217679546	146.870339893737
GNPDA1	38.1497660383438	44.9490643078971	27.9982180546251	45.1462265582811
GNPTAB	50.201065400723	51.5000401535314	51.0342545847377	43.7346925665442
GNRH2	2.38486160123359	1.82595524858146	1.36833687307303	1.05362272318415
GNS	83.7163475826089	125.447856675461	121.486972716231	273.485212892786
GOLGA7	19.78702807456	21.7022530851464	14.8454455271175	19.2099179296403
GOLGA8A	28.0505443534837	26.1992821914993	14.1396835520896	10.8732202713483
GOLGA8B	33.8140725814544	29.4895103591401	17.198569456139	13.1295231179976
GOLGB1	49.1218458120897	50.4880391662047	42.7449657015734	33.7358120092979
GOLIM4	5.40244181129719	9.33596754718437	7.21081883014829	10.0910837404371
GOLPH3	75.4280067876458	77.1283801362967	93.7756253166938	104.894847334588
GOLPH3L	31.0465256198587	31.5164138484472	22.3382341920183	16.5301010439975
GON4L	43.3362781361693	36.9278611015759	31.0473414045427	25.726106520289
GORASP2	125.54512908399	122.201368070088	111.421321431146	108.896490049824
GOT2	78.1570483993736	81.7731361398887	65.3408134398798	70.9864415855959
GP5	6.61807858155793	2.93777879643602	1.41168125970018	1.92931913430574
GPA33	47.3646520682889	24.1072834412116	14.0476748944027	15.4818250848251
GPANK1	20.7360004859283	18.8597021489678	20.8283569923314	19.7719191954399
GPATCH11	23.7932319252482	23.3302043947324	25.1316509703093	18.0525236165547
GPATCH8	62.0022774922285	50.4223107144904	51.5734273609692	40.7692945223692
GPBAR1	25.5724989304333	47.8632651798307	49.4882278239783	126.644449132813
GPBP1	141.879617415308	164.526219902113	144.635634165851	108.750750402495
GPBP1L1	124.841726871536	135.53554898048	111.729909663689	108.587931699645
GPCPD1	68.5515488535835	67.5988002286278	71.9698657944166	78.3078171165917
GPD1	0.821677683300989	0.858405615892487	1.07157719734147	0.518825195849013
GPD2	10.2931887211524	11.6903789092083	13.1241903170593	18.6336407410406
GPI	107.15325742235	114.681566801688	97.7421543861043	115.532891575753
GPM6A	3.33070613221732	2.78151861823365	6.16375735091036	2.63101414364468
GPNMB	2.96988197509506	3.54064878849376	2.48537597710869	3.89550734456394
GPR108	104.268278687161	130.121513997328	121.063123543441	155.328265822177
GPR132	40.5373971220749	33.2888232781706	44.1664962847484	38.7593318036785
GPR137B	12.2333848439104	15.6298187553386	11.8198789210343	13.7415383074878
GPR15	8.80298873875994	19.2199574267465	6.54985436990707	4.315941353575
GPR152	8.10567886520982	4.80182313427134	4.42251616627657	3.31807792046169
GPR155	23.0999149249769	25.3164683125284	13.9549815422891	16.456366047687
GPR160	38.6636421924434	25.8611237533802	50.3789951840522	34.3561933204976
GPR171	89.2361473966532	164.142078871867	52.1394903016457	38.6377450518737
GPR18	86.4078001912465	76.1342184772232	107.768800089404	56.7702306446316
GPR183	468.065089210329	476.113168229708	403.805112047264	355.080813682198
GPR25	2.91148589355675	2.28205732744397	2.14633171332297	1.3665975309371
GPR35	8.90271703086987	10.9971456711117	10.9176981724478	20.9927702137092
GPR55	3.85303995157904	3.08942116221361	2.01130221583747	1.53179176294136
GPR65	34.7995421724011	53.856006677781	36.763993626642	40.4020832950116
GPR84	3.30862576576474	5.83545567481213	5.73729174739628	13.0343589982185
GPRC5D	1.96663970787815	1.79732416923394	1.88108778791869	1.02764162304363
GPRIN3	18.1450386314373	17.1193103371526	6.66849234460468	7.28511613399404
GPS2	30.506970051483	24.1530566349981	22.6637392122257	17.2709754205097
GPSM3	337.226993783695	288.507576674118	232.993314513248	236.038085780499
GPX1	56.3834877858003	73.849090133618	82.2866050382988	166.078249991008
GRAP	16.7960447253545	8.14702760789804	9.0141776000222	7.0677272866946
GRAP2	103.376761324915	91.5672669059947	44.9652195579748	37.673787221471
GRB10	3.95012296438301	2.73181893602929	1.74643332248169	2.84442777992656
GRB2	255.973306731268	283.76437196714	371.971586212429	458.3086328381
GRHPR	28.0036478111144	27.2664084197327	32.6513125323988	34.0319912820105
GRINA	44.4963884427465	38.0054758181618	46.9949033280419	72.5537826751504
GRK6	177.645327116217	121.358940093952	183.098740330963	157.576489187668
GRM2	1.51209263951702	1.29892402349679	1.77123793784391	0.91582241054349
GRN	512.206945002316	928.904527211244	1017.88159196888	2463.19116072166
GRPEL1	53.7096054453364	60.9951304205844	49.7193327472004	63.41710929846
GRPEL2	24.0692150416283	19.9036845479545	10.9146506843676	10.7606563261414
GRWD1	23.2844164982401	18.2834278052128	24.6597997020288	19.241832201279
GSAP	72.8425969973994	68.2133042518568	119.334947388568	92.2431753619619
GSDMD	77.4509197669377	67.9441658680687	69.6154645820477	79.5396259060007
GSG1	1.3017178557083	1.37220504059097	0.986794991458108	0.646203875654947
GSK3B	25.3320979500614	20.6681181335627	21.7867445714129	21.002215856623
GSN	15.8430678210392	26.1479051793681	30.5767665168472	64.2058506659057
GSPT1	57.2076977582047	46.6504996079963	45.8500072920603	40.4370498344772
GSTA1	1.09435274283803	1.01380078276258	0.375450465266681	0.367808544858343
GSTA4	3.06360684217359	2.96776122562901	4.08282661871798	2.17419342443618
GSTK1	333.994600224211	358.630056583258	234.199131898057	303.771763975141
GSTO1	117.369587063533	171.500398778397	151.487292016527	258.699267955799
GSTP1	166.185592143576	248.251947375764	269.447274490414	449.596468932779
GTF2B	101.087674223153	102.43532031331	106.979735762083	94.3919662161835
GTF2H5	8.04995408532097	7.52173864932859	6.23798514216181	6.61837078725651
GTF2I	33.8793879543463	22.504100259087	31.5942138660362	22.9305624662571
GTF3A	288.67471025721	280.164384177074	289.793926537376	251.272928051799
GTF3C1	42.0838048487803	38.7175598740776	32.6288617180831	29.9083626192107
GTF3C2	55.1387739243039	46.8883617242546	48.2126901257208	50.6684635572388
GTF3C6	93.3380776825256	133.173839243467	108.512837534677	118.750708380959
GTPBP1	56.5702418062465	41.6883464626737	57.0578470212308	44.4609478802067
GTPBP8	36.705981652373	39.7149836648224	23.8550223819628	22.6894032720077
GTSE1	1.24702805793353	1.56356739706124	0.969563196697701	0.621101691013291
GUCD1	98.4333062421032	79.9727987453266	232.474744889002	130.955277591195
GUK1	139.442175652176	149.057808840597	138.811203843907	136.680910249648
GUSB	80.3630315435746	94.1541336146038	93.1063621648704	124.145853022352
GYG1	28.1519924919691	52.3467437717606	29.0106041139707	39.3422785514685
GYPA	1.69431350002257	1.33093689057646	0.599777954342576	0.614515493008873
GYPB	2.88711798290277	3.01063940001664	1.16423537547862	1.03158108382268
GYPC	156.62215415207	119.60500528385	98.4230354333394	77.5721473853187
GZMA	273.176753684906	646.10287468562	203.152743370575	135.220771649225
GZMB	404.066025280923	962.308335961029	329.179105308177	208.919697932578
GZMH	243.52090989651	583.486038066974	184.81550257795	121.872124764298
GZMK	84.6021517814764	198.443933370495	60.7543181017485	41.2005018262763
GZMM	121.636380232532	123.049724276829	44.9123586556961	42.1523653656556
HADHB	114.579052238226	141.06907709568	128.611189229961	189.654569364332
HAL	8.03145794000606	12.4651115593277	12.842066448843	29.0041023826136
HAMP	0.766545701195535	0.804358647196799	0.810054845379609	0.457316993079529
HAPLN3	55.0724575786176	28.5642528292899	16.8758170903502	18.3969175108474
HAUS1	48.9760732917386	59.507714424675	52.8746174116525	53.036620624856
HAUS3	5.33482616713217	5.88021660327435	3.61282401117859	2.5466138321194
HAVCR1	6.03687812174771	4.06453957407475	1.69673408528253	2.03382857236751
HAVCR2	25.3667554406911	39.7576628674163	26.1718563383974	52.5549482697091
HAX1	130.410923453369	126.991846868547	110.243536534538	101.456488500418
HBEGF	7.28291357526524	11.1979431850441	11.2211771478424	25.784969909118
HBP1	133.965870972074	140.079007184491	135.757227918014	111.591759635512
HBS1L	37.579239166574	34.9539841660234	27.7113490850211	26.8361903995543
HCAR3	1.89906340269358	3.38270377256826	3.08667736215057	7.5930776193592
HCK	145.015098593355	268.099449084329	309.12846747844	724.280827608553
HCLS1	572.105309570178	633.627045840153	587.59369864742	765.885708581386
HCST	172.987725820479	257.75452023791	117.131247090221	171.351068349977
HDAC1	253.509435013334	237.550374460353	226.80730980643	206.534256876145
HDAC3	98.514222310762	94.0953958491335	107.805941747378	108.563883481073
HDAC7	54.7341042253091	30.1355513094804	26.4896013307997	28.4045342115464
HDAC9	10.5167228704256	10.4523297438606	27.6118477761953	18.8227298111085
HDC	1.47980738905777	1.71291082869574	1.49467521076784	0.966190078289233
HDDC2	28.8117075429169	32.2243879184205	25.2215113957509	23.2531321788805
HDLBP	76.0731654399723	69.2580247137091	67.8463674912699	94.033768405147
HEBP2	14.9371239243563	11.3991561161121	14.4117647865445	16.777693289205
HECA	81.3703613198931	67.2436748753232	61.133729132193	51.3888250721202
HECTD1	50.9494344941017	41.5847046746643	47.2185174709826	36.231675841903
HEG1	13.8631920671359	10.9189807265539	7.49438522571032	6.52165548536854
HELB	61.3766406534906	47.0145246336171	24.4533810052313	24.8521117313198
HELLS	13.5280742269668	13.8682070592914	9.67391307989484	6.26192164483192
HELZ	44.8653150456971	45.2511421526972	38.6798911946953	38.429591120522
HEMGN	7.92266867167809	4.58738874084717	2.80154108192081	2.74831586497799
HERC1	69.1669403649016	48.3194998086576	44.1313194818389	35.8288683244037
HERC2	15.030228375827	10.147066624855	10.6638172785771	7.7902282540387
HERC4	47.664442607301	46.2273196069938	36.4242992349045	32.5752331230349
HERC5	25.1464362970146	27.1268072019137	32.222915953764	33.7936633244015
HERPUD1	301.715986952437	412.81870075092	626.696376692786	394.491239606048
HERPUD2	97.8641995550564	115.181720680783	87.5637594348215	75.6693114922842
HES1	7.1706589617807	4.88243922993283	21.8962489343461	8.92015317725321
HES4	9.97316507152217	4.15844731872403	5.18044136235784	3.85208625114249
HEXA	33.1737079585527	32.2637586658746	33.8527438310352	37.4309890920144
HEXIM1	37.1321239917996	42.3464390251047	36.0520941290215	25.6029415751504
HEY1	1.11667890168162	0.849555056845449	1.59000308556409	0.756316853075453
HGSNAT	28.9361891529036	29.6997284553032	33.7480935386304	41.2152722563906
HHEX	55.8264273788284	56.8921488576338	173.725176324876	133.597827581112
HHLA2	1.47795403706642	1.23436852990471	1.12478057525944	0.689086312643015
HIF1A	178.329042431841	167.245416675491	231.562565752558	201.055373812423
HIGD1A	30.3784091549699	44.0510746382141	28.8967028438005	33.7724131954638
HIGD2A	186.293736223656	226.970561040246	181.60035200848	250.862515024319
HINT1	138.528932622708	142.919433780757	128.205605873318	104.789410803825
HINT3	23.4644929075473	24.3878158811837	27.9624973027729	28.6513216509497
HIP1R	81.783029833575	46.7673431918434	122.84415004916	55.3819276551288
HIPK1	55.2739791183899	41.6493425795951	39.4135185438781	38.3963886692755
HIPK2	21.0423394788036	13.8981333626253	10.806936409748	14.1489537248409
HIVEP1	25.2386917663646	13.7545052920785	15.8767656801194	12.4938366629831
HIVEP2	64.1297014626625	33.8778591534568	26.0902115585879	23.2377670803653
HK2	17.6094284235354	20.2201609026923	24.4129105509231	44.6993089136913
HK3	57.501838845832	112.088391878252	116.077667052467	304.971111389876
HLA-A	1528.07925803789	1560.25504709577	1457.11291237314	1516.29665043194
HLA-B	1840.96905912533	1844.05936716201	1838.91254466197	2069.32933905655
HLA-C	2061.88677876356	2123.06687561271	2023.48856131539	2219.99598955605
HLA-DMA	278.966842517514	301.071905203841	780.595669382635	598.301138299168
HLA-DMB	90.0627301720473	99.5158216014486	259.149826362201	224.94603420883
HLA-DOA	74.9806870673502	52.9263298414465	237.793920208869	96.3483365020547
HLA-DOB	57.9230632875147	39.1165044161838	188.070704097013	70.6263370189804
HLA-DPA1	241.598922787962	283.626238823007	652.243099461224	538.266090133852
HLA-DPB1	215.618013969386	243.102646829551	573.939513348177	397.018533660197
HLA-DQA1	44.7070514011855	39.0044819427251	141.57379864689	76.9091381527474
HLA-DQA2	27.0461851810512	22.0394352529923	73.8311747471203	35.6447580887925
HLA-DQB1	85.819248527799	86.5950738828841	255.118801576921	179.55491233003
HLA-DQB2	18.6197568346492	17.6146431853418	52.7903751110289	33.0479109127619
HLA-DRA	2847.7311301186	3221.01420501729	8405.60064132786	7517.14378401546
HLA-DRB1	515.997839199792	638.572287116103	1431.04040918615	1367.67924153689
HLA-DRB5	319.380848220843	399.374389649483	861.506960425079	862.583439972708
HLA-E	3752.17826095391	3867.90901582196	3477.50709279837	2969.74690956806
HLA-F	420.247107566352	423.537343073044	343.855731387158	351.269305485588
HLA-G	19.1660699027126	17.9106459173807	19.6037428290723	21.1978031475239
HLF	1.20766130913348	1.37856173343218	0.59351645235745	0.481722399075004
HM13	96.154984857263	116.238248141794	102.152406087573	170.422460096628
HMCES	68.8470194500887	51.5431339336693	71.7143624015437	49.6563956597864
HMG20B	41.6038877872215	34.9464435221627	37.7249341017678	47.6672154795607
HMGA1	102.97900590467	59.5090646497715	64.998011603197	58.3898826315285
HMGB1	174.41131684431	219.062051483589	156.775102330654	126.863267489039
HMGB2	243.771491489532	344.753024910405	236.762305466852	288.759768184981
HMGCS1	17.3627555478179	17.4949934326218	23.6183878753153	13.957928108328
HMGCS2	1.29336460907144	1.32731465441481	0.561413977429624	0.487029998168892
HMGN1	130.301318674677	99.6749172119656	100.720132925949	74.1112160945506
HMGN2	217.409011261346	237.35783909891	225.603368874979	183.339309790552
HMGN3	231.81627668283	299.125235125966	181.425791901996	197.747201488542
HMOX1	32.8924410524008	60.7393273205448	64.0038142109004	159.910852893561
HMOX2	141.328942509151	143.130595276132	87.0066385719779	87.9693993680012
HNF1A	0.620334684192065	1.06060493505373	0.577228151724934	0.393300336460415
HNMT	9.54911061530946	17.4423268821572	17.1409782438826	44.8353766902503
HNRNPA0	35.3607054550122	26.8233100554219	33.9996188154824	27.2917942756254
HNRNPA1	346.785820005719	323.946351504109	297.767362774117	216.637213001895
HNRNPA1L2	0	0	0	0
HNRNPA2B1	392.161211069372	329.581416550515	329.773709886041	317.263563943112
HNRNPA3	40.3763928654007	37.3693687953017	31.3047502373676	22.9764204041113
HNRNPAB	70.2023246751613	54.5814461675502	71.3725610937934	68.5051170820668
HNRNPC	311.520460348972	315.503596417048	287.755988341716	284.612768041794
HNRNPDL	375.151017615728	332.599977572473	295.162043534024	247.764119249849
HNRNPF	301.601058146656	304.255903443168	290.351601237211	317.30842573405
HNRNPH1	468.258716877088	516.341743010771	316.791253808046	261.036145193071
HNRNPH3	164.490586532173	138.30183196831	131.588006170583	129.255895086187
HNRNPK	866.56699305037	828.489628243324	813.858763280765	852.755976280176
HNRNPL	102.986620585358	72.9158929801096	93.4271971901018	68.0423016323846
HNRNPLL	29.9600704996684	48.8395758822504	22.7067474228768	24.3494138938552
HNRNPR	88.8287409898036	86.933835918215	86.7505953409539	82.5936223170021
HNRNPU	132.371724945895	118.083136897022	126.992911188313	113.265814186957
HNRNPUL1	124.253922166446	93.0354926054241	104.393584832885	81.0794904707901
HOOK2	17.6362615729897	12.1591804893309	10.781916878749	9.44699795977758
HOOK3	15.802760124069	14.7574911580411	15.7684911790728	17.138901285868
HOPX	28.7518451205386	63.6767524319487	27.0776215651225	15.990668666557
HOXA3	0.366185460405862	0.474661457491327	0.357299640191569	0.222103795287464
HOXA5	0.47458346288352	0.647546848296694	0.495817964241436	0.504244454829171
HOXA9	0.850597758650058	0.982571718166984	1.98726424390826	1.27179030715202
HOXB2	18.493997184727	11.4554793619066	9.16035836049168	8.34959917048255
HOXB6	0.669923852220675	0.799062058197266	1.74539875660141	0.704290538697687
HP	3.85830153406931	6.34458198444455	5.88920447747365	14.1586620768882
HP1BP3	144.984412987609	134.355423145627	113.900969397712	105.786215844446
HPCAL1	43.621138564909	32.9441537717529	38.1229504767151	48.2534723325027
HPCAL4	11.6840733413007	5.39034468236379	2.98300374099555	3.50860111228421
HPGD	11.1454886996278	14.9136223881232	5.7092950210914	5.28598682390883
HPGDS	1.1706706080297	1.05529522944308	0.453554200505447	0.470540329825054
HPS1	36.4322712839687	37.2956678913289	38.0330969663212	36.550097251566
HPS4	32.8567123595549	25.6423481268017	29.0299508849169	21.0634886753142
HPSE	14.3357358342344	21.1457639890363	20.4887355420254	47.7587432640353
HRH4	0.657888426385607	0.693584418611538	0.320663940134803	0.256441776465059
HRK	2.28975914122647	2.2172548872515	4.92429591725077	2.07532386852024
HS2ST1	10.5020556922267	7.81698996020022	12.033113680692	8.65055428936496
HS3ST3B1	26.0975724457901	29.5765120380541	14.8598533496995	11.1050388221881
HS6ST1	7.20762484817365	6.60827332650944	11.0008834457513	8.13682318752631
HSBP1	15.787909142443	21.7862447539475	20.3784816337707	33.5295615942829
HSD11B1	0.955142652501939	1.43144098074499	0.877921468617941	0.570994833033211
HSD17B1	0.536093634908118	0.639215368994612	0.585357587901431	0.336291757851661
HSD17B11	148.228577903136	204.922774295083	172.239866279762	267.289966692632
HSDL2	23.3358652832528	23.7037202179329	22.9555782677716	26.4784677123544
HSH2D	69.43274532435	71.6011759357453	118.205932809312	79.5487312724153
HSP90AA1	792.574116832453	1356.05614436447	647.496857076819	483.722700667241
HSP90AB1	1102.91928238082	1450.70261240923	996.761720839082	724.31363311781
HSP90B1	165.131059796277	195.141122349636	153.831859464716	163.825063512719
HSPA13	29.3042519119141	33.117140626221	34.0755296117384	28.1074015213495
HSPA1A	294.920287403924	685.982114695404	222.725144831514	186.734175314109
HSPA1B	123.215945644324	232.191236928534	74.9894426583396	55.966327816901
HSPA2	1.28419349673306	1.75344533104571	1.71752159823748	0.989004691191719
HSPA4	65.6515307848491	66.7022030975192	84.7422435190329	69.2504343330372
HSPA5	264.968294533256	395.26933716764	263.291617616098	285.459449329422
HSPA6	362.084200551231	898.63709410611	274.00426113043	193.690213189194
HSPA8	1621.73873175741	1785.61264959774	1181.4936547767	1223.08620710749
HSPA9	100.469138428004	96.3102977262647	91.3556049858703	87.9063741963714
HSPB1	167.897545905589	343.026648968282	125.011219456313	83.8092555115888
HSPBP1	30.503215086131	25.1599569554572	30.3720256426382	27.0093485300404
HSPD1	116.945807537211	172.745218245809	101.254571453699	82.0907100328104
HSPE1	388.125074753685	835.658162541098	309.09726414332	217.390666705977
HSPG2	2.4453319814087	1.54607661109693	1.39772337289826	1.01032201197067
HSPH1	133.935987305437	242.734121237369	118.723709874749	81.6509762109598
HTATIP2	57.8161035689842	70.2230931315111	70.5384190748835	93.1534706200246
HTR3A	2.01971754283298	1.74584516542055	3.37753238017066	1.48960680094519
HTR4	2.4427985584013	2.55029675167255	1.53642706337934	1.08487526837367
HUNK	0.688726697832405	0.75087196201608	0.36784898615548	0.274159733960388
HUS1B	2.9266202218784	2.9494912030095	2.75337293242871	2.1559053179843
HVCN1	95.1117413857525	84.2786473084643	275.750681387632	171.684559108894
HYAL1	2.13467441474915	2.13342742178467	1.53135334773882	1.44740188568785
HYAL2	2.23530081246924	3.05409052038533	3.48607068908901	5.99006689951242
HYOU1	29.9659020510423	27.3275936556242	21.8347878589945	23.1768294426522
IAH1	33.8037527930829	36.1453630198686	30.0576505288521	32.5042318533071
IAPP	0.371531413829273	0.357384070435518	0.292364353288729	0.175027653104661
ICA1	6.9329672094045	5.66879322799347	3.73760980742855	6.05546565756941
ICA1L	9.57563430976888	6.68441268057067	7.37949284062029	5.53755426281902
ICAM1	34.9267433033501	55.3800906955365	71.420580193551	128.628305986004
ICAM2	105.150833000158	92.0860269149195	91.462851905783	86.665733477226
ICAM3	61.2819053586739	58.5209569165286	54.6593680914593	72.4879435607315
ICAM4	0	0	0	0
ICE1	29.4110036496313	21.5149215112731	23.5673639006654	17.8543565568413
ICOS	78.3255545281409	59.4816898789517	22.9692532818905	24.8121674281514
ICOSLG	1.02655567978438	0.69254383149953	2.54550307326152	1.07759170398662
ID1	7.44946916847982	13.528107857818	12.7026774586942	25.6494251892015
ID2	224.142028948737	380.345612345399	168.039516271222	241.88211483399
ID3	76.5829092771066	71.4805236121406	86.8993175533819	44.8538439096655
IDH1	34.1463790877038	55.5184438983479	51.6002762962009	97.740474134983
IDH2	113.290816557133	134.767730388558	107.988222012239	129.057709302995
IDH3A	24.8430945126521	26.5089259922562	27.6016122245576	29.2946542548897
IDI1	88.3740616892383	110.32770890226	123.958435079081	81.6119682868123
IDO1	2.01674928645684	2.18867361253608	1.4436861990173	2.53790396656555
IER2	229.562167741207	278.485334937088	434.56659976374	524.726608769954
IER3	21.6772485369511	35.7078552966735	32.9023040954816	81.4369896023695
IER5	37.2378098546001	38.2855549329282	76.5586335887694	53.2372226646846
IER5L	1.9881520292194	2.04843540095363	1.70773557091616	2.57361016085137
IFI16	141.073946019893	195.836546386018	177.420227465419	165.805714417726
IFI27	3.93113310573748	3.50184543193745	11.0256192068594	4.93204846015522
IFI27L1	11.9085647595083	11.7383524519601	8.55868096540623	6.72896880060792
IFI27L2	36.1687674742853	57.1210833328845	41.3846583294068	50.0349296369704
IFI30	7.3382714847648	12.4018062358296	15.2556540015894	29.5977630450797
IFI35	89.0741975711789	112.252892100796	107.212764820023	152.540481276763
IFI44	76.6987307780645	100.038334123706	94.9160156395431	149.275069184775
IFI44L	48.0217570675665	53.4972116800911	84.0277876668522	90.6298772670479
IFI6	86.9563553015431	98.7623787966954	103.721523170146	176.496177505621
IFIH1	29.5040122675703	27.9233972139226	47.3062353134527	43.2699914458468
IFIT1	12.1879816671511	15.4417267178389	18.1969678505448	27.6610977950979
IFIT2	39.2586648072176	64.4277464117419	64.2221565829982	100.465625992202
IFIT3	28.0855360389907	39.6829188569513	54.3472654320548	78.2209864757315
IFIT5	29.3044611845581	25.7061849249937	28.6829811538325	25.7786660225204
IFITM1	573.01164470137	506.734030516947	310.282456179768	239.81456461111
IFITM2	431.484928696022	521.602558647522	464.24522244129	479.750772507347
IFITM3	96.5138942599845	129.808516174882	154.121966313564	272.991997444374
IFNA1	1.45417814642647	1.18335409866536	0.476064106322617	0.477581325609883
IFNAR1	59.7585876793773	57.0925802501156	68.4684511951997	63.6095462251272
IFNAR2	10.3182192454696	6.62920537565184	5.85130238542233	6.24248086954647
IFNG	89.7775098432133	219.363617686406	67.2760493038486	44.7392153217905
IFNGR1	152.265119817797	256.479942639875	221.799453013607	358.835588097411
IFNGR2	124.395629206134	141.682383732865	249.035902870466	337.681589042544
IFNK	0.613607207115642	0.515269965019901	0.465524305667717	0.313855278192276
IFNL1	1.21226330115856	2.25524441745702	0.740678317392156	0.535031752824858
IFNL3	0.248464800212575	0.618025776429648	0.191338047594094	0.125657956516191
IFNLR1	6.77415538856144	6.15127068825878	14.7171421312849	6.02020308892691
IFRD1	34.9699424648639	41.7496355273765	49.9483808829872	38.9669007090809
IFRD2	52.8296653895556	39.5004173652425	45.7846727548251	38.0464082408734
IFT20	51.0783249911643	63.0537204248358	42.8164065470584	46.1159436203444
IFT57	49.8272096503094	39.3444784944795	87.8783431843156	45.7171146751222
IGF1	0.457139797575272	0.441476385317386	0.166420848372068	0.159697787338981
IGF1R	27.1476895175254	14.5645648940265	9.44795191689259	10.6456289272382
IGF2BP3	1.48543942598892	1.59504146864599	0.957539739410918	1.1899203502474
IGF2R	41.8895792751412	49.3201743030964	32.4245777094058	33.0914733107155
IGFBP2	0.658485424488104	0.88263754003349	0.997023343238257	0.798514177239938
IGFBP3	5.03288529051402	7.03815255510707	2.54325489923258	2.00333512508599
IGFBP4	16.7984259553074	12.7976625086584	38.6659122332328	15.7148486498691
IGFBP5	0.522047273235943	0.582692940513889	0.459210600887174	0.271115602847657
IGFBP7	7.26494974221301	11.9455998432194	11.6770190863679	27.6061941394183
IGFLR1	13.994273334866	13.4404675031427	15.1490261450619	16.6459137518911
IGLL1	0.764141370620076	0.615587540234339	0.797994084821211	0.416287757529193
IGLL5	17.1108185371217	11.2806713613036	57.0425162942018	21.0976949801912
IGSF6	38.5322581301049	72.2683660922349	73.3011384601506	189.66235888197
IK	327.346144857798	348.32204410323	259.117818652221	250.148110760207
IKBKE	80.4723340506166	69.9711057124962	59.1821123590622	78.9576112115799
IKZF1	273.125202150849	190.991942410839	196.215039171369	163.011203074378
IKZF2	9.1431981292917	10.9817439878615	6.7896166143775	4.30607492897744
IKZF3	80.6212724197515	83.9687744828144	95.5734893752549	47.8736594106761
IL10	3.13345031132632	4.44111596980912	2.34013127131769	2.06975057826666
IL10RA	154.378275551849	210.064502200494	153.102086008948	221.293919064297
IL10RB	9.34141046474611	8.24667580150596	8.30683172423688	9.66599424606644
IL12A	3.6244982221164	4.01459303575229	6.78200214617887	3.21169601115792
IL12B	0.569115704899708	0.644451858485511	0.29457561825362	0.233685027120817
IL12RB1	36.985215325174	44.8240093259652	24.7223135404942	24.2273397967022
IL12RB2	5.4192409057051	8.25925867190117	3.61867764201773	2.48403452124182
IL13	0.591562793928163	0.842578034555852	0.537740336886045	0.307626778485919
IL15	4.80835519208605	7.33132444710563	8.2092280829813	11.9054697286709
IL16	141.0305563141	110.545444104692	106.702625348562	90.6409985814765
IL17A	0.469074240623907	0.558896933608621	0.297057622124596	0.20201456445951
IL17F	2.09886513896273	1.51622713045133	0.584421794288347	0.653292735830678
IL17RA	60.7495390793556	52.0279050041426	47.4047752500664	92.2732552876687
IL17RB	2.77584309283103	2.95225273448136	2.15210490560457	1.61242541352833
IL17RE	1.65132778239863	2.55304670586107	1.45698287663111	0.866164950482063
IL18	6.74235956746324	9.18705698760574	8.44499791179992	17.1513701447246
IL18R1	15.5307672509917	28.4786777266486	9.77512452422006	6.93340367597278
IL18RAP	26.5540320683079	62.6844136515128	19.7309922872083	13.1521011202517
IL1A	1.27432102619515	1.47075535485816	1.17758872664249	2.07512106182464
IL1B	382.994430444256	741.36085568867	782.852099503543	2025.88069973882
IL1R1	1.61704348971484	1.68937837844075	0.970943022135266	1.42684019896789
IL1R2	5.66617230263125	9.18177130138269	5.95416338463101	9.03803054268692
IL1RAP	9.9384716238106	11.4537457410113	9.28992222913235	12.0544507839232
IL1RL1	1.35390716757343	1.5209176209826	0.606177678407319	0.507476178146575
IL1RN	47.4440239477713	92.0613861174822	95.1544744477399	247.568951792145
IL2	3.23723451752464	5.786351021132	1.83848320999109	1.38492491559651
IL20	1.43692490029003	1.47320184573989	0.702481058118316	0.549931805266474
IL21	2.11766730852182	1.19337719247153	0.517640366305496	0.628628747650778
IL21R	39.6720582956608	27.2246361308236	33.8409403110773	19.4771404203845
IL22	0.972069245204199	1.93563418215237	0.694884811317851	0.468980033010938
IL23A	29.0159255126668	30.9199509545079	19.3343292254913	17.0305071799505
IL23R	5.94679892928294	11.1647756818255	4.78142685520328	2.99690348854548
IL24	26.2525177764432	14.3879335248294	16.7808225198967	10.9172906472708
IL25	0.535351100802745	0.696764430367623	0.533928327844768	0.290967235411169
IL26	1.86607584807116	3.23438086069349	1.80491125748047	1.01822807895928
IL27	1.26410796433799	2.26107130751568	1.96736412532743	3.61283249809179
IL27RA	128.605289426612	101.348202624284	95.605172699871	126.575291013567
IL2RA	9.19946990893192	7.14916114828974	7.61587191005394	4.43682410076979
IL2RB	60.7694472856652	86.4905208989409	31.6750154352184	24.529836112318
IL3	0.619543836431106	0.70309314403423	0.475948114305439	0.291157342745473
IL32	431.755063906988	655.079907975975	222.339174800968	174.529841794734
IL33	1.00207187259611	0.847640462339017	0.357695661929515	0.340334874718423
IL36A	1.82837129373069	1.1115589762629	0.47645411198149	0.553786380861815
IL4	2.1132100318309	3.36367461669187	1.20307088992536	0.891275447772742
IL4I1	3.478678743179	6.17848899847772	4.53920087586414	7.93741615986201
IL4R	208.248937768026	130.522276629876	402.801601464205	193.043003246575
IL5	2.3802138319306	2.11207527030581	1.27466301857646	1.01147118831559
IL5RA	1.51395389479669	2.09442653171038	0.801402753288407	0.642939052365739
IL6	5.87054274504495	4.27852741813101	19.0961855205106	7.96020188623888
IL6R	71.6002476958952	46.2893690256625	34.2255881455283	75.0441051713015
IL6ST	168.80711838981	78.1600275686877	54.0172530479506	70.6117572309952
IL7	5.8796528035162	5.74128856875918	14.3931584066934	7.24329851914313
IL7R	889.671920816314	885.016059239373	316.608249176088	304.18213282191
IL9	0.568718321317764	0.52080751926195	0.740345251621425	0.370793948715078
ILDR2	0.602796534478601	0.552055241154066	0.347931710794455	0.246407731469607
ILF3	173.351435338135	118.221325835987	119.406635968524	106.880920113063
ILK	11.858394065983	13.9395329508308	11.130439366736	14.6352713422933
ILKAP	63.3638372519714	51.2005927054069	57.4482884116927	46.7678895676039
IMP3	57.217731685934	55.8384213725983	62.1845928784393	54.8396260544143
IMP4	91.7275458559939	83.3510019779684	92.5762748282553	78.040226620097
IMPA1	27.1413594615091	31.4778880009916	28.9907300198795	23.8603101870363
IMPDH2	17.2403010722301	11.6140731500941	11.8720814525195	10.6478877314705
ING3	66.0994272711665	78.2649327619536	68.173064796281	60.7759718988674
ING5	30.7975629045946	20.3398411218226	20.5846978041002	16.5093797714791
INHBA	0.739281620471283	0.749834422720843	0.3025974956178	0.272890639213588
INO80B	4.28796348503768	3.26380282942256	2.08312138765608	1.73404405465595
INPP1	10.0182968681068	13.9050522778953	12.4035905970395	18.0825583580529
INPP4B	59.0963326509894	40.725755837821	16.7488641411564	18.5069550316465
INPP5D	187.374079819691	171.836969826266	226.886683583819	196.29033261185
INPP5F	16.0245768007672	11.4672079411249	21.6238145402548	13.1157786792249
INSIG1	70.3813557714456	69.7298801754577	101.785204953473	63.6166745072725
INSR	4.97596431034318	6.43370369024343	6.30579407349633	10.7215987418518
INTS10	124.079423600949	109.227050332922	107.109632855842	102.596206661009
INTS4	35.1062129174092	35.8069947693587	28.1377201501571	26.420244139994
INTS6	24.5129870855095	27.2547950738538	25.2355966790528	16.4513052766118
INTS9	39.2789035481094	37.254766168749	40.8858749314576	38.4986653365858
INTU	1.25908617809292	1.15160884864066	0.617622325370126	0.538621156058004
IPCEF1	43.7236969731775	32.5200107295957	14.9415352212741	20.3924495913355
IPPK	5.35514185901796	4.63364657290432	4.4622325684909	3.97607061204333
IQCA1	1.2731443684569	1.46278786842294	0.72143259213178	0.522425235463836
IQCB1	60.1294761019715	61.710262659048	64.0121112598051	45.1717571088495
IQGAP1	175.027864564887	223.469959349697	223.370202646976	312.264789114392
IQGAP2	63.8382945943557	82.6931885137425	45.1359557887824	64.8096096004099
IQSEC1	63.4019430207614	47.6598011798142	83.7346383348714	64.9400674550115
IRAK3	9.29761999397589	16.5349514808663	19.0293292883825	43.2759159201499
IREB2	44.4117256654454	41.3603745624798	41.5262018554019	37.6622027647694
IRF1	162.205365093105	194.512551300583	210.25628742208	237.751557085938
IRF2	71.9522949372598	82.3000576429443	79.6129400481668	82.5239874688644
IRF2BP2	60.2322734808734	54.3068180635286	59.6122617019467	49.1272135022746
IRF2BPL	17.6958111710497	11.7235051098093	15.6550688775568	10.5209348260178
IRF3	71.2085987415481	58.635977933054	49.4867573827501	45.6547337535961
IRF4	35.2112214768512	28.0416009500767	64.2637330634245	30.6165788558282
IRF5	24.4789152648275	36.6602590556432	57.1433857919122	89.5352658635486
IRF7	96.9635594798226	90.9201408490327	153.754331343746	145.638463347615
IRF8	120.203508791209	113.956599742192	350.931329908053	258.130876533805
IRF9	46.5805302918334	39.6569764638133	39.8124923158013	39.808115257505
IRS2	18.7213212560735	12.3267428136014	20.3895330775513	17.5190123851907
ISCA1	64.7570292083992	69.9364333651802	61.0246166132329	51.9940551747898
ISCU	134.300540209341	123.879335471611	127.087596643696	99.4865294899186
ISG15	126.408917765148	175.686092272862	168.034363025013	189.7260185042
ISG20	89.135164786043	102.418096237795	116.246192094101	59.5976827394009
ISG20L2	41.6446360486091	41.6192058496809	41.9897284578081	39.5108257574606
ISOC2	10.6091208802064	10.1106768356297	11.9562387145755	13.2835540892324
IST1	133.967223661696	136.575604672174	128.380415463835	123.520323656074
ITFG2	92.4518605626992	72.48054302068	69.0312718610015	61.3118414174444
ITGA1	4.36575266538273	6.87079322622539	2.39885048633206	2.197094739317
ITGA2	1.19786271532682	1.00015961233822	0.547265602286836	0.453714603325667
ITGA2B	2.10564088140769	2.21546855982894	3.92856300612321	2.68218258953856
ITGA4	134.810965387524	151.375555952012	129.535322736649	132.22570565349
ITGA5	80.277542352152	81.5575755687034	58.1839637643231	118.974948895702
ITGA6	99.0755403986257	47.6745645590768	24.2825733437264	29.4027743350036
ITGAD	0.73724402654339	1.05384867037653	0.720038941628763	0.466831515281093
ITGAE	22.6679995393891	32.8554987206558	25.7034806651115	23.976804296428
ITGAL	159.737057454371	156.988534697103	87.7538589498034	117.078503131002
ITGAM	38.9500338716167	75.5368924214352	69.991930981829	163.742953089837
ITGAV	6.70197612638633	7.40769629515002	4.78604012145043	7.1196392975149
ITGAX	24.6696524230627	44.6840503429658	47.4299240417554	113.708992431546
ITGB1	83.41384113446	149.965845583514	76.2848970611189	90.8353755999476
ITGB2	633.073098664053	850.633652748543	749.318148670815	1613.78372443234
ITGB3	0.960255765571828	0.787341044010666	1.77890241767017	1.16925019094948
ITGB3BP	44.8788586079545	45.0075789747063	36.8323457561062	28.0512413333987
ITGB7	78.3553858051547	60.1819088189315	53.8036781207191	43.3141722031725
ITIH4	1.44746926502817	1.18352460320545	1.00290000150477	1.07106497269559
ITK	274.031483246065	195.287381556709	76.5758814667792	85.3710820110114
ITM2B	180.571087705226	179.498995444491	172.989120014313	271.30726761331
ITM2C	53.0358657240712	41.8947071270655	70.6094818179077	36.2146859096947
ITPA	82.0930060369226	86.2750024836103	85.3954208611453	98.22974565106
ITPK1	17.8522446392672	21.878190506483	26.3038710630506	42.8009829205489
ITPKB	146.994756832591	75.0424143003498	62.8488732286284	59.1678550288609
ITPR1	51.6062893590971	38.7105661558264	91.7975489349277	47.0169258115935
ITPR2	24.4548846023588	19.8421102471051	20.915746257983	18.5452328612208
ITPRIP	44.7872271762473	46.5698097496853	45.7508822759501	69.5969714641082
ITSN2	117.732410381981	104.205372459963	135.92342539974	104.209132401668
IVD	36.3122509011953	38.9128872285202	30.1085691576133	30.6606780479688
IVNS1ABP	171.029938479855	176.045565464907	132.436332974455	165.060154413325
JADE1	61.6602424123862	48.0616705515242	49.8483062872439	39.4493573556967
JADE2	61.3119759972997	36.6088488955191	42.3969928956346	28.6364450179618
JAK1	238.143793807434	190.245369714188	219.767232193261	181.774547888723
JAK3	246.439031943227	176.916492064463	121.700994513082	113.51839558986
JAKMIP1	1.2253287635692	2.26460486863223	0.962894460114625	0.606960618118672
JARID2	42.0054316656483	39.3149141396307	50.2326093695927	47.1599955742251
JAZF1	22.6264675051505	25.8778297931155	39.6943322297168	28.5282448268243
JMJD1C	92.5798649546834	78.0348875894504	111.159578037659	84.450395253707
JMJD4	11.6887208272792	8.42501511210859	10.0501453739122	8.06792636450857
JMJD6	29.5848657935063	40.3425946038619	28.119998882269	27.7030857982201
JMY	21.7171961864095	16.2066718477735	18.2860998457307	11.698249068684
JOSD1	45.5118469733655	37.6312388968568	51.0127056150114	31.2415025578459
JOSD2	28.4273870971413	30.4077651134082	29.0445435782338	43.0141439590269
JPH4	1.52698961635684	1.90018359001639	2.55329820733971	2.81737387936039
JSRP1	1.61478901434579	1.55798631548188	2.04481388237787	1.030523071073
JTB	62.4592864212038	56.5512528185114	68.3054625173955	63.2500594626673
JUN	578.997436684418	478.171084981806	598.678168073268	460.488919185658
JUNB	2060.18796670603	1435.50058523107	1933.22771302167	1681.28687366626
JUND	626.084282208858	375.215296702095	946.613314685269	502.218651119399
JUP	24.0970858158979	24.3099622438034	71.4911919573306	55.674382172095
KANK1	16.9162189731988	9.69680872337936	5.93991461523348	6.03616153392411
KAT2B	41.317810253329	39.3995425935756	35.0955585010552	24.8955594351436
KAT6A	95.746507304172	69.5976012829173	70.4960801312971	49.8813642581448
KAT6B	52.5614689378266	46.0825418764503	40.6909430621379	29.1084009063074
KATNAL1	4.09661484233256	4.86497792959734	5.96093169606055	3.15437186507929
KBTBD11	8.65302581784445	6.20147213748812	5.57434666923448	10.9207427006482
KBTBD3	9.12786705111932	12.8178484715817	7.18301688253793	5.93300028618151
KCMF1	16.8960970777973	14.5144849301152	18.2159415048681	13.4025901873207
KCNA5	0.387923911269942	0.466632212196625	0.818854666326252	0.340331709159914
KCNA6	0.704139860439851	0.925981764165768	0.717005825788193	0.395598708186129
KCNAB2	87.0408132041309	75.545874480527	57.4008020206503	81.6790271741784
KCNC3	1.40289349663767	0.865829881447269	1.50201736643166	0.984849873401734
KCNE3	7.16451680638505	13.7518438584681	13.6714852886854	35.7691760208093
KCNH2	2.97792651334038	1.73881570998501	1.63951129425893	1.16392943996595
KCNH8	4.86048297155206	3.50940104138019	15.9526461658208	5.94313105083368
KCNIP4	1.11561739322727	1.0738612754063	0.493601698238112	0.434372391753634
KCNJ15	1.41770381847167	2.09508529959857	1.78434268899218	3.9623480138694
KCNK12	1.11290079987492	0.828350966433855	0.779746373595568	0.496825582336882
KCNK17	0.441608282679715	0.576027949312644	0.301665936812454	0.198130705150386
KCNK5	3.29529470773112	2.58519602994867	1.36206947340992	1.24607833723041
KCNN3	0.546792239275175	0.594135970683148	0.35752153057498	0.244757684078574
KCNN4	29.7302190406493	25.0100776322069	33.9438456942245	33.975283838233
KCNQ3	0.568633576819552	0.682127160061099	0.408518038468742	0.265833565488189
KCNQ5	5.19787361392896	3.3831360941367	4.68901424321099	2.59373010284579
KCTD12	10.2519336856478	15.6448143185977	16.4294419943072	40.150354770768
KCTD20	64.5644540714409	67.6092499537406	72.9861090580762	91.4869427609047
KCTD5	22.4062373329239	20.1496268629068	30.2249569924242	30.3384257757139
KCTD9	14.2203593832517	15.0320860283588	10.4507760826727	8.01776969882147
KDELR1	59.8471600666319	60.592374930325	58.9796209298775	78.8775877156328
KDELR2	63.7396474971773	72.719765856372	70.3655438498253	110.29828407059
KDM2A	84.097319099558	57.2040540310542	59.3132222694449	46.1549043171964
KDM4C	38.1472734396818	33.1489372739412	38.6874332069027	28.3835813354697
KDM5A	78.452787322606	73.1035053694968	69.5367441544823	58.2852022001938
KDM5B	24.9649610982827	19.7559671903337	22.475886675974	16.9488194031844
KDM6B	40.6336266625855	22.4028147344532	35.3423828976221	24.901780931473
KDM7A	32.9812807424935	24.345220295883	29.6963309243317	26.0390298716716
KDR	1.34018807349373	1.26453367022401	0.605939016334776	0.495844275950375
KDSR	24.685314751366	21.2382467468322	18.7282632322743	19.7762023592967
KHDRBS2	6.25517994346376	4.55969608091527	18.7397976843294	7.60837039460339
KIAA0040	90.0849410919211	72.4130643600842	144.955320022745	97.0606990315544
KIAA0232	17.3066460252001	16.4183344288218	15.1961228581388	17.2014586456637
KIAA0319	1.41449491152495	1.2828146194626	0.644664573700613	0.526119179071612
KIAA0319L	57.5044389928474	50.9608256435419	44.0278041639535	58.7382790710305
KIAA0586	24.4221382097987	20.5559054342251	16.0132831510388	12.6807720486875
KIAA0825	4.14337579297122	6.38494007160277	3.20808076273932	2.83490365328547
KIAA1328	11.6212098899329	9.09494712209207	8.47965839524966	6.7052278452932
KIAA1522	1.3338320477426	1.11648912625317	0.949197134786696	1.07500193916588
KIAA1549	1.2777224596843	1.0532410708872	0.477450942967919	0.446043305437904
KIDINS220	49.8197888554858	45.894334100409	41.0170088480733	46.1247862426764
KIF11	3.07924677005892	4.22999925382078	2.73664533317639	1.98401840295657
KIF12	0.337718645798232	0.564124475039613	0.387393084025545	0.202073786878172
KIF13B	11.9120145841311	12.8164579355132	9.89078577916734	8.77530098769934
KIF16B	15.9968746407773	12.5566675770498	11.7699541191199	11.3494494322307
KIF19	2.4613867665969	4.53419278762167	2.43655200310538	1.39488611062005
KIF20B	18.4836893820742	21.8038119557467	19.1870344600975	11.8235559562806
KIF21B	41.0099352592423	25.6151923916745	23.049907383708	16.9285063392589
KIF2A	48.965090936374	46.1506063356255	30.6383141223469	24.7232460023742
KIF5A	2.58994297553632	2.71891092747407	1.27609559535593	1.13032517836682
KIF5B	89.0595265692153	89.3533207467812	84.1360084779809	87.9671355514512
KIFC1	2.96864960479443	3.30220607004202	2.3129833933389	1.48711372763561
KIR2DL1	2.53950993769651	4.99042546807813	1.68120102965928	1.16688637796088
KIR2DL3	4.13287302314889	9.73935273857112	3.13564419852768	2.06187004236155
KIR2DL4	2.18574484907211	4.14363475353316	1.69290946139711	1.36407174438062
KIR3DL1	4.73984856795686	11.1183209476419	3.74917915695682	2.42895465351259
KIR3DL2	6.08930264247467	12.8191486645966	4.1070045949948	2.88047116844137
KIRREL3	0.806486320863723	1.23594746900932	0.753344561271465	0.483997063967514
KIT	4.36006037542929	6.26945444524961	2.12706494112564	1.73047514078409
KIZ	37.5851363656834	35.808045425947	28.1416960240417	23.0075604986239
KLF10	68.3051411360337	114.731202439385	131.172179394144	246.449198724146
KLF12	39.1885169676948	31.3452141468418	20.7286821458009	15.6444947897827
KLF13	68.2269292357424	38.7121688673969	45.8546613701037	35.1614467746082
KLF2	368.874253002979	195.518753199164	380.873135364935	216.224019263939
KLF3	97.2754355216374	76.0691949224512	83.3111045975412	72.0412930077065
KLF4	17.5625324296279	26.0231890088506	40.7873057807604	66.4386244010707
KLF6	478.487385178787	632.603215917193	667.208683303562	673.593910249479
KLF9	30.9553489243462	19.2285621377778	24.5464587452008	15.3740824603346
KLHDC3	125.406572523419	112.935049512775	112.831604963608	146.133190240473
KLHL14	8.40917834792407	5.80661252433368	28.9556219463078	10.6511400668402
KLHL24	55.0029472282447	55.8126181923151	57.7395091633864	41.2337310429564
KLHL5	14.8626560671343	12.3489748926269	23.8632841325001	17.3311279939674
KLHL6	54.5403209728684	32.3256844721342	31.5831120466886	33.473551730135
KLK1	1.2968548128198	1.18072626467851	3.81230151431867	1.53941943063468
KLK2	0.78687289002406	1.19267165920355	0.848089708381028	0.509746423626332
KLK3	1.01004038352166	1.23879383167272	1.06223131420849	0.563567712100638
KLLN	1.26271605761859	1.16167519687985	0.897484076241797	0.741299281492409
KLRB1	131.785211928786	314.852928870632	95.5011244184256	64.5250985375485
KLRC1	24.1306896230999	57.2194630853065	18.0206727514481	11.9957725380154
KLRC2	6.14037693015927	14.5409610229147	4.51975949168614	3.03118758959852
KLRC3	1.0846393661258	2.54167438418646	0.792417540220061	0.531532103639207
KLRC4	13.1518972528819	31.1599519715523	9.70782292263014	6.48400718482076
KLRD1	21.4031253595018	50.2891658561235	15.9384501848501	10.5994789614019
KLRF1	23.2883441740917	52.3136520636696	18.1863324519375	12.6571560390082
KLRG1	118.694031648102	264.74656441414	83.0203922871606	57.8319590152952
KLRK1	56.2742919184546	135.968845557468	42.5993665041604	28.1434999147218
KMT2A	41.3685742284688	33.8338006839074	29.3709879266403	21.3426537491329
KMT2C	61.7661320585413	51.4461642095399	52.4047712943458	43.1843892842145
KMT2E	184.660967196108	178.884293923893	180.616472241734	129.636742537514
KNOP1	7.68053428139736	5.20513555095374	4.11855484757495	3.71348296360949
KNSTRN	11.3407885981775	14.8275028744566	10.8803753125907	15.42507444409
KPNA2	32.8725523444617	47.9464614441716	39.0008166683132	33.0765177415593
KPNA4	26.497693653867	25.8652278342111	26.3472775063812	20.8031492951115
KPNB1	85.6196003194943	74.9780283871264	62.8511708857938	52.7020213240185
KRAS	40.7144834005106	34.5915588057097	33.5153272847107	29.9119395717072
KRR1	21.1127133457604	19.9336834978671	18.5229549499902	13.7050539866039
KRT1	2.32576619468162	3.74514342093625	1.33321718060674	0.984807090453836
KRT14	0.709715242039591	1.08400549911685	0.999417050880396	0.480360547844783
KRT17	0.650427201480987	0.899008956372041	0.474505520170117	0.332727248792915
KRT18	6.34899663689668	3.41860405097583	5.56195918681343	3.17282410987467
KRT19	2.27753751154708	2.07903149133015	5.07140743744488	2.06061609005384
KRT2	3.7768574451655	2.74172074990512	1.05115258978306	1.17577995710189
KRT23	1.47097860176732	2.22643224943214	1.73661277887406	3.29124992457491
KRT5	1.44945844628672	1.28768262684116	1.76674573244274	0.889025139617269
KRT73	18.2724547806693	7.59937115547147	3.63449314175116	5.10258150638383
KRT8	1.66705346019943	1.60134498471551	2.56508769358181	1.24539048304421
KRT81	0.335440260070557	0.641406946236852	0.308193431067284	0.179686792374526
KRT86	0.347045483940008	0.614813524512076	0.309160015622536	0.192855602029548
KRTCAP2	12.7795064770695	16.2274071412953	10.0612393544754	8.32682725988806
KTN1	83.0285046464635	72.4370452704999	60.8532577660219	53.0203370691069
KYNU	5.38462700750474	8.21390373143349	12.0943487918847	20.1591792023482
L1TD1	1.1226684956742	0.958618663650776	0.892548706197171	0.700008223272919
LAG3	20.2549594181334	28.208235921968	11.5639407057233	8.49416955272479
LAIR1	63.1081235113001	55.2594783247383	72.5329692582098	75.6404129122983
LAIR2	13.1887995582073	24.101311342326	9.73994433949326	7.06925201628245
LAMC1	4.44775264492677	3.29637706446591	12.3167318555531	5.12464249922455
LAMP1	37.4265107598397	23.3859057975655	27.7901535704357	26.7345928707076
LAMP3	5.67440835299681	4.15305078114596	4.36653954157051	2.7267305084636
LAMP5	2.16275031702871	1.98876049752357	2.61745469386993	2.49093328326012
LAMTOR1	128.554924456253	155.357918143358	177.436289451904	245.749452175332
LAMTOR2	65.1343224140641	97.5651599071633	84.7013325681228	123.167377089295
LAMTOR4	311.570621713659	371.055375871864	337.914730979708	432.875172274395
LAMTOR5	87.9949930957547	106.068039061557	127.817769449754	117.079201812543
LAP3	101.100382592425	149.381589898433	154.403890823522	285.683889446059
LAPTM4A	240.900185630722	351.416163111754	370.855084587368	528.715127196384
LAPTM5	1433.25888141078	1466.5284130101	2178.48663847463	2141.02740526301
LARP6	0.790618828565598	0.793255528256517	0.343947131618354	0.289270648009224
LASP1	122.079342093833	115.622576628562	106.105938574881	150.387938404296
LAT	19.2597306436845	12.3987799948097	5.33789118080285	6.01154894952111
LAT2	118.030288295836	160.100486776393	311.916748374187	399.492070586042
LAX1	46.7942959155209	54.2431346880463	24.6127473581346	18.6794207850259
LAYN	2.09119780614512	1.79083703548356	0.690414560966124	0.690865322704467
LBH	450.36083167357	322.698426684464	320.40384087801	199.464067180552
LBR	171.658395791103	193.45990546035	177.446809238478	181.459527897987
LCK	772.313692875891	726.432825573813	300.19017065794	270.792655177364
LCN2	3.68635676739596	2.96320235977118	4.2476838560502	2.23028042138991
LCN8	2.45388931117902	1.92570409839218	8.36353384149163	3.09399987579959
LCOR	29.9113107560292	32.7063494038014	27.7331681573784	20.7275980496293
LCP1	1152.98567919105	1666.87179988921	1334.00297746274	2116.76981436705
LCP2	191.451094293651	166.386380107364	80.2016775029186	122.435215556548
LDB3	2.18649229169274	3.39191893531696	2.21867671913259	1.24378153075944
LDHA	421.274179407537	546.173964661023	436.556576357612	518.984118243086
LDHB	209.52769816994	152.920183866678	87.0305703661695	93.244199746138
LDHD	1.76769736381033	2.62306243773052	2.17170939108424	5.20987650542628
LDLR	14.2594358419946	17.2067615783457	12.7943180595483	18.2740073594086
LDLRAD4	28.2509502252304	18.7815457154807	17.4440814326672	16.1532399683611
LDLRAP1	191.299574955834	91.2864295205028	51.707358308018	66.1215100432016
LEF1	426.827029725304	186.005041567054	88.5180127113543	120.629127941612
LEKR1	3.07158310617496	2.99273949991923	2.6076983064553	2.23885567818503
LEMD3	43.224803126102	33.7919797491279	47.5041258962169	30.8613146283871
LEO1	53.2638322816747	56.5236614966375	40.6211987183449	37.9426950679809
LEPROT	36.0625115306039	47.3418983525297	40.1491213769204	75.2029879826173
LEPROTL1	293.405321982114	266.383315399184	125.614509441119	149.35617720478
LGALS1	215.408361420113	442.546632805844	301.950365429318	629.201521162971
LGALS12	4.52467587917259	8.41314978023539	8.03643975809026	20.1404954349205
LGALS2	51.2308023704508	100.15188167813	102.502576340052	272.248337746524
LGALS3	69.8399596008713	136.96190410178	125.581433550907	312.568268276645
LGALS3BP	110.487295490658	66.1690049865226	57.3628734562481	79.0832408833489
LGALS9	28.9755951951066	34.330809844091	51.685781119623	74.5148520609629
LGMN	23.5771390050026	13.8957859653418	19.9929316025102	12.5324356334363
LGR4	2.15485824714723	1.97925033599987	2.72358650399869	2.05024633658519
LGR6	5.94268882878736	12.1281954031907	4.53451828044787	2.93174342206536
LHFPL2	7.46357305008115	7.7011642151181	12.7119913673585	14.1588353577897
LHPP	39.2351292590818	31.3274118970994	49.9613041437455	38.3985703162675
LIF	0.861100777706742	0.608703828909155	0.448375696110275	0.330694482433393
LIFR	0.79636176694697	0.77688175106033	0.519954579554561	0.350333963919682
LIG3	18.158330967696	14.0427514507162	11.6958885451438	11.8821804278702
LILRA1	30.8269423157807	59.8295189180038	61.6204964963502	162.13263177972
LILRA2	23.694331102654	46.2143158934263	47.6929492116525	125.439540379344
LILRA4	3.36831454694236	2.36256121129299	6.48879095097614	3.26457285299914
LILRA5	63.0176038404935	121.7504868767	124.99823403157	330.401936042095
LILRA6	23.5358852246248	45.4005759475665	46.6449658733486	121.287353620071
LILRB1	38.8347576360533	62.2731670963737	85.5842409064311	124.205277545018
LILRB2	61.6074523542047	119.191986657107	124.707749001141	323.463754355749
LILRB3	29.6680781299013	57.271848969983	58.0208284524869	152.493139849433
LILRB4	8.28625891780044	14.7015876439359	14.9499425247839	37.3818209267185
LIM2	0.77932691270005	1.47820660877224	0.630034907356999	0.391177782180048
LIMA1	18.1689771615725	17.5147554666109	7.19263807286856	7.23318012691524
LIMD2	333.816174179972	239.461427295386	324.118715664615	271.094226730809
LIME1	5.0238472803227	3.01907979184235	1.6047778120815	1.80875320311903
LIMK1	16.7201730830867	19.0816200910192	23.8689981573425	29.4288790991426
LIMS1	37.0551023650886	42.4609157727222	31.5783580048715	47.5003822285676
LIMS2	8.17805380049318	4.19698552845285	7.05873671315396	3.97167099488837
LIN28B	0.43467952008504	0.479474045536163	0.421304150375007	0.231757591999699
LIN7A	1.79746295739933	2.91751576299657	2.86942724076301	6.73818507957413
LIPA	148.931423713805	186.636133034095	190.985528766421	303.80380580479
LIPN	4.98579268889079	7.2438823977664	6.46476706999162	15.6007251877737
LITAF	428.626845831362	572.673554167941	335.128336247163	343.400866221343
LIX1	2.8508199307889	2.25123076367783	8.07106469123519	3.14046939988207
LLGL2	22.0694402078243	22.3666266219106	14.9194054955936	11.0978806024998
LMAN1	47.0604445291983	52.9850190900946	38.6667771999224	31.0546262357372
LMAN2	93.3922009910365	104.059395483881	95.5423095158474	121.205750949984
LMAN2L	24.7335533823224	30.5349544819003	23.7636721977465	26.2639037969422
LMBR1L	125.481777401866	93.673084411362	96.9661208890016	82.4965665654956
LMBRD1	72.0457759475764	82.8472200398369	92.853158479423	73.1173907218323
LMF2	75.3572172041269	52.1536206940305	51.6128793094383	52.0435375087915
LMNA	18.4386644165662	28.3921681603137	28.0801115635665	30.5504512354311
LMNB1	26.9162577317055	27.0691114040445	22.8827593427968	34.2983633573131
LMO1	0.726936726922402	1.09503962989033	1.11179838103053	0.543270543973002
LMO2	12.205615110272	19.5421782232699	25.2261329655572	50.4041057388028
LMO4	8.45081210556543	13.1386494331025	10.9142887369427	12.2808284211593
LMO7	16.4043987669409	9.74138762451132	6.13662198525332	5.71535526750728
LMOD3	2.9806647975577	3.76356509013313	2.24435482361381	1.69008581724437
LNPEP	75.7120753806647	57.7883477408108	58.5184572737193	46.9672495263289
LOX	0.646616711985743	0.570568919111108	0.462790807464933	0.312964046039234
LPAR2	41.2929250581915	32.4437174079992	24.5710226058942	26.5233964031225
LPAR5	20.2159936470518	17.8638642399784	40.86988706778	17.1662633800084
LPAR6	82.4355355447782	124.10248602134	63.7923584203279	94.82915255374
LPCAT1	29.0650620949786	32.9252997925565	42.575401761044	38.2430919559624
LPCAT2	7.82262389032879	13.8246517368873	13.4711748396053	34.8310936664811
LPCAT4	31.0144119730266	31.2541510559131	20.1772742718713	16.9620875115619
LPIN1	57.9969626926615	53.7674996476387	33.4866526589242	27.7332456867963
LPIN2	58.4002181382092	47.3783787745072	28.177023936162	30.6591604689155
LPL	1.31335595627544	1.76122328678259	1.23131195383315	2.57337455726866
LPP	12.7200241131083	12.7341526491877	13.4672226213211	11.6366627554309
LPXN	203.822004174826	241.001412724048	160.319600640838	198.453367096001
LRBA	47.2637441048513	35.0685790233273	33.8994919321687	23.3083208416529
LRCH1	16.5440360590722	13.6370526577858	23.1660951855093	13.8026495237385
LRG1	3.09532896698582	5.74114571373296	5.29250000786579	11.5420048513412
LRIG2	13.472056233702	11.2654846498632	10.5772250437326	8.25719819999865
LRP1	11.9022376311299	19.7862711209358	19.924827064088	49.6080246252698
LRP10	67.7957914806146	50.0132533337195	65.4617135087127	57.1340900401837
LRP5L	0.2155906928219	0.53897673205475	0.161693019616425	0.10779534641095
LRP8	3.73666447003246	3.45174277472469	2.84350818138915	2.2851110234972
LRPAP1	30.5356041247612	37.9372172847764	34.2634050749062	49.9112311419294
LRRC18	2.01636390767631	1.66562515480164	5.1120348035206	2.34578003561235
LRRC25	82.4617204579313	159.417364399015	169.30313427783	434.603484853438
LRRC26	0.226816567863766	0.311617852336856	0.442244711709519	0.188963256538474
LRRC32	0.98827528101512	1.05549837268495	1.88842656260452	0.859760093807907
LRRC36	2.02422270429982	2.05368604950453	1.39807952363778	1.3814378329963
LRRC4C	0.529277293605828	0.613559745359042	0.415296185938121	0.256531111376475
LRRC75A	3.6159322110275	3.76923734819812	2.53713890911935	2.52541073523648
LRRC8D	41.9529700011749	35.8406323726043	38.6457189885399	47.1406421596147
LRRFIP1	207.971868405337	208.845401749553	213.686464213104	226.533650138417
LRRK1	3.47548298261861	3.74120921044907	8.65839483547684	7.4755082603458
LRRK2	14.2864309267873	21.8993431849312	30.5552570717694	54.7474092098291
LRRN3	73.7879496822644	31.052063339756	14.854253523992	20.7563826008023
LRWD1	12.1492359975475	8.75298215603855	13.8922605454865	9.10172219351525
LSM10	110.732047471812	137.048268146881	184.174981802546	177.335833538837
LSM12	19.1088357693742	28.5857382901337	18.7897486127422	17.6700660325787
LSM14A	184.558430863726	169.147534879433	180.381574531595	151.069617779016
LSM2	68.5556099520512	77.7823277681173	73.4021805233217	57.6386545345231
LSM3	29.254103510874	36.5719384927433	31.9032979755078	32.110142766416
LSM4	98.0933443160028	91.3862035888005	92.8639435018764	109.44339623463
LSM5	43.4777981961704	45.4888310334456	35.5228845232678	34.2134109908076
LSM6	41.5504445177351	43.1438064331142	35.2083968250363	39.9995513403013
LSM7	162.380343491701	163.270443632288	203.566197009943	146.729917772367
LSM8	16.6124059010223	16.6014044519983	13.4871643767681	11.2664625653723
LSP1	424.920465709442	487.462767038985	489.686773271366	711.082077160627
LSR	31.6334682564772	20.3715786519235	33.1070993094683	17.243051233242
LST1	55.3893464202831	97.8401260276794	95.2577873805635	235.558237323642
LTA	34.0018057615185	28.3922769964836	25.4998474664252	15.6235323903534
LTA4H	88.2412677513898	109.091656882543	139.160259093372	216.279026857079
LTB	508.733982561499	294.054764596814	648.755874169712	315.128022568343
LTB4R	18.8700342211679	21.2285692250729	17.7533725097495	34.7076150766948
LTBP4	27.458207898531	21.9515906989015	16.2788333048724	14.9915688809825
LTBR	25.9763110418244	50.6143273724138	51.1107050546268	135.454123138091
LTC4S	3.0233766396709	2.49009369158964	2.0859284888197	2.03022152798439
LTF	2.7833248966488	2.63177174900322	4.78667474567882	2.11804998874545
LUC7L3	145.88773782213	130.908752796067	82.3350463651252	69.888950804796
LUM	0.59813425054777	0.523085846192592	0.220192456106228	0.206199391961354
LY6D	0.212709582233146	0.329872549218801	0.410136039309721	0.176800189142623
LY6E	248.301059023428	282.78557295634	319.180767938327	291.011732637025
LY6G5B	10.6813079000606	7.26649115312287	5.87189823141814	6.5309135662933
LY75	12.9372740306286	12.0647209178698	11.052861907856	9.45287465152177
LY86	72.8018866059517	98.272732959979	190.286603878212	249.125438156031
LY9	121.734163300193	104.362439304155	122.208374442431	65.6704685589091
LY96	29.3762467079446	39.0229837720876	40.5424786872675	84.6228354977282
LYAR	96.3036869980245	192.864249091452	75.8568255131926	70.213331701502
LYG1	7.48536522705182	6.78240490670004	4.48247548644878	4.10255177509466
LYL1	23.8061939590069	20.3717156898629	58.3679999872653	43.0360756421272
LYN	69.7396484877305	78.4566172252375	203.622782081988	183.964642955134
LYPD3	12.9515263450888	7.9775737408437	4.17401388334709	4.79246769910058
LYPLA1	78.5177236475458	90.5879324050868	95.8408355962431	113.666698629177
LYPLAL1	20.4585885585821	22.2530283797793	23.1498824920136	21.6599534045335
LYRM4	40.6489170574363	36.5532056442834	36.4484735036756	32.1439454841338
LYRM7	25.851321180828	25.8369571409308	19.1207091373448	14.7284177348766
LYSMD3	29.5589878775043	30.5827358631561	30.6432220345928	24.9657715903247
LYST	43.8369556474124	61.7428636446958	66.6755639746765	70.5395448053138
LYVE1	0.960927533848702	0.929765369013207	0.950544543036394	0.690132735152211
LYZ	2355.28057773573	4649.8722220077	4729.11593852923	12743.714496741
LZTFL1	13.7728282232519	12.8752379311076	12.3685867263341	9.54331278606612
M6PR	176.313494045063	202.609484189356	173.038210307082	231.944530357982
MACF1	73.7384087572031	63.2659337200327	50.3534003336175	37.7745184093376
MACROD1	5.86837345732064	4.26368748454929	4.2908556543535	3.41907207013679
MACROD2	6.16414820137917	4.55294879757404	15.5545122636252	6.12383732222619
MAD1L1	17.7373498251969	13.4129270682129	12.1981144905439	9.85542385918679
MAD2L2	20.1012622670493	22.3445490200925	22.3682164921296	26.2949464391767
MAF	25.6242345477459	41.5293795598851	13.6758212740427	10.9309571311435
MAF1	212.271191996592	167.329233632852	285.476543333431	246.705534588023
MAFB	17.0429343004048	28.6711339114531	29.4825615788565	75.7521028567663
MAFF	9.92250431994078	12.1308710617792	14.0779483155868	16.9087414486838
MAGEF1	30.2865450105372	17.7969458599516	36.040328276716	23.7477689467367
MAL	233.900518013931	95.8577894996408	45.71347539412	65.0466808220871
MALT1	44.2538381295691	31.3907271963447	46.9418126590451	30.8283975564923
MAML1	37.3319606725708	25.632720166749	27.0650121295709	25.9749789507253
MAML2	51.3815095604227	26.8920635402951	22.4471511391406	21.6780874289681
MAN1A1	20.7246927603285	23.6462867432294	30.7395219800095	25.943077776147
MAN1A2	39.0375380846186	32.821639783139	29.5043966946018	23.064078239637
MAN1C1	47.3296307484276	20.9836414039483	10.9545641507745	16.5513583731858
MAN2A1	46.4790314828087	39.8425771926862	37.0872218474712	34.5703276103796
MAN2B1	88.6429294711926	104.856377035647	122.951350425477	216.410101072849
MANEA	11.6110373700243	12.7394231076713	9.00973285646921	9.36122982637148
MANF	28.1078412625925	27.7297663810829	24.3191544576159	22.5356425379966
MAP1A	1.66861413950529	1.46008069012451	0.964860215592952	0.719402479688141
MAP1B	2.56975512287118	2.62322966393707	1.75637967208223	1.33839977981351
MAP1LC3A	5.40190017963453	6.28014782952728	5.41236182765912	4.30269249511374
MAP1LC3B	141.22853538619	164.584744884526	179.013353422973	192.18634329274
MAP2K3	104.000855197023	117.34184560691	153.666013390637	201.411565587287
MAP2K5	40.4345560153174	31.0777458417968	31.9801793748883	33.7477453929341
MAP2K6	8.40223626648306	6.99898943513069	4.48096000790047	6.0183047881014
MAP3K1	97.5804340643242	81.0532945753232	132.385415134255	101.077877379266
MAP3K11	33.2546489319703	26.339643579476	30.5146095581847	41.2362494575119
MAP3K2	38.732639991885	35.8636610034469	49.6610802440961	42.8280871974796
MAP3K3	65.4653015527977	62.1586449260294	70.4958489359473	93.3734294227463
MAP3K5	25.3972165687843	29.8800731943311	35.1635086369975	31.6586032848546
MAP3K8	48.9746456164695	62.815306138642	122.065082226204	75.206933653398
MAP4K1	128.781551035404	124.966228989089	121.811923049917	83.0999032975263
MAP4K4	76.2448392993603	51.1220534528556	76.0408741731709	59.1013707834251
MAP4K5	28.2351929813194	28.1927509960773	30.0394198996714	20.2088382043306
MAP7D1	71.7395014725357	43.3461078755865	38.8358707033757	45.2434059041933
MAPK1	67.9070969060515	69.675792826316	74.3718515944389	84.7365061728694
MAPK6	19.7932496522196	20.201563990236	16.5317175384316	17.2272272319147
MAPKAPK2	34.4262219784959	22.2136746278604	31.9829492428842	19.1400491072618
MAPKAPK3	78.8372629269438	97.6642779234204	91.2559752313583	195.191109951604
MAPKAPK5	16.4164626557132	12.9187224537008	13.3753463894297	11.4115064955661
MAPRE1	171.189433643937	196.380094842914	183.597668372669	216.821031371369
MAPRE2	126.94676444969	127.714407619821	122.30393599755	102.189643914789
MAPRE3	6.86076247679383	5.37123481175608	4.79277043295794	6.04936311894327
MARCKS	14.5283666102408	19.1899775538579	37.133237597504	46.8223814727361
MARCKSL1	95.809194498738	60.8074992154687	132.519708876664	89.2294234863514
MARCO	8.79014990842917	15.5493520681418	15.736868949592	38.0076417073516
MARK2	44.4033468097602	31.9955153400723	41.2241960468313	38.4017439440226
MARK3	58.0841234239497	56.8011761640242	50.8232843927777	47.1173135125328
MAST2	6.5995551311949	6.79666683490735	7.42746517026186	6.70834816340402
MAST4	16.7722049584196	9.70003918878138	5.33747816143753	5.43082724932335
MAT2A	156.034093476546	130.736890471671	138.22691126005	155.853962445238
MAT2B	182.990073584078	205.028769247258	181.295924441677	171.633166115694
MATK	20.2736747443505	29.3399454066331	12.5228782199941	8.8221808570721
MATR3	13.1056845298889	10.6797231038691	10.1485765059595	7.25380054512157
MAX	161.071985849308	160.139239509057	121.689072626701	114.607082640193
MAZ	25.7338219908677	13.1925703038473	11.3663036135128	10.796131170915
MB	0.783260219710157	1.29786399263455	0.445669912522612	0.342215216217035
MBD2	40.0437088460337	35.6400281645554	52.347211112075	57.0346949021447
MBD4	99.2949582031005	101.219415676595	124.849337993356	92.8407568060039
MBD5	14.6410441933714	11.9376768485047	9.03717599745819	7.33969332422509
MBL2	0.980772628887821	0.782097122317306	0.442702667906766	0.359510575694428
MBNL1	376.39984571997	319.486735410505	285.65701031714	280.254476871473
MBOAT2	1.63361575018935	1.93005879802301	1.59901984096884	2.80405314992897
MBOAT7	34.4264174287775	42.9163027173027	44.9053539985315	88.65105586102
MBP	43.3737474334207	44.8021280828734	37.3919281555653	38.1592168480074
MBTPS1	130.133433866701	102.621082892654	99.1243352130793	101.650289383966
MCAM	1.334118697305	1.45700153588266	1.21286426695206	0.695572117279097
MCAT	8.09784376530448	6.5208617887645	7.63881253134523	8.55717451838531
MCEE	44.823079955425	47.7109322763536	37.1357671839319	37.277007811427
MCEMP1	24.227272521356	47.3816614176799	47.8104908271765	122.590596329636
MCL1	340.813855325392	300.782539623037	304.602367700602	397.775964006786
MCM2	11.136937331306	8.840530066015	16.0111088730723	7.99457116850157
MCM3AP	55.2009142778878	38.3027729514511	39.7982114432422	37.8706480465885
MCM4	11.3636877143235	11.1760969420095	9.31390564193516	7.35196358622435
MCM6	34.0054271205365	38.541102466039	20.0716460746743	15.8057031320802
MCMBP	45.8519205141108	43.7343273125506	52.9455835964413	61.1748196704949
MCOLN2	13.855083958576	26.0761786981333	12.9401840260171	8.34328283309762
MCOLN3	4.19915971067012	4.22960612869512	2.09730756514625	1.69802208605725
MCPH1	28.4126091027943	26.3333320130039	26.299462191323	19.5932791494422
MCTP1	12.1917431125723	19.2743941966855	15.3882228837007	34.4269316640644
MCTP2	16.3195614668793	18.5739063551324	24.9074021466629	13.6614349855496
MDFIC	36.0852360580596	31.7691976966875	28.1212801137497	25.7830335921327
MDH1	209.701810765262	271.258889096089	208.515366412693	212.569859426997
MDH2	144.84357189252	176.381637063537	153.490661610904	184.362560242065
MDM4	95.5384069533644	74.7724001019221	79.6782615988413	61.5360370977897
MDN1	30.9233982913793	21.4075881503633	17.6509207702033	13.7685479107789
MDS2	34.2221289822948	15.8279813694289	10.5239028552884	10.7412353260096
ME1	3.79144160777486	7.62075851751218	3.33208700172724	4.66854076284231
ME2	25.5455024981196	26.4679700337382	26.6899305436083	30.5998503532911
MED10	169.008430996606	181.159352395076	163.769217030071	139.845732583754
MED13	32.5853077785124	28.5349806745678	28.7793341060163	22.4116815018082
MED13L	50.5017181401377	36.7237804982891	45.8249047176818	37.2840333927196
MED15	110.92756099225	105.497233970645	77.4670187864865	81.1042118241668
MED22	26.5319014278562	20.2097486933272	30.2639819448128	27.6092542227888
MED28	25.631452256295	22.7475548408228	22.0207136666662	20.6746712806553
MED30	79.5351701930583	88.9933819778819	95.2460002863904	79.9097100101438
MED31	48.0637592971085	54.5882938806023	35.8321965090636	35.8398257024495
MED4	80.6784409555633	90.6985184585742	76.1174344576014	78.4715855965692
MEF2A	37.3692592150748	30.6347396661734	55.3369349850538	46.5298641008448
MEF2B	1.21126278220356	0.731002905352149	0.525952673899585	0.485254553094069
MEF2C	50.8956989520187	44.8013647657966	163.862360632219	98.805151635862
MEF2D	35.2023000119098	24.627108135284	33.6925284455029	25.5576307532452
MEFV	10.1791773168222	19.1095101967918	19.8801247779619	49.9788416248444
MEGF9	24.2001002455726	35.853206204342	35.7379660029838	76.188284634519
MEI1	31.0555799600644	34.0436803038047	22.421727795113	18.5040570079181
MEIS2	1.51895908222825	1.48218292639131	1.25061109799912	0.735500389535523
MERTK	2.41284253202418	2.83947775955765	2.96338495213882	4.82316839025246
METAP1	77.4470934797255	78.490734105963	62.5037546427593	61.9583999333729
METAP1D	10.8959016733724	7.17563008072607	7.03042419215277	5.10083279196404
METAP2	64.1848955629334	59.8687046002627	53.1469087548409	51.3778169563994
METRNL	9.82251095115303	17.5000080733585	14.7281074118669	23.206642803726
METTL1	14.4470592166755	11.9176997860023	10.2863064400101	9.30627280322884
METTL15	11.238151306712	12.379879818932	8.73570176597793	6.85395407273611
METTL16	36.7650202324115	28.7465208469546	28.3683190576569	21.7135459467168
METTL17	101.949883249236	90.6983965116499	72.6706408700913	63.7018920276924
METTL21A	49.9528307717242	43.7929502317572	70.9492452667755	55.3763673756159
METTL22	16.6653311975826	15.1950316282867	13.9926579492154	15.0515553069118
METTL23	90.6014814293672	88.3854100633699	75.9609769041428	71.7661436825631
METTL25	22.7198759282327	22.6550651387509	20.4247695160796	19.1713873811813
METTL4	17.7011373594391	16.2202331834559	13.1093882927379	10.0470947336713
METTL8	7.8569878133623	6.93150643573466	7.53041593345296	5.39594459955192
METTL9	46.8716732611526	52.7530767608055	57.2450437403031	95.0521198052425
MFGE8	25.1636171771406	15.3897882447799	9.83375121828261	8.9144935146243
MFHAS1	17.3784154222956	14.0881231548787	11.9490781200554	9.22185590254419
MFN1	25.8101067520843	23.6049349286785	28.6667598410445	19.9682524610325
MFSD1	124.685153373934	171.992797502787	184.399577764525	350.872967873992
MFSD10	75.0292541572845	84.4657554855752	87.0242845855428	89.5822116209179
MFSD11	35.2853461457499	38.0356868750849	29.591575354541	31.1825567679749
MFSD2A	4.72801825709429	7.84647115674969	8.33578075433718	18.2301167135998
MGAM	1.68893677408698	1.95792370474995	1.1722103247753	2.14284209966923
MGAT1	64.1929036785535	71.301267012707	74.6544670547801	133.817803663177
MGAT3	1.79521808309496	1.38474346461444	5.17034961149101	1.99952239888347
MGAT4A	75.0495072131565	63.9406826669007	28.2642229358012	31.2528675726596
MGAT5	30.5521679454965	19.9870390053707	49.9927392295567	23.3846529364013
MGLL	2.61333694438075	3.14342512010161	2.50080472536414	3.40061474600871
MGP	3.05120894984089	2.50159302678266	1.3807692777664	1.16720796187142
MGST1	13.5962312721962	24.4113603110337	23.8481805375792	62.0206163462739
MGST2	10.1488525242613	16.0904225953221	14.147410347336	33.6864686274073
MGST3	29.8163195135478	38.7275464620835	26.3278724734034	33.0992746857378
MIA2	40.5767590996304	46.5296188470433	34.3550164990337	35.5414264912529
MIA3	58.323772474714	53.5405339020155	48.1547728700591	43.5613754472687
MICAL1	103.866455169119	69.4746825486534	84.8763485142884	77.4561392398562
MICAL2	17.6984030814644	29.2062768089562	21.2068535969365	44.0649555620446
MICAL3	8.47450883115778	6.64188318245015	19.1097175975244	7.8387115041975
MIDN	33.5342450305265	24.050424688074	33.7857651117879	24.7481051252281
MIEN1	36.9518441384548	48.8247504090391	47.9247360337519	54.088730313528
MIER1	102.608130455588	130.835844136882	77.3550970470054	67.921808491262
MIF4GD	66.5389047452659	72.9911910359788	76.7793688321793	85.7159010521647
MILR1	17.4757113964784	25.7190394628735	40.2654365985856	63.2525047387615
MIS18BP1	46.4897307399019	60.7175049134693	66.5339525225275	73.0450494628564
MITD1	54.8510409256747	57.3110211145707	41.4485709857803	36.5458010658337
MITF	3.60382458611798	4.56896513284149	3.95242674387908	8.11517378359787
MIXL1	0.628468543224019	0.56763463463462	0.40674288599374	0.278883119663127
MKI67	2.45063681058272	3.22462393747548	1.70395733499751	1.17301248973463
MKLN1	31.3605944575125	28.6373833361948	25.1385557078038	22.9920394641107
MKNK2	93.2588194679368	61.325009159072	149.421187454841	82.8062290179112
MKRN1	133.592215552553	120.74488123846	146.140873432914	153.773108502516
MKRN2	19.2622732653825	17.0675006582205	15.4446120396276	15.4053025505666
MLC1	1.7377425723035	3.08496955578803	2.08351982979596	2.84888017209881
MLEC	22.2733822315112	19.3347855752544	19.6708197186209	24.2119934930143
MLF2	194.419394497351	196.649090176312	214.077031899651	241.86304372559
MLLT3	46.4451578364143	42.5035066676865	18.3518611065379	17.2822983944374
MLLT6	128.231617154597	80.7841066542175	56.7982953243401	49.3434403420434
MLPH	1.26219863843882	1.30874291344716	1.01330747905571	0.604287659843725
MLXIP	60.2397073593873	37.3931605770347	40.6009146063852	40.9849586150718
MMADHC	127.651675825502	159.648482629436	134.768031354131	129.739659501755
MME	2.44390825659549	2.24957847553741	2.5545450875127	1.90628210558733
MMP12	1.90065200120921	1.45190738357562	1.08422944572333	0.763271589689536
MMP14	1.12093187461597	1.22299310544401	1.39195526878628	1.18519333658967
MMP19	0.703937154077193	0.979236453292086	0.814802044000255	1.09113195307686
MMP25	2.65118133711325	2.2715681624966	1.43815888178205	1.73402544069393
MMP7	2.41659891395237	2.01454851723222	1.31490757743476	0.977810916251578
MMP8	1.57915242188484	1.56913572914395	1.30246091136761	0.854297588276054
MMP9	2.36027165253259	2.62090558276779	4.49338758939304	2.68397204289029
MN1	0.564845452611549	0.701578734348645	0.454259549928734	0.457226316641091
MNAT1	17.3299162659597	19.0367738647087	13.6240627038353	10.3141335281853
MND1	0.969836512971647	1.18962761610941	0.459455278959477	0.371822941557617
MNDA	298.89163204617	589.39355038367	602.267118593654	1592.7328969225
MOAP1	137.458931298835	102.394549488435	98.0465582633835	86.3354010249653
MOB1A	213.426946509823	257.629618521687	284.961861280574	308.754351083142
MOB1B	10.5430981504977	9.18707401867119	9.41161947104545	12.2167114382711
MOB2	20.9371878410374	17.7089587530685	19.3241247432481	17.1289881836161
MOB3A	174.582548980474	168.91435448446	206.272853251316	231.512467033239
MOB3B	5.83714980951759	5.12161222690907	15.6680538909158	7.9722470457828
MOB4	28.0685027755454	31.3385057353154	29.270372145675	26.339772902008
MOGS	63.520613073206	45.9057777482488	56.5959477836114	54.0883741992095
MORC2	26.7976682342286	14.9591403480822	11.8043333570357	11.026026605647
MORC3	111.516399596114	98.4841895322009	100.340164372611	85.190008835243
MORF4L1	242.749427863479	267.492491971794	228.803052744576	213.11570096256
MORN2	6.40928626238202	7.65420722128075	8.58023159543076	11.5853991317798
MOSPD3	20.8586096222612	21.3762758207193	20.399703001736	22.3113048713454
MOXD1	2.61047585479633	2.20008794096447	5.92750943234094	2.39174490089818
MPC1	70.9770347758753	91.9424576427818	69.900512124429	82.8931532332468
MPC2	37.6607322682897	47.8116288470938	37.0874589157676	32.9153582409726
MPEG1	192.077763883196	345.251949096005	408.410892738222	932.758047673278
MPG	38.569638010579	36.3230690791167	46.8931304735325	50.4906338908085
MPHOSPH8	113.467553138128	118.499748349521	75.5945754759289	60.008135873935
MPLKIP	10.9659128368847	11.93029422791	11.1329156042827	10.6064004945098
MPO	3.34836636805823	4.73073419778863	4.85359225855495	9.99289164583585
MPP7	47.9232861550171	43.608443947565	26.636786571443	45.3573231912969
MPPE1	32.1395948351872	31.7927141879418	28.1748643146632	30.5158097381131
MPPED2	1.91403907134392	1.79280860741335	1.44729463737419	0.930019026452496
MPZL1	13.1396302203944	14.9221334618963	18.3468949349283	30.4808798636401
MPZL3	43.5716178690747	80.5765913081297	30.0960944296158	27.1336840958657
MRC1	1.45228059966467	1.35090468873552	0.796263253574319	1.14548410524432
MRC2	2.89401999585159	1.78507534170695	2.15530264541504	1.30128699635847
MREG	6.26024492086617	5.29891678887301	3.90965113964331	2.783491458003
MRFAP1L1	159.627141880585	187.88040905731	112.849909303188	97.988628698853
MRGPRX2	0.46773322960967	0.56271478018311	0.982145006375521	0.408788090911888
MRO	1.00853522548962	0.939374473306356	0.716464226056604	0.467758235290296
MS4A1	289.616819184438	199.016168171002	1004.72717046548	369.135704000663
MS4A2	2.07812430836697	1.6328847878918	1.30568389598425	0.901440700697902
MS4A3	1.02974173255083	1.0727443524517	0.939025991356265	0.792431536409779
MS4A4A	1.90241499849157	3.19449309227881	3.20446784710281	7.46631270875239
MS4A4E	1.33899682986727	1.85580187008473	1.91450068834338	3.08655123549002
MS4A6A	146.117133497116	287.245188500874	288.631251360328	771.776875501208
MS4A7	30.5635579209735	54.8599354283715	64.0764002996311	145.62681551218
MSC	5.02527073912229	11.432957401895	4.55442882147467	3.02811141770737
MSH2	23.7443932395077	20.013103944327	16.2075678324415	11.917583666341
MSH6	31.4837721915717	26.2174010137301	27.0304210704271	23.0941294913182
MSI2	31.4469101831367	25.0571143984933	20.361841540567	14.5324903969174
MSL1	53.6379038132904	35.2359827539478	30.7924895823349	30.2901786347956
MSL2	58.2579669485845	46.0024798958735	56.1468209634739	40.01347931136
MSMB	0.617637199429588	0.754616783897371	0.397652034491347	0.268449947381086
MSR1	3.81274885700105	4.91594213187071	4.27427116416908	8.23694461158709
MSRA	16.0855749942774	12.3379416972987	13.153125594332	17.1609492976265
MSRB1	79.6449445247576	142.036559824821	141.115455837382	338.216821867477
MT1E	5.15335198359488	8.59575479960712	3.49391722770406	3.13347942125843
MT1F	9.02789265798492	14.0528534906869	7.48641289317498	8.29916022951315
MT1X	8.37840302290686	11.102735032259	5.24567814129466	6.65230983475375
MT2A	54.5233682645934	75.5984352066695	45.0520294641959	69.3074105664617
MTA1	38.2460736348812	18.5706287025139	20.3269302646343	16.3781481245178
MTCH2	52.2539463748103	64.3745435184488	58.3641365840057	70.821755346292
MTDH	63.6733152976103	58.9356685752099	65.0503370753691	62.1501013803145
MTERF2	25.1381803095275	21.2658071494274	11.3960717254915	9.85551639756758
MTERF4	59.9919509176134	43.8389492777447	33.2831215473377	29.1811041338063
MTF1	19.074798987395	21.2335634820083	21.2797628866685	26.7028350971538
MTF2	62.7272926924948	64.1270628916063	61.5784085818737	52.5297914717034
MTG1	12.3653403284726	10.244104891173	9.75059491314732	8.40240777837531
MTHFD1	25.8687994856372	24.1399886932329	24.7273921619236	21.0097250479949
MTHFD2	15.1602550509421	18.8156501435891	14.3709635257696	20.2139793593488
MTHFD2L	13.3816823661334	10.4455648852869	12.0796255108832	9.92721476852241
MTHFS	7.75803719835478	8.0510845598171	7.14214227476531	8.28210088626203
MTMR11	11.6428147361424	20.9567437821106	20.3518832166834	50.7337232979786
MTMR14	110.299129499844	114.857603300629	137.578421438692	180.615085450061
MTMR4	38.0998832494072	28.3188147121024	37.9124523708492	28.3572725171284
MTMR6	41.8031879677482	41.9880072975687	49.539268352577	48.842483377475
MTNR1A	0.334030964416297	0.312678932136125	0.135315853949922	0.126488919957183
MTPN	107.072614011405	109.000891283161	186.257891516006	142.952024840691
MTRF1	56.2060722868965	53.7313322693945	35.7477479725576	31.2676606284299
MTSS1	33.2641859675652	30.7756657908404	75.0467464466276	40.2218798796002
MTX1	10.5268008977698	10.1855363956026	10.1221511331332	12.7172519607232
MUC20	3.33826855234135	2.65529021335297	1.60088776489114	1.33470774546831
MVK	8.01466730270775	6.86479681119139	6.9114601296425	5.49652627093254
MX1	74.9574228849213	74.0739232265545	109.279920821838	117.437168114948
MX2	96.7393484633515	91.2809915056556	92.7098257148025	139.711711519539
MXD1	28.6376727893661	42.5093225925448	35.1231687899237	59.7007257367615
MXD4	40.1452034120736	33.7512849726603	45.4567820188759	40.396884491334
MXRA8	4.53133089555598	2.33818307926779	3.37277718907808	2.08978969413179
MYADM	143.279050920865	160.919847019001	181.996695875179	265.194992655418
MYB	10.9039122903878	6.11590455591153	3.97783685233727	6.40774905779788
MYBL1	12.7879533805349	23.8085180294961	8.86932424518929	6.16064390921117
MYBL2	12.6037352947924	8.39374548391822	32.6838600784913	12.7631461886893
MYBPC2	1.64280650848568	1.61954930472205	3.90212140848305	1.56319296122424
MYC	106.514921476641	64.8436589526294	82.8288087071419	55.3698777406386
MYCBP	30.3589443037158	36.3325672991578	29.2354628209351	42.768245897849
MYCBP2	57.0121193273341	43.4410006216892	54.155776020971	37.2488021922328
MYCBPAP	3.25792386055455	2.93995687541421	2.36990667301891	1.5797434656666
MYD88	140.42433221811	194.214265470095	206.088837147886	361.091472180381
MYDGF	106.990576074888	133.463162794886	130.657524737618	185.197086486359
MYF6	0.202743795214447	0.43703315900527	0.139044916221229	0.111629455405667
MYH9	611.181331818147	450.444515896307	429.210137864559	468.137321580894
MYL12A	1257.78640497967	1470.78285620395	1035.83748168824	1184.95041175814
MYL12B	562.836684487222	793.978745283328	537.942367378768	622.56888887523
MYL6	626.922057189292	845.516105137886	679.139164540662	836.761483242738
MYL6B	10.5997942920163	9.50024288866872	10.4430362648295	7.6224140973998
MYL9	0.712657993204296	0.818958396039717	1.06015784457637	0.574139619961235
MYLIP	86.5692533949341	66.6240848141258	84.5389028756897	56.3753983702214
MYO16	1.20281514373988	1.35612041178225	0.511312753696636	0.452564844809732
MYO1D	5.61246352466408	4.78877107466681	4.7711591798055	2.98751780430569
MYO1E	6.61471987862876	5.56364650767496	18.2372060684781	10.3807282472712
MYO1F	137.035513611004	278.564072889109	207.855730872622	433.962627473935
MYO1G	111.984730639786	128.759415614987	131.136293013586	163.976260896443
MYO5A	23.5146509666889	26.4386694500851	25.0918527771492	25.9709709242848
MYO6	5.18324092894835	10.3630430443458	3.51891334405339	2.43618957859219
MYO7A	2.26476431296872	2.87968044223309	2.22385998424792	4.11081707762753
MYO9B	62.5415164721207	42.3127176389657	52.9869797576454	44.0053117763856
MYOM2	8.3949704171969	12.5123434638503	6.64073900560464	4.48534340300877
MYSM1	34.1683117388145	29.9157138417014	23.3817638554514	19.2477308250752
MZB1	21.1984874819709	14.594206808631	60.0229411409329	22.9456418896202
MZT2A	20.3419223633399	12.9744316657246	13.506000212546	10.0127374981784
MZT2B	55.9828656682291	34.3716685886082	44.2274854621914	32.8636643296595
N4BP1	25.203082164171	20.9577646967081	17.9165672627627	17.2265725991959
N4BP2	22.8432878276214	16.9936930541021	12.4260950124751	11.9304698941879
N4BP2L1	58.2383850967909	65.2901888151719	65.4841890526627	71.7182125749593
N4BP2L2	138.251957122275	132.512647739638	95.012076942507	93.1974343004513
NAA15	46.5338193868197	45.227879759645	41.629121347425	32.8664326455494
NAA16	68.2034258624369	51.380822359612	33.1794292344191	32.9994195299121
NAA38	47.3951747384632	59.5852460421413	53.5420708362427	67.4757499679345
NAA50	53.6987086700916	75.251125307311	62.2851430593253	57.4313530851611
NAAA	116.613533701142	144.350565106262	126.176187865124	248.070780970873
NAB1	12.3206206710995	11.0642066276539	8.21338120975037	8.62166820793851
NABP1	23.3308275452393	35.3294517708622	19.9970939053695	21.0731270971344
NACA	223.504011097262	174.07437942867	154.075501841327	152.961447359535
NACC2	4.95775819587136	6.48605127101428	5.26997039773103	11.0531396026678
NADK	50.8547398393448	69.4046503938818	85.1453873946039	155.118718014918
NAF1	18.7093459831638	14.3282965760893	19.6953874276284	12.3480606751343
NAIP	3.59575960787587	6.24104410809038	5.89614268687524	14.2094439174591
NAMPT	128.364340111985	213.640502910793	232.412770288511	491.2143145692
NANS	33.8490846864425	37.4748661433244	30.5777494703471	41.7576556427335
NAP1L1	94.1853427238159	72.7126025240331	68.816214812216	57.2858523785186
NAP1L4	249.937865405692	217.588167381533	147.357081968164	142.997921651517
NAP1L5	14.2369724285415	12.5087922389468	8.46595816121635	6.82337725579859
NAPA	47.5684273069265	51.6299498308574	48.7061527340462	64.4579608796171
NAPRT	55.1867562559658	61.259174159805	57.8786320936144	116.017852278181
NAPSA	1.9800520425837	1.31431406323722	1.80548371063651	1.16865332595503
NARF	64.2616054220273	65.7548130245779	57.9474138770371	55.3341849373803
NASP	86.039666838501	79.6198206757442	81.5294484370685	63.8289518024069
NBAS	25.221948370866	20.7566907736351	17.186820548619	16.0078163459702
NBEAL1	7.36126186761462	6.79633795492943	5.42945665322913	5.39731282292366
NBEAL2	26.6591999078006	21.6900627057915	18.269954252037	23.9618738959652
NBL1	3.73305568630556	2.36410097353926	1.86989154681642	1.40580538765668
NBN	27.5043454662757	32.067735317137	30.2042765998613	34.0191502553441
NBPF19	0.475101985289994	0.360763511730724	0.224850123158914	0.245129376633312
NBR1	108.527266254869	106.123783847271	87.4953093291622	117.510071616237
NCALD	14.5986472596803	26.5040414617657	8.72760396408735	6.42158849967611
NCAM1	2.28055240074503	3.28906824663958	2.25376733048353	1.41397159712191
NCAPG	1.70817760687625	2.4458214276156	1.31873195210279	0.931980201165545
NCDN	23.7877117529968	17.0386202779017	15.6735463743949	17.7464747505734
NCF1	46.3934712899488	60.4705447384122	123.217983748784	150.900909093005
NCF2	120.929821467752	228.530017536912	237.356624447006	615.583099817179
NCF4	54.2705231399428	81.8631892440132	123.537989900116	182.026729833484
NCK1	39.797261513533	50.1784436079834	33.3094578179842	32.6172542406511
NCK2	112.993159816142	72.040706348775	123.038605599116	69.633464100053
NCKAP1L	92.0174861134165	92.8775601013052	102.074070784241	114.841055025041
NCL	444.826202491037	351.110108684352	353.18710083075	319.576043909214
NCOA1	46.5893409969797	44.985396603432	43.2416725466403	44.5158585325955
NCOA3	87.3272612420824	70.1995273911529	114.174423156643	81.3577291823084
NCOA4	270.604701677748	357.739242439361	361.454497777787	657.242720883651
NCOA7	26.557535616517	31.3048170834118	21.0339322564584	27.9990731129615
NCOR1	93.517945702806	86.3049306146719	80.9568903275761	70.6761004872517
NCOR2	34.8521664002042	21.2643155394685	24.3381500479349	23.9174073824037
NCR1	4.73569831008425	9.80859323622448	3.38280673283555	2.39552593366284
NCR2	0.562387975310385	0.914771372814486	0.310551199343331	0.234798674158339
NCR3	52.8649379339351	93.9664384201439	68.9936684753165	34.469732760382
NDE1	42.6094395565088	39.1452307745761	35.632959248685	34.7198076662243
NDEL1	72.6699708423521	65.3201029308516	61.3946764625698	63.1751499207423
NDFIP1	137.852693848686	85.4359620395181	58.9477844214315	89.6237192885676
NDFIP2	6.51513166021342	5.18361566679738	2.18998506550894	2.16083007649028
NDRG1	38.1078262461169	31.576601837303	29.930751891782	33.4631899591159
NDRG2	19.4516195857742	14.063592469524	10.8642324401032	12.0337385149581
NDUFA12	61.1144258383248	75.2548844239998	53.066469303222	59.055876549856
NDUFA13	28.3738698622869	34.1760053680995	23.397259741708	23.6494127566626
NDUFA2	108.664339866961	132.484338949211	109.106995349867	146.036272015487
NDUFA3	103.84523478217	122.816679713433	94.640797172008	97.8067744487204
NDUFA4	127.60979197549	162.626340193839	121.753628431878	150.551170356756
NDUFAB1	100.008260999329	122.047192566172	99.9682491252799	123.56180795013
NDUFAF2	6.54311396669682	6.63800736833954	4.82718156066284	4.77547602143533
NDUFAF6	22.2665151772544	19.8496753842005	24.3420053575066	15.3423569578782
NDUFB1	51.1831251770283	58.6390303537756	41.361292343901	59.0182177601527
NDUFB10	117.771643462949	138.713775117848	128.475190319424	155.23754164492
NDUFB2	70.6452069876334	94.1290084976821	69.4798626433143	80.7742260720225
NDUFB3	40.8172544954632	53.82278922746	44.1813737811942	53.9373486798286
NDUFB5	24.5757461025154	29.6907015530495	23.1371420863547	24.5985985373575
NDUFB6	49.6858391633449	67.3333864196138	48.7615197527577	60.6489525543819
NDUFB7	134.819390724183	171.596940268051	146.622745191535	176.614263319877
NDUFB8	130.927576149209	158.258337595558	105.921262834859	98.8008034069984
NDUFB9	43.7573760618197	46.6722140047189	42.8268870809451	43.6758310572826
NDUFC1	37.4704529055815	43.3420148985611	35.0244984604812	38.8132299895582
NDUFC2	25.0635607925297	30.0637756072627	23.1033489420348	29.0709337292312
NDUFC2-KCTD14	0.0321520580650804	0.0584733928548631	0.0589656949476431	0.026033643717921
NDUFS2	81.5792986559172	89.5417607424236	73.0467042890749	89.3114249671289
NDUFS5	353.682279156788	402.390779193115	268.801377708203	314.702727028342
NDUFS6	118.03575219824	145.085840201122	119.019841194343	155.929003064965
NDUFS7	23.2379587750051	22.6215124348158	24.042772480552	28.6789236422996
NDUFS8	47.4321057091158	48.0818021419835	39.1341197750548	46.1293983294934
NDUFV2	71.3479824576748	58.3528974828701	50.3593438417661	38.693400744938
NDUFV3	19.0021415574595	20.2013949428732	15.3171172123366	19.7641594585845
NECAB2	1.27166466461141	1.50218603658795	1.92970337695081	1.44468007877955
NECAP1	41.6273617160122	43.7491693785032	34.0637474640933	32.1181242087368
NECAP2	107.948594722316	99.3038460586673	89.5528370015593	116.454450317618
NEDD4L	4.93524469822354	4.91031231066677	3.70165627299942	3.05418533495283
NEDD8	55.4948832722429	72.5121091510934	60.4987274899327	61.5624697762625
NEDD9	48.5108467118278	52.5598487607141	61.2757652747812	53.2048318690536
NEFL	2.88210555535622	2.02652007237121	0.90192931275931	0.926945109420787
NEIL1	19.7948926539755	13.6039073771582	33.4873331783617	16.0969284581364
NEIL3	1.45095962655945	1.90602241024533	1.11099105038452	0.848462714700887
NEK1	25.0797194760364	24.1035935314483	24.5017200177301	16.81134815691
NEK6	16.0057870051479	22.6712003474801	31.9017180157788	46.6306097148351
NEK7	50.5478615370631	56.9155953247583	52.5022978110371	53.9253032792697
NEK8	14.8635111165927	10.9654363165472	26.8464326195063	14.0428103081518
NEK9	42.0761971300015	30.5715565130997	30.8085922652606	30.4030365928847
NELFCD	2.08682705041085	1.61267197331715	1.65002455790346	1.62199880770555
NELL2	144.462220250942	104.657675083733	41.7543486897993	45.4471350771492
NENF	36.8265576829968	29.2444943671211	43.9066594473097	42.3940592252116
NET1	28.371213429378	12.8297991466977	9.42773273454739	10.4303726608766
NEU1	25.748785391409	37.7987621748797	32.161334429268	48.1276301423554
NEURL1	2.50880797130355	2.24393834169166	2.5892388242371	3.13053703406341
NFAM1	22.0382327529361	42.7748230822001	44.7527498409558	116.295243508935
NFAT5	19.5783299638127	15.70965644342	14.9727048996735	12.4212559628705
NFATC1	55.4586310418246	32.9991024203436	54.756133294047	36.0655469840579
NFATC2	49.8486733808191	47.3295508444118	34.7697694538186	22.333807718049
NFATC2IP	46.8924776496969	37.1731805657474	31.4873558852439	28.0349323271873
NFATC3	101.298181018235	85.2494944707732	87.9070658686424	63.9008353778245
NFE2	37.3444581205731	71.7705763933088	73.4268074380802	190.943343123045
NFE2L2	75.2556327679568	77.4423777336058	78.4656298125857	73.9475518647052
NFE2L3	8.0450785810263	6.77704356438101	7.13113117504303	8.70422488095365
NFIA	3.26711967719543	4.06114537777415	1.81074650437668	2.3270464037779
NFIB	1.51002028886046	1.28588190218109	0.54745738832538	0.520603333366762
NFIL3	18.7556291209802	27.64156532644	31.0924658306611	52.8068404904061
NFKB1	72.4522196482898	56.6812520397063	89.8156383670873	71.3539834087931
NFKB2	64.4935223283967	41.2298978961996	87.2990081991296	52.3089869358644
NFKBIA	811.249532866391	1129.76327080698	1643.51946649236	2594.37316072782
NFKBID	80.7180906720073	62.3915003538674	190.650100455944	104.326984624821
NFKBIE	21.8975325910091	20.9369590983165	48.6699490268765	36.7402690263615
NFKBIZ	345.109837970786	341.156826328302	356.805590062127	690.081406832345
NFX1	80.2280364194956	64.8578917391734	75.9258034365577	56.4028127341835
NFYB	30.8373344390538	31.4102760198891	25.3089596260517	22.7177764380792
NGDN	86.7270823037008	89.2115678066863	80.6113147613898	61.6591732756432
NGFR	0.385671753213524	0.600939545667173	0.537646336697287	0.310209297479405
NGLY1	80.607270297447	81.3891419426945	92.8546516694458	69.95349560977
NHP2	85.7372888879636	79.3529412344385	81.9944473303209	79.1992808356571
NICN1	0.0113025700796847	0.0224205375602426	0.00692482978344195	0.00503044592931373
NIFK	67.621061595569	61.31700307677	53.8627228322878	53.1207693714473
NIN	78.176157606366	66.5362992735969	70.4135050439212	59.1965183743386
NINJ1	92.1293486542793	127.325097922823	125.452207718352	268.735435187076
NINJ2	24.3005697617311	34.3824624856545	23.633837850553	42.0473494154704
NIP7	23.2836393583439	26.2393155140559	21.3733625556037	19.2204542995731
NIPA2	37.4563646291596	36.7432831239575	59.488896048316	51.3590169161736
NIPAL3	77.972949705978	60.8202035706412	38.0996775237048	33.2182990259277
NIPAL4	4.67738009853428	3.45710716512952	13.9260675199575	5.35976190291519
NIPBL	71.2506075904579	63.3082682070491	59.7793187197282	48.3541161213576
NKG7	492.387847691983	1185.4614116589	385.22455818856	260.375536054598
NKTR	169.072737661399	145.301378746428	95.9227011067109	85.627401867627
NKX2-5	0.358539548148328	0.663121299614491	0.429075039188947	0.221580941130023
NKX3-1	2.87040764162901	3.38247474798369	3.73063973906391	1.89876985985397
NKX6-2	0.526480198025186	0.459720813512652	0.670497042653647	0.324201252408761
NKX6-3	0.510082874803081	0.576042027582951	0.90005999465856	0.393161483438721
NLK	12.8930287829547	10.111422620823	10.1306743551337	8.00487596028845
NLRC3	74.5847775089972	60.8810172050549	37.7727836411781	28.5882392792711
NLRC4	3.79448123501986	6.53259182464854	6.4482974327219	16.0845751139372
NLRC5	205.560332753078	180.048985508567	107.389222522826	108.953690656068
NLRP1	215.177896155826	156.71442334312	127.202232629962	143.444880253494
NLRP12	13.0945083528815	25.1042534639939	25.6570048288112	66.5132841773483
NLRP3	6.10246256613985	11.0249934989502	10.8544644794112	27.112373619554
NMB	6.26684477882561	5.16461108106067	3.49415578174182	2.91372623735664
NME1	17.8343387204445	19.1107285280838	14.7040144705785	15.084796101213
NME2	21.0606953725105	16.7907403763965	15.9955553493279	18.9059287321004
NME3	60.7258061520469	50.4548368420715	52.1725090221793	57.3106607846048
NME4	32.7518274598383	21.2131492723615	37.5107678161236	29.5086166090763
NME7	10.716136600936	13.2024596311142	8.69717012011129	6.73046418946738
NMI	73.1954866093773	99.1869308805019	84.9349986578522	123.77453144161
NMRK1	91.742514872997	80.3787365910327	39.7449727479112	39.313219661437
NMT2	43.3614846669294	37.1923478739277	20.6220626132472	16.6460688629058
NMUR1	2.63461127244644	5.59750351020224	2.16950479615893	1.37361921044396
NNMT	1.45808412411696	1.51619388314206	1.86760114676435	1.03572047011902
NOA1	55.1992196536195	42.3636574883451	48.9802844859485	51.2219645373475
NOB1	58.7828571719386	54.9716874077772	49.1758038722267	45.3216019902854
NOC3L	28.9822304858194	25.524930521208	33.351081564356	19.87910797332
NOD2	12.672865541988	23.1200946782683	21.9476507663365	54.973898495892
NOG	48.1191647756123	26.0607365310156	11.2470134413012	14.1010263191408
NOL7	95.7462692922626	91.271038506041	93.1177472853074	86.078481921797
NOLC1	91.528540623655	81.3610853694559	78.2728930584262	71.2376410229443
NOP10	131.884944254824	213.229296119758	158.034262127005	203.244330742152
NOP14	43.5685759297729	27.2371530456543	25.2054056976185	22.6497445085955
NOP56	137.751517360375	124.428670864401	119.141928858691	93.9760262232176
NOP58	252.38171453757	297.057213521545	212.246451823987	155.025698079279
NOS2	0.731190941264803	0.888583454830028	0.585396856178563	0.391241895822424
NOSIP	263.463816324867	157.206793426716	99.4162614463497	114.539146946942
NOTCH1	32.3217843850356	17.8921358127897	21.5178375100511	20.503192363578
NOTCH2	46.5309286114066	46.6097331757285	68.560768096483	86.4963682508448
NOTCH4	2.33633222954295	2.5812529691882	2.73403365539007	3.06426965370843
NPAT	71.7701181067836	59.6237408764118	53.113356830697	39.4571408733535
NPC1	46.149750225966	70.7051121488699	40.2232161732145	36.9910624679813
NPC2	98.6101282622049	145.655725889021	163.866820019384	316.165522842782
NPDC1	7.94512275057106	9.96736626057763	4.13142231011108	3.43363683146107
NPEPPS	27.6455937203218	29.4392947945997	24.7707875231467	24.0860622355162
NPIPB15	7.31938468709004	6.20703185038501	4.98927005976961	4.24881038582556
NPM1	346.493522603259	355.524229095543	256.864068207918	197.89460947008
NPR1	0.465749054664499	0.766274502799104	0.456460223882671	0.271072395747331
NPRL2	67.9398671994252	74.7998530943155	50.6651908210294	45.0391837824152
NPTN	48.9941289196693	59.243147301536	53.0353348900469	81.5884544527591
NPTXR	4.32184239244872	2.59958263202339	1.58551435132106	1.51241807147877
NR1D1	26.6677269881278	21.1980932177913	12.3611159857479	12.1246844980164
NR1D2	54.3520941402907	44.4672418303334	59.6754189512538	36.4482064528507
NR1H2	93.6733239995215	80.7768174897214	118.407735856118	113.286025152007
NR2F2	0.518426307137828	0.61738758278193	1.0991568818318	0.46430148656457
NR3C1	70.1507721705096	81.5539331591349	80.2901518200079	69.2656282099029
NR3C2	20.9564256432779	13.1125231486653	9.6254511834892	7.82713728735617
NR4A1	36.7455527388198	28.8623746928648	79.5800352952784	51.7811985626766
NR4A2	184.070487685481	192.039239242574	332.170858349525	191.896518540377
NR4A3	8.74100665972401	7.21860987462926	21.8488859989935	9.17719429266651
NRARP	2.41540479733836	1.65119133994429	7.62061830783495	2.93770799495512
NRBF2	51.8421239955957	65.6759953956199	64.3974302726242	67.2437198770946
NRBP1	158.529113120217	157.879722734194	141.734865635399	162.202023965086
NRBP2	11.3074754892825	7.14120648598546	6.05568959708268	5.23005517840786
NRP1	2.54970764673101	2.92172627588894	2.22107063070901	4.70379286529211
NRP2	1.59684144538737	1.8199103646089	1.83288060653907	1.83093574103337
NSA2	52.9926766178181	34.730974721096	35.9717598530912	29.4967626447889
NSD1	42.0424972675862	33.0930791474778	34.1807952458551	30.6031381564307
NSFL1C	51.3384730469489	52.7744464810725	55.0390042222006	53.4275597408489
NSMCE1	84.1379716576286	77.8295625134573	71.780757049628	70.2050199181028
NSUN2	82.1654997044895	67.8193664617308	80.5396126919274	74.7719080657051
NSUN6	42.8648438601944	38.7685807743428	28.3056056832359	26.9569146293184
NT5C	34.0581806528026	29.074350143168	50.4485336728063	34.3444574036563
NT5C3A	107.710753147992	118.0493126571	135.526870735362	101.053497801965
NT5DC2	2.82566912109359	3.71268499660683	3.265317149714	3.4666072819765
NT5E	18.7841963399881	15.1045933529089	46.8559355120799	18.5286108574903
NTM	1.39482810808276	1.4449056911953	0.888039130864629	0.600423783502614
NTMT1	31.5769789575581	31.8188564169242	25.471785918759	25.0072805076663
NTRK1	1.67759006399224	2.36699012991717	1.75353015402407	0.981811870349459
NUAK2	86.334996044926	56.229749683866	137.082912835866	86.6124617709943
NUB1	95.2357523908449	96.0405020765764	84.244808336829	82.6175222818746
NUBP1	33.5273628938141	33.6146825054046	44.2547693273706	46.9951830042272
NUCB2	116.525363480559	97.7756062571903	44.2440970815547	51.5359827303949
NUCKS1	80.1939147850459	87.4187516816117	64.9962222589267	45.4756488345514
NUDCD2	17.5197045005917	19.3561061876615	14.6608811682574	13.1649166799855
NUDT1	36.5799037075145	41.0758666426837	43.0605121546931	43.6292785132062
NUDT14	20.8850872556334	19.7931539569753	20.551817696307	29.4215046922842
NUDT16	9.74819801624598	11.4088562464938	11.6054086312642	20.9772601041474
NUDT21	22.8455794164984	21.5613023952025	17.957918694525	17.7624518400925
NUDT4	12.2604543964991	10.5592275078687	12.6138278505286	8.93400285053994
NUDT5	49.0092225006406	54.4072221395022	36.2909254701158	37.3844710002171
NUDT6	1.6557753266704	1.9510822296694	1.09283677965828	1.16298854266818
NUDT8	2.92732106843519	2.51438724556846	4.42462146036916	2.30789836631803
NUFIP2	34.2598247257035	27.2033208064102	25.8507853395065	21.9008935695925
NUGGC	4.55081916951177	6.95440181228181	3.98447741456772	2.34831303579851
NUMB	72.4052370510657	85.7408617914424	99.9508123641964	146.481174209099
NUP107	34.3167304157296	35.5198330184977	29.9510217035338	24.248261361365
NUP133	35.5954464597871	32.2869394510704	31.0585207867878	29.1725393046439
NUP214	57.6635507702405	51.5168175441816	48.3735034489258	50.6615752245301
NUP35	16.8304806684525	16.8741439866623	13.4927061117837	11.2219844759571
NUP50	80.5851676615446	80.0389537919961	59.9672911451243	62.2418241255255
NUP88	64.2405178240024	52.5472573093343	91.3990135332552	53.2370617887272
NUP98	80.5875543092915	67.2633752144866	67.7401541490906	56.4723191422888
NUPR1	0.489253390622387	0.565354296022403	0.669282986387828	0.373763791439303
NUS1	13.1413532729958	11.6152991187304	12.1776589704372	10.4080118981678
NUSAP1	0.365962940559365	0.544664673282833	0.297724290503639	0.233725112182321
NUTF2	46.6701048416669	50.4144790150712	44.9536085044888	42.7448294184481
NXF1	179.948283848546	172.371913865391	179.324173188292	185.015959864443
NXPH4	0.810206449782641	0.999326158276255	1.93048809434505	0.777985407576563
NXT1	75.9317558936846	78.3643995920147	87.1968586658479	67.6172408942304
OAF	8.75538069751008	13.8513458223121	13.7286992933366	33.9066495088016
OARD1	44.036238941335	43.5294030548522	38.6229968442971	33.5025976430468
OAS1	28.78245305846	39.7496789462581	54.3117586538953	79.1690349619752
OAS2	86.4227664065849	91.1520513499839	92.9431190447583	127.251043668282
OAS3	29.5426771273761	33.4470279884876	36.0688683408008	64.7925539247533
OASL	40.8606710124458	89.9976653937668	40.8258532810949	48.286286920873
OAT	96.4436439798633	114.511527040575	106.438230875833	138.268988487756
OAZ1	469.320676336361	647.120390861789	682.948127398881	967.670494419438
OAZ2	36.1656220488571	42.9465124238055	48.8155707275006	80.1013135087228
OCIAD2	91.6561069838427	110.733123580346	66.2389193528683	42.565868320962
OCLN	1.65437048306889	1.71799251880957	1.33305662423791	1.45487869589757
ODC1	79.7823439950971	64.0704692574514	116.190845297921	64.9811496293684
ODF2L	28.4566167659645	38.0861260551349	19.3277886418617	13.6214103668187
ODF3B	15.6549114924914	22.0818506386553	33.2376218425091	51.9633608285466
OGDH	64.8785264492139	70.3120901884104	60.8645302748262	86.9104633459538
OGFR	36.0724463949126	28.9543752170344	46.5427469776849	48.0753542875407
OGFRL1	16.0531472223177	22.6436808770986	34.6799419292472	49.4228383199486
OGG1	16.0585055556089	13.584322756621	14.9807498530672	14.2790217262994
OLAH	2.38575240509005	2.50844596689405	0.989211033884225	0.971564431744855
OLFML2B	1.12974596619939	1.64481014437237	1.28362249527425	2.55978088602446
OLIG1	3.4039730936509	6.65700895923867	6.60060494446262	17.9274726296457
OLIG2	0.287613723019653	0.394774003330198	0.479708466762419	0.268677314958973
OLIG3	0.137788657961623	0.218898364353717	0.0709964125399803	0.0593795645160098
OLR1	1.33898429309216	1.61367662615609	0.866221323668852	0.873468330357394
OMA1	57.8956862024712	55.6589039482575	46.297202390496	38.1820759173929
OPA1	41.7391732682801	36.1459046543231	37.3228969547788	36.9400884325419
OPALIN	0.840787073836521	0.821516044799895	0.30398999416949	0.288387931454639
OPN3	9.33717521025055	8.10166799177633	20.3978613115847	14.7927498773012
OPTN	85.5212800373631	108.116442434191	49.5729262391223	37.856226799244
OR10G2	1.89428776544179	1.59109322720132	1.94963243475539	1.0250294685911
OR11L1	0.685423240782036	0.853803071622163	0.433653889965765	0.333419541619374
OR2C1	1.67097458207909	1.22561864333122	1.00569073234317	0.762602917282117
OR2M5	0.429123728115143	0.728072758124112	0.230157540191744	0.177887761699726
OR56A5	0.282605489534679	0.544176763490989	0.170286938717661	0.124488259606596
OR6A2	0.274569521228373	0.36199167266992	0.234996165006894	0.161324513126717
OR6C70	0.660921968902265	0.539018159624318	0.417542866507002	0.277861749018845
ORAI1	78.8755522235965	67.7666874070829	97.31524766335	73.9910495252192
ORAI2	25.185991636358	21.5333775375701	61.1417831637331	33.6983413975311
ORC4	27.8411048440066	27.014763276962	21.9983274260608	21.4433954528108
ORC6	4.49979237726107	4.46659908636138	4.67279016696332	2.90856833423129
ORM1	1.09855675791835	1.44785912943329	1.17335974585572	2.16021099275775
ORMDL1	217.975522218086	221.143098824385	166.020956946189	170.029229347469
ORMDL2	21.7854377953856	24.4081915373562	23.1759523558435	24.8983431781115
ORMDL3	132.827166758841	89.4999072873456	83.9296905463796	63.2949964824613
OS9	95.9720139773915	107.452087599704	99.8598776277996	156.25601453029
OSBP	46.2063240032432	34.9104752035864	47.314733571784	36.1574809427852
OSBPL10	11.6727684443837	9.10555565039261	31.3446128221745	12.3449939228847
OSBPL2	42.589443345977	39.3703488066957	38.2008699639176	35.2402981533208
OSBPL3	20.6365757167124	24.7186684348534	16.7735650694261	14.7076779268406
OSBPL5	12.451708107504	15.7997446967204	10.0661241292583	17.1646950541468
OSBPL7	23.3431417485094	22.4883806859748	17.2799502028677	13.8703840655481
OSBPL8	76.0122716372902	75.0035778765437	71.1470285825573	75.2736504708077
OSCAR	19.6101407502176	38.3456485218663	38.8317278841542	102.542459163368
OSER1	128.484492112656	128.365202466409	189.121175669238	123.748706787417
OSGEP	52.9973338456714	49.8344890768505	52.7952238810078	45.8657306000415
OSGIN2	10.7964973507026	10.4587720854966	13.0519603250067	12.3531394692922
OSM	17.3149256535967	24.6261559501669	22.1975912508212	41.6801163040544
OST4	379.634081558276	415.567492666033	359.033759918032	368.64914248685
OSTC	156.162175365204	213.777436006909	143.549879129725	170.086856861665
OSTF1	210.482278153496	308.78988231998	267.264116648431	324.3032397135
OTUB1	130.364452591394	149.981640821088	137.097895122699	140.889021359465
OTUD1	54.0653255766348	39.9860027514968	110.27619517448	64.0613882597694
OTUD4	27.8798572809364	21.8909311869482	28.1513949291599	19.1133607123446
OTULIN	21.7963064727867	16.6944102369882	16.9974935881969	14.9262556282269
OXCT1	53.4982479929379	47.6848634755367	39.1614639486012	26.3935865822081
OXNAD1	196.307626513827	110.486385292725	53.6413005897177	64.0926150430991
OXSR1	32.9263895545627	27.8302007493165	32.436341629551	28.2445705127611
P2RX1	19.3513425658267	25.9033846640092	50.1263845733797	63.976411538828
P2RX5	59.7231869978052	41.513107004054	171.674467347821	65.9720681046563
P2RX5-TAX1BP3	1.99164559381908	1.51387370496801	3.18668455250706	1.81963269391524
P2RX7	10.5571235023167	13.5197383856444	11.9328117669245	23.3747921575792
P2RY11	12.9561197897318	7.28058683167208	5.35447356952758	5.09037939897449
P2RY13	24.7828247788845	47.5099398798014	47.8646207208468	127.378697414483
P2RY14	10.089506865184	10.5385578373838	25.0311721221821	10.6573501573063
P2RY6	0.778612492115926	0.887175155655052	0.76222764425051	0.937923149446788
P4HB	68.3689897889639	77.7906044105959	75.2117663500226	110.945240607228
PA2G4	97.843182416485	96.7612362757	71.1683470696952	71.977952991994
PABPC1	1361.96495594439	1101.35959334423	997.877787116447	1000.38600139911
PABPC3	0.24011585295206	0.22159575055686	0.154941135989151	0.202399566448319
PABPC4	39.4800504058431	24.8734157133217	27.8271638802546	26.026540801981
PACS1	146.848495697866	86.707654461019	118.59808070176	81.8545992710201
PACSIN1	2.15232604469402	2.20401531808249	2.29155881412394	1.20308874410756
PADI2	12.8251908453917	24.1429822734866	23.9877085700107	62.9485998534444
PADI4	37.7635499934303	70.4833488318999	71.4538280279997	187.985598894771
PAF1	82.4897288527742	72.751526499201	81.0848643507111	73.2266254113966
PAFAH1B1	45.3917055470538	39.6530164870742	34.6216933139357	28.028101994411
PAFAH1B2	107.912292300946	156.197559174613	102.861240118212	101.175154213577
PAFAH2	25.9992973302511	28.3458729719919	16.3889011612171	18.2810805149335
PAG1	61.5103307707947	49.6257942269087	26.1922138609557	29.7032262970292
PAICS	22.7758994787475	16.6190693380427	17.1667659062219	13.859982781627
PAIP1	37.2472569416467	39.7341551162603	37.9359459333176	33.0317689796137
PAIP2	198.636388710713	222.258224048553	195.898073879868	206.370487546038
PAK1	43.9447623052159	65.5269831809466	66.0821540009015	149.2314587256
PAK2	69.7339074018856	65.549355991879	70.1237897954316	77.9123100333005
PAM	18.0223132959759	24.9718532946862	14.4318599352681	18.3219455668985
PAN3	112.15523053542	151.048111357813	100.067925909376	82.4402628041669
PANK2	12.7792184130023	11.2321599310177	12.3676897722621	14.9066306456985
PAPLN	2.30074960160323	2.59095497135829	3.22797098371476	3.49195970260134
PAPOLA	170.250510155551	179.857847068721	167.40794221475	154.994309483284
PAQR5	0.549106747760984	0.546949032102691	0.479024459143026	0.274809994720898
PARK7	262.44443544296	344.806978021355	284.046408955364	333.118842400698
PARM1	4.05767321401191	2.98394146722317	12.8776761459578	5.07320346511957
PARP1	95.4886291761306	83.6962955936649	119.674812250228	74.3731273910779
PARP10	115.660467580003	77.9498873951265	95.9320980773522	89.7298542137793
PARP14	73.0932162768345	82.5711029017456	120.407470242059	94.6099325604881
PARP15	65.9245368610976	63.8529921771589	75.0164045350321	38.5697051177643
PARP4	87.675524840304	96.5010399995605	77.6271738558501	89.7684083147619
PARP8	100.258755204286	143.841900182196	77.2292716872853	72.9035304822202
PARP9	55.0333527824942	67.3001563133533	57.9031756465591	73.4925404483289
PARVB	5.2723579853306	5.77167978754866	9.09721799896275	7.83544465049536
PARVG	72.3382765029477	76.7620437468714	86.7622767313955	115.703380270868
PASK	36.605230612559	31.8531447382177	21.5176008013372	15.840961235534
PATL2	94.5640055991271	126.640315929493	80.4666407148133	54.3586485477794
PAWR	5.39979709735741	3.61153169365466	11.5487979659996	4.73344297478174
PAX5	26.8684766444992	17.4455913792609	88.6804828198616	32.854507481991
PAXBP1	60.5715471315728	51.4515994580721	39.5730522797584	35.9199545004049
PBX4	31.5487910566273	22.4579124663455	9.78652829760146	10.4033118375195
PBXIP1	299.363146502869	213.365561850135	162.208177790026	137.466386687248
PCBD1	18.1270429134177	28.1269695888486	17.0768548909655	21.4416414367688
PCBP1	61.7141237416989	41.6491085750502	41.7389552836381	49.6346354935986
PCBP3	7.51203291619722	5.18381388782245	3.69028904045601	2.97325084219633
PCDH9	3.81295229430383	2.6416906053096	11.7879994866878	4.42752139041364
PCDHGA5	0.221484926662664	0.375015129038052	0.152255209089453	0.103956110626207
PCED1B	134.666026788166	89.0976002342948	51.668593728067	46.423246846161
PCGF5	52.0310562961821	48.0787759778144	58.2165213959906	44.3640908516382
PCID2	51.4674992784458	54.7258250331596	40.1367434240149	36.2593923285163
PCIF1	138.778551938024	125.331188472613	141.336399383135	127.747676836081
PCM1	91.3567486031936	83.875304215362	67.5282575396683	53.5537898869055
PCMT1	137.139632877103	182.601067113116	157.566886773345	225.469745661153
PCMTD1	82.0084727371575	92.2493681686451	76.4041011239297	63.1657888620006
PCMTD2	135.648829011595	132.655451747806	91.9138523383757	84.6035724950662
PCNA	61.2182277402782	77.4910180416781	57.1566151194416	50.5393585235568
PCNT	30.7428980188032	27.8455454263089	18.5154837500976	16.0865127922822
PCOLCE2	1.04895900229589	1.11096247003281	0.61698335045453	0.44274206331209
PCSK7	67.9740813696508	56.5872479499412	43.6105895215033	34.712912428408
PCYOX1	29.3237179327605	26.7244573822793	18.4034842664552	22.0117936181628
PCYOX1L	26.3091827103743	16.9129191646325	13.2110538004754	17.8721239677971
PCYT2	12.7465881260457	9.33057182925407	13.2897719570644	9.1562731004813
PDAP1	55.6666852003497	44.4220149511915	39.7034469623059	39.4332359581502
PDCD1	29.9425186545916	27.8860687496659	11.0992430428853	10.3491426975517
PDCD10	83.2160335606025	109.00775109663	87.7263482457454	82.0255149847114
PDCD1LG2	1.16851387357708	1.60263295255642	0.873882424244514	0.999294481791093
PDCD2	59.0575210561209	44.32357573197	49.8314066048301	47.2349833648769
PDCD4	314.45168795555	394.485623951717	282.177245727062	206.110724415144
PDCD5	50.2250879503267	53.4344408220507	38.9896708549465	39.060889157449
PDCD7	27.8263557457078	20.7996860092421	22.9806049589468	17.353161372855
PDCL3	71.6139918805756	109.985337162696	62.4386436055204	60.3591998239499
PDE1C	0.780898274454549	0.998794896668857	0.395933702910615	0.33364260728176
PDE3A	0.895839828541567	0.883041029968691	0.379551409130025	0.339563881070222
PDE3B	108.273788261151	75.0863120220653	35.3929949860316	40.8180366634776
PDE4A	4.88228050296753	8.04824387902087	6.49369364720402	8.80757157027456
PDE4B	139.298635453478	140.644501595665	251.093032447637	171.539744694508
PDE4D	25.9078451932845	30.1117391228731	16.1928882841913	12.5665313212356
PDE4DIP	16.3576384085286	13.6380086096562	14.3540817434615	11.3367410476333
PDE6B	15.5045263215075	13.9668890618993	13.1671837846163	9.35324606454612
PDE7A	99.0316634811093	60.0337726801599	70.7878493190932	46.716934045574
PDE7B	3.02458100693971	2.29069521927204	3.7858569191781	2.55979424338537
PDGFRA	1.88930842280363	1.65003255518565	0.660698937730441	0.641011492377482
PDGFRB	1.38318721909556	2.33176149827906	2.03721698861271	1.19847521883692
PDIA3	194.852236042709	228.145764690704	217.826688362079	229.810408930086
PDIA4	120.971486960927	122.373187146947	103.124759023089	120.137132464295
PDIA6	87.9090487556529	118.467656187787	116.680291734438	140.100769285747
PDK1	35.5714999669258	19.8952366230677	16.7549743973608	14.8809006253898
PDK4	5.4664837033683	9.14926362469229	10.6781814827311	22.8593842504735
PDLIM1	65.4519835397665	51.6965146606337	210.839707845108	81.9351469145798
PDLIM2	27.8190250683523	25.5024826158039	28.1915917908215	31.669509740807
PDLIM4	0.578255538707959	0.803363187391098	1.08787891657251	0.582385717339443
PDLIM5	22.2363358105955	26.9784263384713	23.5750257990651	32.5537273112983
PDLIM7	20.9739163106701	27.0798636002633	28.4275688198741	52.7992505279925
PDP1	37.3282612451621	40.6057712691847	50.9596634887381	55.061233723675
PDPK1	13.2996745004916	11.4509217496881	14.4450330931484	13.9535140326952
PDS5A	74.8325717417122	59.1119929071203	68.275428170699	51.4850644188785
PDXK	24.5866574929732	24.9936176120382	26.8278427757031	37.0192899129945
PEBP1	260.717928792245	239.788375799877	232.329597650381	175.159637255763
PECAM1	103.995414850633	134.672485459064	136.062306652475	266.497522123901
PECR	31.9856147186294	27.9475030117776	22.5236594833338	21.6978121083884
PEF1	118.325400856324	122.727584404392	119.834442364068	131.741430912793
PEG10	3.82072805240735	2.95983572736311	10.7407628384402	4.1176695070971
PELI1	82.6259668921077	69.7381108994814	144.503022699919	119.370549087589
PELI2	11.8393169445673	13.6277220766737	15.1624131854259	20.9370115971766
PEPD	72.3954050334464	90.1656445244064	84.5054233820702	129.574568638433
PER1	83.2236667538995	59.175151973863	77.0169349134679	59.6711669157646
PERP	4.191755012661	7.78414274690908	2.98828822335324	1.98259241830743
PET100	17.1279393793809	15.3686275461913	14.4295290785478	14.3909051705259
PEX13	17.1706392894422	17.322700270733	13.45056963673	11.9148469754489
PEX19	45.8457942308755	45.1583203671176	42.1865070382781	43.4674480613301
PEX6	26.7482185756873	18.0158947800453	20.1950379202251	20.1479849697771
PF4	0.437065967329414	0.47423845209763	0.558706544191782	0.444160541751393
PFDN5	13.6785866409956	12.2176446687909	11.0405551023326	11.6639108986257
PFKFB2	6.67501075761809	5.30310786416482	9.43084267200414	6.63873823542922
PFKFB3	34.2180696677809	36.7093153388569	35.9567091509582	49.5909380796865
PFKP	56.6716503287037	56.0594489629225	56.7088881933266	42.6244660335121
PFN1	1357.98947759217	1625.99499203334	1283.09901790501	1467.21650666423
PFN2	8.92222464170873	7.57787619709027	4.61767469934452	3.8753409627275
PGAM1	58.9337210859979	76.8960620210648	72.2006910470703	91.1242914857131
PGAP1	4.28396991120171	3.78877655958434	2.4375243584148	2.16903491399941
PGD	122.443337930235	189.262105467287	188.395003642139	435.185653122456
PGLS	58.176102513239	55.9360260030127	67.7044137957752	93.6303361304402
PGM2L1	10.6501025175695	9.85125640883166	7.93484648901569	5.88236275079272
PGM3	12.2491737116639	11.1056291586792	9.58461168190539	7.86401948259126
PGPEP1	11.7518418752671	9.46015555797825	7.55283812405643	7.82602480352955
PGR	0.59281124236015	0.556500463112725	0.321891380599854	0.240697959157548
PGRMC2	23.6931637422936	19.2578074658611	18.9734802353719	14.0599637482638
PHACTR1	35.2094435065533	29.8714735242522	98.3555635126358	55.1916430414151
PHACTR2	27.8890675068128	51.1451449128755	20.3077782117304	22.126335326825
PHACTR4	31.4697468781024	27.2821929699352	26.119475504669	22.2116329438403
PHB2	117.336188772716	93.2185793621207	99.4535060302179	101.023126194033
PHC2	26.7251051431267	27.6033260866597	36.2379197490643	48.8543448083838
PHC3	64.5978373042695	49.6000249074209	50.3786496755359	35.7969519164463
PHF1	135.507964582363	85.7913853209994	127.308194383414	73.9652404230831
PHF10	50.9332128169085	33.6301179030145	44.1378875288943	28.8149655498448
PHF11	187.509904724235	169.524414015448	150.015032979228	146.304722857121
PHF14	15.4984205238512	11.3189297372995	10.1553482274594	8.25380595492777
PHF19	25.1814293108874	15.5552466538788	10.7429678614661	11.8304078959147
PHF20	71.2336997194581	74.9973771031514	70.0501926516566	57.4296698383286
PHF21A	30.0159215262753	33.0581861810541	28.1287377416684	29.3088820372062
PHF3	43.3339338800254	32.2225777560347	33.8462846566641	26.852280336289
PHF5A	49.2605549820037	51.6432578284481	47.7626766342498	41.9271874655981
PHGDH	10.1370125606574	8.49964181418745	5.39594006052382	4.30192292875197
PHIP	59.6710416253494	52.6308352072524	55.4358626199738	45.2074822146476
PHKB	50.7084159740783	53.6688960064344	60.3186807655831	63.4503650136552
PHLDA1	4.73220160962953	7.58250632146169	3.96118537874327	4.49578938216396
PHLDA2	1.77826561960735	2.87341700821844	2.88034717581649	4.82602952551797
PHLDB3	25.7957847131352	15.5216110127285	14.1399683763198	12.8804836243928
PHLPP2	7.76481784136265	5.74056036035616	9.85591111170869	5.42017146090986
PHPT1	26.1081192188511	35.6693351717039	28.4657145524533	37.849119181223
PHTF1	11.9657283536698	16.0490650302985	14.5818177387843	14.6046201820248
PHTF2	30.0426337065169	28.8493240857158	37.9162686230921	25.3320199985233
PHYKPL	145.410068922067	113.511322285431	126.911509707627	116.481947317692
PI16	8.92077417191657	6.90862382990877	4.73905984814044	3.49777400250911
PI3	1.40925840976585	1.92699353530507	0.649733512860079	0.556633679547391
PI4K2A	11.3136486446701	11.4614975896731	14.8175282905262	11.6600009128796
PIAS1	75.0556312764155	84.2819973342314	73.9450155258755	72.8810538363353
PICALM	51.7359310616999	62.6382824232158	57.7194502416846	76.3665525597263
PID1	11.0754776618029	20.0943867670642	19.8490330122022	52.0905277191567
PIFO	0.910249821850059	0.899797983468173	0.682383648834506	0.42237180743386
PIGQ	27.8378209838452	23.3012913527454	23.6471253393948	23.1350504136166
PIGR	0.749854359633857	0.981604396724982	0.955541733939452	0.506952059668562
PIGV	10.2789241424167	11.7060849773478	11.2853352753193	11.1283810317717
PIH1D1	167.17847751182	155.108932636633	146.863993742402	142.60884615537
PIK3AP1	65.6346272376628	82.4377367280523	174.598342930746	165.667295644727
PIK3C3	26.8836371233838	24.5935380053045	20.8530770611142	20.3312229507248
PIK3CD	254.336211110667	169.0296238913	170.240174707974	177.805028433814
PIK3IP1	778.384550048988	441.651125995502	359.67655701565	308.659921765328
PIK3R1	116.407574605282	148.537375700805	75.8398563939867	58.4245983060713
PIK3R5	113.733260195328	112.126648452658	87.9065611715478	118.343812528392
PIK3R6	5.65071595705001	8.65728098394995	7.88945164771855	16.9907809238589
PILRA	71.4779590390029	134.56751854093	137.405174394656	360.389830153774
PILRB	11.9302135667201	10.2185575204673	9.1843587363998	6.26315703067277
PIM1	223.678531908268	154.789962399802	101.816248942326	108.176589985318
PIM3	78.0044545908715	63.466868878906	141.084617788706	103.630331331928
PIN1	31.1872337342584	31.4701557690376	28.6989089229319	27.3681276964734
PINLYP	1.78357484352084	2.30713674298762	1.53967464187	1.20925510373596
PIP4K2A	452.900276554809	804.855801051463	333.277498124125	280.968718452686
PIP5K1B	6.02711236955783	4.81659937187247	14.0759441786128	6.65554966334597
PITPNC1	45.6756231524353	33.5818779226501	18.5402635137718	23.0626855540651
PITPNM1	55.0075108047676	40.2456587059698	49.4092043610021	44.7701483315974
PJA2	129.698744634148	125.919669401482	140.020446826797	133.957573729896
PKHD1L1	0.861270194471556	0.770822227569488	1.6045194646475	0.69460658235324
PKIA	20.9628071020113	10.44990566514	11.7689188477784	8.25773669994672
PKIB	2.49965529887247	2.0872502428516	0.9983834038487	1.09256836267879
PKIG	23.8079469183304	15.9255228881308	68.5919738782793	27.0920860515626
PKM	446.574269051444	503.808542811925	462.533451660627	800.316197021964
PKN1	120.931441904301	91.8701131542824	100.81115514252	110.967697426861
PKN2	31.082415861414	32.3325433842817	27.0782542542618	23.895982268778
PKP4	6.91054869605646	6.10246863621501	3.37892910411182	3.85301858595087
PLA2G7	12.8345409858667	23.9435229484739	23.3581135103804	61.9811077339777
PLAC8	233.814953318347	171.265870327979	217.15030381965	164.110725137351
PLAC9	13.1160569174685	7.83080483503937	5.81529133278807	5.2422546396198
PLAGL1	7.73579622960745	9.54843214803428	12.7528540309141	17.6662149600838
PLAT	2.52852544097876	2.62215083753925	1.99291941735334	1.25026145240579
PLAU	1.0562630934452	1.26940570108124	0.972704654546622	1.15963649447652
PLAUR	71.1707464547162	134.301174279771	131.03149152679	331.60664390978
PLBD1	169.61686346881	331.140350468275	340.148012307859	903.048829167157
PLCB1	6.25788899751907	8.79925128649114	5.06667314903736	8.84179446497239
PLCG1	111.552033333367	57.6122293395921	32.1678661943013	34.6960180168297
PLCG2	7.70420259056857	7.94248565124994	19.3416051071649	9.94332486907214
PLCL2	84.6652924236723	64.2906967280273	92.6118814146269	67.8000517839902
PLD2	13.3760322419192	13.7370823919387	16.4302897827578	20.4745705939259
PLD3	47.1102318801681	53.517181525324	51.4044131514655	98.0028697042013
PLD4	28.4666240639029	23.06005258674	88.25375835797	48.6399705337077
PLEK	253.810542985948	494.41806528488	417.166369856789	741.577602827755
PLEKHA1	33.5589266818777	28.327773541695	26.2250632749184	18.3818110382609
PLEKHA2	51.6323147770241	45.2017207130847	100.535354499783	47.4645136238923
PLEKHB1	77.8632563080824	46.2240508203917	22.7007395425029	24.7852747303394
PLEKHF1	31.8684386175291	27.476169965085	15.0084747069226	12.0080381999685
PLEKHF2	71.6846059312073	61.882727878565	157.524024662363	103.59546726576
PLEKHG1	17.6224697260829	12.6870012545701	56.1831910797311	20.9944438459063
PLEKHG3	4.68217529059922	9.61798554850312	4.50872237577028	6.69409262732859
PLEKHM1	29.7407943481733	25.1347211328689	27.5863130953419	29.7803362996156
PLEKHO1	49.2399771569494	47.5196223150576	74.518312174046	83.6153108459107
PLGRKT	43.730940503825	50.8411281011443	38.4741796862698	32.3644874366345
PLIN2	127.390916938011	171.890922584644	111.968453939889	157.094518715402
PLIN3	53.3983132029171	70.3950269098988	85.320959679608	153.278696625008
PLIN5	1.19424478426166	1.23391942339979	2.00215867174175	1.15699786717303
PLK3	82.4990752682297	54.0194843570799	45.0464394858101	57.4436299225664
PLOD2	2.42978940194285	1.990600251713	1.28204851455305	0.968942508606189
PLRG1	61.0969230249071	65.8052269817516	54.1668520243503	52.7805262368639
PLSCR1	71.2832881070547	112.09845668971	119.963751635934	212.444450366654
PLTP	2.41675883348084	2.98441255999517	4.76415526596338	3.53599551658846
PLVAP	0.763110064702345	0.991556434331809	0.721384173775278	0.433231633181345
PLXDC2	8.39630692788546	16.2618972306963	16.2416112306206	42.4918428308823
PLXNA4	1.22345123939669	1.12603652790272	0.660450704769395	0.490874127204912
PLXNC1	17.5774251159467	22.0391733480623	23.0396311825599	36.7375027996005
PMAIP1	112.928798284158	158.390399362598	241.470562146572	142.189238112197
PMCH	0.00272700390857623	0.00099163778493681	0.000495818892468405	0.000743728338702608
PMEPA1	7.99632256827823	6.43520461394091	15.8435081510027	6.79096501059497
PMF1	58.1106626502271	64.3736301946616	57.5120902410002	58.8196555521655
PMF1-BGLAP	0.597001863857533	0.479596708804529	0.469450275815848	0.425650957121614
PMP22	2.39504069200503	2.47584650133444	2.16137394964931	2.46903679368529
PMPCA	71.7162865587391	68.1679544603916	63.9120219882614	58.6927567231591
PMS2	9.30997260917512	8.04322380175847	6.88254305265897	6.04622197561091
PMVK	51.7243749939528	65.0898034773888	53.7077096448787	65.6787122555657
PNISR	289.461521334593	242.207574231028	186.586938315505	157.179737871367
PNKP	52.3009207479549	40.0650665831897	46.6135063925584	41.5760171332707
PNN	191.699317205874	148.537353479702	126.439946312932	108.11992505445
PNOC	14.9816830701406	10.8803966756089	47.6099961765036	19.9370161622241
PNP	29.7505777904464	33.2887536319146	30.6408165000301	31.8861167804487
PNPLA6	37.529535127147	33.2222841202875	31.9623855420098	42.8403747782617
PNPLA8	49.2779172624168	58.1510026104408	72.3507363926901	67.9531917640527
PNRC1	610.408641394443	446.728483047234	662.98531654979	592.97161145615
PODXL	2.19747569543657	2.10620261056354	2.13510604653184	1.58668244079324
POGLUT1	59.1154456700789	76.6863302304368	47.176535867005	48.6823873346029
POLA2	10.6420305561298	9.11157901757962	8.77094738775625	7.07225453216851
POLB	49.312283043538	53.101445791887	51.7943677875603	49.7909104341254
POLD4	37.7087051844521	31.2140607159894	54.1094655355993	40.7014631514478
POLE4	60.1117659278164	75.1855384044253	80.3141062283287	115.32983880417
POLM	58.9688234213908	41.6170135969818	54.864236229117	39.6017223415461
POLR1E	34.6548644238102	29.8359387540241	20.2742341997485	17.4894310151791
POLR2A	137.359053512777	94.7069229667064	97.5796571180874	93.3487888275533
POLR2E	99.336327654516	107.44013925056	105.912115199775	140.077771829712
POLR2G	126.108382265054	150.79756465087	126.250231237768	138.020097626163
POLR2J	66.2551819117748	72.3444990830154	66.4111773831506	70.4336274572289
POLR2J2	4.7802795326028	4.5702502279956	3.65979504797922	2.61481103376213
POLR2J3	5.40245994579507	5.98200049797267	3.91336912196056	2.77613398693042
POLR2L	78.9263067762898	97.9595563646451	77.4691828770931	103.190771535876
POLR2M	29.6653161388437	26.796742891371	27.4805845109397	21.5574740977508
POLR3B	14.1675529284026	12.0443359681405	9.08095538319924	9.39530780625869
POLR3GL	83.5966510822983	86.5102277920951	70.2432381375573	55.7959894123178
POLR3K	33.1560785226827	37.6211101701014	39.4333889351997	32.5324526824859
POM121	22.7033558502312	14.2146123211564	16.5293792911359	12.9223263555608
POMP	91.3080954664377	129.831421988247	112.294787684849	131.031575106702
POMT1	31.4041026902854	23.7076017878406	17.1941000787282	16.6164932790802
PON2	29.9903968832572	42.7817031828103	24.8522019487272	31.7008748889162
POP5	100.477321860074	94.9598415957569	84.3580624484229	72.8375232067893
POP7	37.079405309572	47.8666971568053	40.9322443144008	46.0744972440883
POR	72.8574609367881	73.0543369836328	74.3993154816156	111.040989369943
POSTN	1.77130703291247	1.42970015830398	0.997432974747393	0.710010342959115
POU2AF1	39.4939948288425	23.1458318522465	97.1244041516182	38.2085782398218
POU2F2	31.6652753396151	28.9013263902329	59.9282959976689	44.5748351487741
POU3F1	1.12294857331986	0.895463868363996	1.57819530589845	0.734013489670441
POU5F1	0.824053937547322	0.936929880163035	0.810764465148612	0.454867081143746
POU5F2	4.63820043413691	4.51629437621328	2.99877921032114	2.61131093347767
PPA1	64.0031619157806	60.5390853053681	46.3601874097596	56.5010635709963
PPARA	5.23979856044825	5.42742215407411	4.66447050486202	4.10887878103653
PPARG	2.1400011907471	2.17690509999749	1.08448394012217	1.28500892831556
PPBP	3.19340046196958	3.60222312176535	8.85865826580995	7.10522671543136
PPDPF	178.873151566387	97.0874005351956	116.860551457783	87.31420468965
PPFIBP1	6.30265453426408	4.82560537194907	7.10487232504333	3.87629650546424
PPFIBP2	23.6360264102694	17.8525994395321	26.9956158045349	27.9005799694872
PPHLN1	55.4465359454638	53.7924505558988	46.1806564243634	43.6652176997121
PPIA	191.292515348135	180.991614669219	192.152108772242	159.706481280872
PPIAL4F	0.0685129457100689	0.0602252522123408	0.0449837628794126	0.0423442586250528
PPIB	49.5411228699672	56.3367517996468	47.2550817840792	58.7807683660519
PPIF	41.4498188824074	50.7244842292555	59.5520393603043	102.129887503127
PPIG	62.2584421968609	58.5285302815191	48.4295238253635	40.7531050254431
PPM1B	30.5109942432464	29.2017369258534	30.2174564378399	24.3508482415995
PPM1G	82.4820842255494	72.1447975001271	71.8022391291789	75.7298398926434
PPM1H	1.8035793165985	2.20621181719931	1.90561791683433	3.44358622197161
PPM1J	0.944587845072073	1.05305715137379	2.17135897685053	1.15620725931106
PPM1K	52.5593606448498	48.2744136851629	70.795353467614	36.9796992013198
PPM1M	110.113223146897	90.8188478996111	69.370647997804	102.750837146159
PPME1	23.6584643214299	21.5080420497222	15.8339332342028	17.0638731868886
PPP1CA	187.184495674472	230.398701922826	243.570228512689	263.86819673167
PPP1CB	284.271951748598	422.079166886333	253.56712874247	240.37148090356
PPP1CC	151.040766593223	127.961129169009	184.472899521779	163.840723978607
PPP1R10	60.0581282104141	54.0605328923762	55.4252814622342	49.7249564598494
PPP1R12A	120.620703072286	150.737736164684	109.065211138902	96.843189934481
PPP1R12B	7.92546541623875	5.95961544426861	5.35049260470135	4.74380464266309
PPP1R13B	9.99498426968077	7.096549468278	6.28859463001041	4.46711686691356
PPP1R14A	6.94200459256789	4.74263650897591	20.5117375061595	7.79333911381868
PPP1R14B	31.1459243806062	32.9838091756969	41.8823891447997	30.914668315241
PPP1R15A	757.889130598559	968.325014837711	1163.66642425858	1543.27324318491
PPP1R15B	98.3793794444967	88.7620586025631	125.768536940237	112.500963395885
PPP1R16B	50.2437194766717	44.2276468528214	68.449577490005	33.7317460541579
PPP1R18	71.8982986581819	63.6659369373268	59.2199279950685	56.0133374729484
PPP1R2	230.608839650439	199.376736059462	154.424514149974	137.617646804809
PPP1R7	87.2269624152176	110.951683701328	88.5739585821489	99.1930209319448
PPP1R9B	39.4249843659614	22.9420993316999	41.5335037649515	24.8343003735569
PPP2R2A	36.5054726995922	34.6531494838674	30.6601955533701	23.8340788168035
PPP2R2B	4.76826914625131	10.0382875698296	3.11132398187452	2.20280242332655
PPP2R2D	24.3108458015114	16.2510380140832	16.3780453818848	15.1310874460675
PPP2R3C	81.3881575598403	109.60036718108	84.7228226080924	101.748645226693
PPP2R5A	56.3295506793549	56.0853247788735	58.6147840880292	51.8605254972181
PPP2R5C	291.708306006781	423.593717137056	209.97921105784	181.153764133749
PPP3CA	43.8229163566932	62.9304398822588	64.7520309226697	51.9132546443633
PPP3CB	29.1512957056266	23.9222376321877	20.7818330987738	18.2254474165979
PPP3CC	122.306977854162	93.8696155398792	129.061891884964	76.3858753179788
PPP4C	132.423355720285	145.663451840348	187.824994306067	208.332099300227
PPP4R2	28.1311615368763	25.0620364202947	26.1300474645735	21.2815448550008
PPP5C	25.8789935303187	21.3342589295058	19.4134614469971	21.5919907148431
PPP6R1	126.993529240903	84.765000179181	102.223468954077	84.6338549336963
PPT1	336.275676452332	495.956044623008	443.855243767402	953.59368318965
PPY	0.543961002090558	0.869860802370414	0.76873616315521	0.368200216450399
PRAM1	36.5725517881995	68.60121396957	70.4854139597193	184.572656638733
PRCC	79.1870279495522	72.2621472364014	78.6868214544438	69.2854758895249
PRCD	2.10484415873536	1.98887665638272	5.11338386075651	2.06407610304322
PRCP	34.2675221651902	44.6648367075678	56.9932613617256	83.6538565468789
PRDM1	41.2101710057663	88.1757660020908	31.9864476540234	25.9240468155967
PRDM16	0.471659223696571	0.700544615703503	0.853065184259596	0.374202462049151
PRDM2	74.3115933984949	62.6087741546122	90.8535073069373	53.109156849672
PRDM4	43.9044703724663	33.2018911178445	78.2781211475265	40.6881343397062
PRDX1	114.084589493413	142.998471937164	142.644249691589	186.192849816979
PRDX2	106.822116118295	116.376576837251	69.6683011573706	67.238324010248
PRDX3	113.129463406849	179.949052081828	144.969299740248	268.027647376808
PRDX5	178.296674674755	221.044410184839	231.569964880043	277.172381711425
PRDX6	145.426271003393	157.53495168508	138.682199968989	169.174591407014
PREB	57.6355175424909	52.7875711141522	59.9255929142942	69.397943297187
PRELID1	73.0338449548308	86.5750181553166	102.953927686784	164.457263589788
PREPL	27.0816135528081	24.2366601640958	19.6079371152905	16.8201281210624
PREX1	55.9337297500196	71.0119589266918	81.6889576113342	90.501622791547
PRF1	212.230574088019	469.781269338273	154.780499196848	103.471004571488
PRG2	0.700133885433724	0.733892272766093	0.567740234661404	0.385538279802114
PRG3	0.778998750090987	1.00606849838066	0.333869175108983	0.28934742006179
PRG4	1.73454622043642	1.42869338539652	1.00191187248493	0.735409874635396
PRH1	28.336147271553	25.6498503743118	20.3546734308311	17.0954502654552
PRKACA	20.8222189969895	13.6353062028036	13.4427953738176	14.4934785157681
PRKACB	169.20804834329	166.851136878753	108.099331699512	84.4173646847819
PRKAG2	32.7597741293557	30.6929146405241	30.4792768907307	35.7703943232239
PRKAR1A	106.364004527954	132.479294198573	126.864734480163	167.389018925178
PRKAR2A	24.0021882218997	25.285890589809	19.9195278847622	21.9668064036952
PRKCA	34.5085345718182	19.9987511953379	9.17025120143658	12.0137519187075
PRKCB	112.214049365865	109.561080303022	203.210114264724	146.770524023981
PRKCD	65.0697501825376	98.01985200183	123.008202093981	233.799959893444
PRKCE	14.6500641921568	11.9056541088596	31.7955054639364	15.9243642108396
PRKCH	237.191126865661	212.15230459423	81.681700439683	84.0179634314173
PRKCQ	105.850122881223	84.1736765979254	32.668411789464	34.3403993978559
PRKD2	81.3357485869458	50.4137266491396	79.6941466823564	47.7157341070946
PRKD3	40.4595993444787	37.1489610130948	49.3140237686221	35.6423342763778
PRKDC	51.7863064817484	41.25393249162	40.5423494276175	32.6229202421096
PRKG2	2.44369731783869	2.10007659497246	1.09272106823822	0.953487632495139
PRMT1	126.423898076733	116.369071301209	138.027817184242	110.934015715681
PRMT2	219.223571878973	176.617327970514	115.729237374747	128.780555290556
PRMT9	21.6242875678807	21.2878691153677	21.5467720571666	15.5570727405002
PRNP	139.8760134468	177.45245102471	190.300656517625	231.654659673536
PROCR	5.93690218850301	10.0732056193856	4.24574721177694	3.83834979511931
PRODH2	0.570910935290667	0.800894515899675	0.651175223548288	0.370020820581845
PROK2	10.7124246507855	21.8717219246477	15.0187308557993	34.2271593862838
PRPF3	144.033316782324	121.646224672208	99.5246113313334	88.6011842444102
PRPF31	69.7801683245611	61.7375898284794	60.3402816156876	57.3669527568517
PRPF38B	155.748510417564	151.928462007456	108.550968114216	91.7249570503852
PRPF4B	66.5079395990882	52.7299327468353	47.3748876954964	40.0188463205814
PRPF8	205.712060958602	146.477455694656	167.675454294867	144.338331979666
PRPSAP2	74.5993416022842	67.7923027144368	59.351755015152	57.2468533414255
PRR13	216.635161006241	304.17936271191	244.550956310943	238.80063029364
PRR5	17.7693950066368	19.2133143800475	9.92688372312465	7.38036668029539
PRR5L	14.3643659298926	30.7667408691365	12.9683916657245	9.25418840678268
PRR7	22.1556143732791	14.2954633688149	29.6887206181949	15.4866604471106
PRRC2C	180.460849649758	144.770642229021	134.684628435214	101.45368653045
PRRX1	1.47226377610833	1.27999366505849	0.529830165828315	0.506257313569711
PRSS23	6.98925696779174	14.690352253492	5.16193926003358	3.43775162826976
PRSS33	0.417448604122255	0.681959047850217	0.402696501625296	0.294272328872084
PRSS35	4.15997164855438	10.0881950736782	3.41555469625765	2.16635949672971
PRSS50	0.0320660613316645	0.0344260303843017	0.0249300946279382	0.0151079067375443
PRTN3	1.25386551921425	2.32969467973994	1.96852610348803	0.916550042549872
PRX	2.1009106923889	1.58575040272923	1.84990717577659	1.2900485221357
PSAP	2049.82277044965	3575.3461472299	3694.09605356403	8909.28319904842
PSD4	68.5406543320925	46.9632031128345	46.46851927266	41.0173788214932
PSEN1	32.1267698417633	35.7205843438989	36.6494317174132	49.6874540828241
PSENEN	26.8062173311949	36.9825046999727	30.7328052634486	42.0333245256702
PSIP1	174.058707485548	132.992697655604	108.411847647921	86.9813089123384
PSMA1	107.015514142475	111.846984734257	87.0472463383489	100.432504703251
PSMA2	6.54406850978852	5.60239676920113	4.31889523129323	3.5479769117208
PSMA4	66.7616310618332	88.772741115642	76.4407602914162	101.544359299339
PSMA5	66.8755500394338	86.1493942064949	57.8567995502478	66.7228262567612
PSMA6	10.1592932136947	11.3144188011446	9.56064976088615	11.4330836098043
PSMA7	455.980447738782	554.460010859686	462.105673080396	519.442322555987
PSMA8	2.44484369122607	2.27654567618604	2.24340190531639	1.33347916252297
PSMB10	145.61717019653	176.661238821399	158.029576567506	206.463226439837
PSMB2	43.4763376445466	52.8119327498816	48.0585654827805	53.7235916357835
PSMB3	284.509608024819	411.363111229528	362.553387799893	482.613681940709
PSMB7	214.668604532573	244.818179459006	222.86971755018	264.550993743257
PSMB8	255.151427076925	306.647792544236	279.105049931483	306.004542469407
PSMB9	157.149887858387	215.165538607195	171.906549518176	175.915383180891
PSMC2	56.0426465673753	70.6151342519813	50.7768736292514	55.8358440173498
PSMC5	131.2502778493	142.297381419372	115.133964593048	122.536921199604
PSMC6	87.9800538185469	101.056780372506	75.8765422450886	73.7554498822437
PSMD1	75.2389747372543	83.198093131258	68.9716646730278	82.5777108645823
PSMD14	24.9542618712835	30.6247837996566	24.0811453797395	23.7389377297204
PSMD2	163.244013346002	166.330582034374	173.985284769396	206.659735295355
PSMD3	60.7451347023386	48.8041437483362	58.4389989360634	63.0179935995517
PSMD4	234.084276559858	269.012002510848	261.74316111885	291.063485995128
PSMD8	95.8844316083668	111.029140666199	104.430512317645	124.941906029469
PSME1	745.786711510803	871.600668000838	798.817941712741	977.242268621592
PSME2	144.357779875618	198.239001289848	151.388517876678	189.761622802476
PSME4	32.9229549511682	31.2784923784182	32.8723846753238	21.7288780206031
PSTPIP1	102.237113584617	108.320462297624	82.0664825558634	127.48430181753
PSTPIP2	26.4716068411972	37.5505261675634	27.3550123005916	61.1434665389676
PTAFR	39.0005157881833	74.8349628581045	77.4926291682202	201.703150182308
PTAR1	23.2580322380316	18.7786042682259	17.396791303534	14.7432976729964
PTBP3	70.8669611304324	67.2042735608345	74.545501352565	72.3643369715857
PTCH1	6.90614218668051	7.24893860912768	3.27658576900713	2.64001089838712
PTCRA	0.702101242092508	0.759954216510165	0.637284430919673	0.535672907483085
PTDSS1	84.079030293415	77.8537615555856	87.8094479511893	97.9683186703896
PTEN	87.8069212180968	96.9541823574485	91.0982534108049	99.4236627277575
PTF1A	0.120434491682895	0.223545638038252	0.176668403213782	0.0842806002286792
PTGDR	11.627676076951	26.7457586046965	8.36867280436816	5.6756752367224
PTGDR2	1.26681890137519	2.35146422913017	1.15090113078812	0.985498807689764
PTGDS	3.80459044858728	6.49976579189716	3.30070640790258	1.95897613834024
PTGER2	72.6910090773653	128.173626817143	68.5761009884817	122.930840725081
PTGER4	160.704174929785	127.640749140005	105.09336510224	117.377942840108
PTGES	0.8489642564877	0.995266288761358	0.892159164933888	0.984554701952982
PTGES2	29.8199350911903	21.6773403312364	26.6335689112931	24.8851743230829
PTGES3	217.303795517976	256.420586819576	189.415163529597	212.042101329012
PTGIR	12.6330476605089	12.3678362017169	12.3723613698813	26.2832683984109
PTGIS	0.463994182314963	0.606472358750832	0.347283794422191	0.218779596600949
PTGS1	8.79261428594063	12.0633626627364	21.1651493556265	29.4240794407356
PTGS2	10.3041830749381	19.5343854097469	20.5975611752545	52.3614014815459
PTK2B	181.685861344604	157.017563082051	217.49095579965	199.771160511931
PTK7	3.0309461853215	2.17243269970518	1.04123406719467	1.05352906193435
PTMA	1496.32523395239	1962.69707652931	1456.11338121099	1042.77801250108
PTMS	9.2786982555687	7.495304757296	4.77942561411057	4.77990168341076
PTOV1	67.7994508910543	43.2833792680772	56.3986357942559	43.9104773989775
PTP4A1	0.679958861078519	0.504530471413971	0.419684810050448	0.321509997053209
PTP4A2	247.339136226383	284.149507731742	251.282067251714	279.243111803571
PTP4A3	22.8260297573383	12.6779207197047	11.5381341524464	12.0605925145357
PTPN1	89.5615373391147	72.278883819718	99.9428738346857	71.8042911500032
PTPN11	37.0625532689698	32.1940757002051	32.5962194887493	29.8499267777087
PTPN12	21.8104222157266	25.5347401030025	26.0642293397139	28.6014666115277
PTPN13	2.49431079562993	2.36143724266505	0.958651464062172	1.03130871660278
PTPN18	62.5960408726076	64.4136407710195	83.9844028550445	100.943911360963
PTPN2	75.4598086255501	86.7142374723217	75.3021453436535	75.7087864062975
PTPN22	86.901749577188	143.390273222709	80.2094851946708	69.9869396924508
PTPN4	37.4678699862737	44.2494031020622	21.3851282879082	16.935924820344
PTPN6	439.084257736325	417.818768124112	691.321328290743	693.153179078633
PTPN7	106.158680413545	117.551537242004	69.4174266962868	52.3943075618894
PTPN9	13.6397141201929	14.0731225875035	15.8473668011506	17.4732858647528
PTPRA	71.0121523624646	55.1615279379116	62.3864788862754	50.3123669592445
PTPRC	943.507487528553	1085.74260329842	779.032088984059	788.234950736829
PTPRE	50.4283070048643	76.7829646729377	61.8705171183171	128.607097732813
PTPRJ	28.0407796555228	25.4215715449758	23.8681141233901	25.6299739800043
PTPRK	8.9193131294234	7.32320897999925	19.6987353941585	8.01183016557003
PTPRM	9.67028257449266	11.9311329115457	4.20679423443526	3.80039637705799
PTPRR	1.53277610064502	1.3744390087919	0.63052344856726	0.549136861688124
PTPRS	4.53963911932051	2.58194597490624	2.79743997769814	1.89991648227028
PTTG1	27.2398332375898	55.206927384338	24.3154398480918	15.5542735269812
PTTG1IP	128.607819018902	149.882812998893	138.150834718931	256.936564822009
PTX3	3.97567780982935	6.99109001283843	7.30771711887084	18.2442752449206
PUF60	226.155494633033	223.501508309269	250.854598362079	253.377238079592
PUM2	87.5702790885548	68.5625219846184	69.3071904930618	54.8394421428801
PURA	12.5437823085641	10.9229215308661	8.42279944228191	6.65144556982542
PURG	0.319971628704866	0.338285585801828	0.402340618913858	0.198361634280707
PVRIG	1.15868447450961	0.793386665204289	0.727259504866005	0.487485941801442
PWP1	86.3046439914267	86.1186971464003	104.246067221429	72.4971094272351
PWWP2A	30.069267468009	29.4407773784272	29.7083505818087	26.8499520444475
PXK	57.5862996973512	60.7791856968503	101.555279776246	91.5530792554397
PXN	61.1686663450405	57.6926285915679	32.9478974535388	58.7046587889532
PYCARD	50.0000030739125	73.5511258020508	74.9404081704695	147.716685352114
PYCR1	2.71169603784727	1.71896944355582	2.63244051213224	1.42099618680654
PYCR2	48.0764889335064	33.4842960232703	33.4563813675035	29.1753274200441
PYGL	33.388101216322	63.5939056571168	63.669516092845	167.937049582433
PYHIN1	139.057237829803	288.71219257431	96.5803278453149	65.6988545197423
PYROXD2	9.81829225146289	7.98794837419253	5.38215293403276	4.68124355058012
PZP	13.8741838512382	27.8459031609376	8.8459929427821	6.32205774014337
QDPR	46.1339468891696	42.9195987078827	34.6778730367485	48.0779653282789
QKI	25.9157158243448	29.4541230372237	34.8647343697085	47.5179861283664
QPCT	42.3807491828812	82.4236351115266	81.2765970361817	212.664618721353
QPRT	2.96164396070534	2.92147106350014	1.95276103289587	3.28374399246284
QRSL1	42.727735379219	37.5983829599422	79.052073780876	42.9852613980526
QSOX1	11.9145662357821	13.9400148484477	12.6869492607973	24.9564826565097
QTRT1	62.6311087626407	47.6611153724178	46.6495528546131	35.6962107939375
R3HCC1L	38.5788371514311	38.3799182625249	33.8966027121132	29.4454388585893
R3HDM4	186.228283974423	120.56652603624	178.222477893216	146.157623285229
RAB10	107.356961835859	128.08952924985	130.106605912076	202.404109901322
RAB11A	56.0350534778357	62.2546916925894	58.2580349582206	69.5853986069345
RAB11FIP1	19.2823096337371	24.1929011616304	32.4191414274099	45.5075417014812
RAB11FIP4	25.4818469924313	18.9695044003455	21.9255823657022	19.2979541185217
RAB13	0.711519735432362	1.07708426780075	0.908712040414197	1.07821605100845
RAB14	90.1637733768224	93.7943436912125	93.4014648746428	97.6970365197072
RAB18	46.5142292689646	59.2573584303643	46.3796614116518	49.6351829187927
RAB1A	106.30129520814	130.854075244014	122.728535964113	170.949123914375
RAB1B	70.2322424060504	79.871365251401	58.3287963123268	76.5966449050494
RAB20	14.3341771552102	22.1581192779871	24.7081235907892	53.8936674724091
RAB21	16.0813884932562	15.8810534082305	21.3236001801642	14.3936703848468
RAB27A	45.4651419810816	74.8975945210444	46.7109894656962	68.6861569066032
RAB27B	1.62480340790072	1.81206839080458	0.870173590773899	0.67803759068264
RAB29	80.9284895106767	108.344544439722	81.6087798455708	61.4207895174913
RAB2A	62.815749730112	65.2823190301248	73.7864640398438	84.4926582130397
RAB30	19.7076644069145	14.3634172843654	40.7556173127294	16.8330582894468
RAB31	33.2409038152416	58.3789608811478	70.6936143618735	154.33782853874
RAB32	36.9786846159567	71.1006037074249	72.4304369647483	192.828079983904
RAB34	20.7243778486419	22.9972711264611	29.6295479613897	50.1420076922324
RAB37	54.6977791228761	62.6693297083451	53.0464654396556	50.8418569560028
RAB38	2.01230890803924	3.53538997786913	1.61327919007747	2.00548312281543
RAB3D	19.6772901408157	32.8777981527543	32.6321479579148	80.1801693560201
RAB3GAP1	52.6785184897112	37.5047811375328	40.5909065119795	35.9089091300036
RAB44	1.38089772848925	2.32743619641205	2.29453350626547	4.99169979152971
RAB4B	4.24494717845241	3.68057496296347	4.22155291123768	3.06625443529862
RAB5A	68.6386638475356	76.6100680626434	74.4722165001996	86.1222455464815
RAB5C	59.1916975232254	72.0269009369702	62.3068688172597	89.592999892947
RAB8A	80.7216871743741	95.9560460750536	95.7674022880401	126.133972119658
RAB8B	77.6294834841537	91.5298316711711	90.0446236249717	91.2084766028802
RABAC1	83.6955488451255	98.4417805167199	92.9573058434661	94.4746404981476
RABEP1	33.6008444746885	25.0079257323429	36.3551041944128	24.6808071683374
RABEP2	35.5512834498285	24.8042743853279	55.7615354664518	30.479409203091
RABGAP1L	60.5444746438188	80.8893333403288	59.9342745437424	53.8258098514974
RAC1	41.6923847318847	44.2944508158176	56.6400935262065	71.4235107355009
RAC2	1005.02927643062	965.638119953948	912.375178098071	949.082275834374
RAD1	17.0656123482366	18.4239968568447	14.3438997613043	12.1424966611528
RAD17	48.5574017865012	49.7678419031324	41.1219888516213	34.3998013776606
RAD21	78.5882705409434	74.2244800735392	62.162445492952	49.343065669735
RAD23A	151.657094482297	166.110599574563	156.728048592171	139.662125756179
RAD23B	37.1662653478283	30.2430996608576	35.5988987219451	27.8210790684168
RAD50	4.08477039419755	4.0611564169082	3.28283589234718	3.01171271308591
RAD51AP1	3.40373697099472	4.15680416434866	5.86678520518421	3.72347211770899
RAD51D	7.95675931416354	6.36820703088394	5.99827640651019	4.85550426802391
RAD54L2	34.4260820155225	32.1291477750665	28.57915903308	25.4380753889419
RAE1	46.3995873512611	50.0125054474489	45.3971482994721	47.9587770281053
RAF1	54.7712048685753	50.3346701653592	46.8790369998543	50.8124412283467
RAG1	0.499043597115292	0.618402871148769	0.405278603463848	0.261108692294807
RAG2	0.304361852944714	0.448533605322091	0.146321330705491	0.119290517319362
RAI14	1.48033404434763	1.80513660084336	1.16260432654199	0.708219841654393
RALA	53.9020856759693	47.8275705403407	47.0743979953837	44.4423335232604
RALB	66.2358500098768	87.3343283557349	121.657891255607	175.085500598019
RALBP1	30.6582607524064	26.7312858312912	25.7903913403832	24.7066930303681
RALGAPA1	19.2939206200071	16.6356548281664	14.7593067677016	10.1590137805138
RALGDS	14.4262036140268	14.9977382555805	8.96265387980202	7.1344598769605
RALGPS2	34.7290404780535	22.2660603674433	103.60338961886	40.3090731991061
RALY	68.022748558044	55.626406852986	66.6085298296083	67.3880770728884
RAMP1	0.993407165773111	1.38965861609332	0.747533910270505	0.545162988211238
RAMP2	0.238269330683001	0.335618367788579	0.464732366881892	0.198767408049024
RAN	209.550255270453	217.018608517572	199.18253116114	181.316351744687
RANBP1	45.0300756956108	40.2681130157161	39.0783185837054	38.8831712100911
RANBP2	51.1478657368061	43.7429621685107	44.9004705568813	31.4748962224347
RANBP6	36.9776030579449	34.4430883806916	28.9176204253767	26.5663942518313
RANGRF	14.9811321140712	14.3744888257349	13.199123029111	10.6299311350901
RAP1A	49.4138903414523	49.456548643419	41.8619869086491	50.6924228843152
RAP1B	41.6987755349979	45.0187038268869	34.5496869782058	36.712356864257
RAP1GAP2	14.0312879728708	17.7674300169229	12.7542469852798	16.6264907857748
RAP2B	51.5661856840936	87.3077532873465	45.1253119865798	57.8382669520606
RAPGEF1	54.8920427356647	42.8513833090678	75.7566067168787	47.4635271149152
RAPGEF2	10.1601702244687	10.2621296478398	10.4720684698438	9.04907304856932
RAPGEF5	1.80717063865905	1.6471555590698	2.57250240874499	1.19649866171313
RAPGEF6	14.4408890112553	10.1204442504728	8.70431927860119	6.5999211825013
RARA	30.1079324527577	22.3028041764272	32.720253184451	34.1851474825419
RARRES2	0.737700921516129	0.678898128378839	1.27468250941104	0.556427672126978
RASA2	79.6808825894348	60.4813711281966	56.2138747033877	42.2240302891271
RASA3	214.884943473647	131.954372033821	101.290051137013	99.0289846879651
RASA4	0.479415055596943	0.433580109266566	0.353755699399733	0.313614163400562
RASAL3	119.844988497728	76.7196469635843	76.2212681085515	61.3652811411097
RASD1	4.57495603330752	9.18264983724176	3.45565311751928	2.78571875057019
RASGEF1B	31.9676027101105	29.19533618442	62.2974583973109	43.5229122232829
RASGRP1	79.1031961337404	64.2267627750733	34.9413286740391	28.9072788654019
RASGRP2	313.985139021237	170.053731044175	230.977157552982	160.469201102326
RASGRP3	16.0719388662858	11.7841936497668	43.4356042850959	17.2412910282462
RASGRP4	9.86656061249815	17.9514133514051	18.3338907933536	46.9724791164496
RASL11A	2.60289087073145	2.32032931303266	3.54722385484441	2.94317746636637
RASSF1	135.027854042238	184.311985704186	177.441737737875	137.670405587426
RASSF2	104.342838463095	128.410476685058	151.429506614834	240.431271426962
RASSF3	74.3279324049845	71.6815820528492	46.6478017956901	41.1941494180979
RASSF4	26.8177580447143	52.2195222412547	49.5161654070958	127.657380827759
RASSF5	212.40407773333	170.263522444501	154.57470665099	160.379050007582
RASSF6	1.26580854769287	0.89764194292783	1.29660946652924	0.681047422062347
RAX	0.232531619929632	0.447656410553347	0.26539708902615	0.143946347541704
RB1	49.0663279769325	49.530417750106	86.9029691508274	70.8622089473046
RB1CC1	57.9849100390401	62.9707202495872	61.935616846888	51.4005950520732
RBBP4	61.1747758293384	68.6821435347522	62.5997328778701	63.1650998629519
RBBP5	48.6340170059919	58.3964012691608	38.4757636611385	34.8598343980278
RBBP6	63.970578618242	53.8106574525084	66.0899541867756	44.2556527964815
RBCK1	79.930105071327	68.7254716019201	79.9470109024387	83.4502507878409
RBFOX1	2.39673122271377	2.30228921955102	1.06515352752916	0.898541451429748
RBKS	6.7822571211196	7.78481682442366	5.94810690859457	4.89230571470412
RBL2	283.164479475897	228.582335461567	153.711212522	149.60630885928
RBM15	33.383596592897	27.8495178749749	38.8236763695474	26.8386833171842
RBM22	131.032413336013	145.661023684449	132.550221105404	121.221285806124
RBM23	40.1159142163652	35.6786280060302	41.0405118462888	43.7518797823996
RBM25	129.654381195797	114.207977566292	89.6891763470257	78.5012792785455
RBM26	96.68434571817	85.182576217126	75.1876894534457	53.5429658679386
RBM33	50.0737510988391	32.6661504340608	32.6760890575557	28.7462733692627
RBM38	195.973367119844	127.832631575059	355.091059184577	170.642892078019
RBM39	343.273980934952	362.957639814975	312.382667430038	257.449676243907
RBM47	15.7687471971941	27.9949262113177	28.9714832498721	73.1608017134318
RBM5	119.774857724225	107.012286713132	96.4137200340313	83.2477812423255
RBM6	210.105574274126	235.023833963693	168.905683221268	145.079661089502
RBM8A	35.1180093649617	36.2690074612443	33.6088831693952	29.7820451154397
RBMS1	84.8506415875023	72.0460845049947	53.9662910614078	64.2723016446058
RBP7	22.3910643304519	43.6849751128925	43.8650745254033	117.580960720141
RBPJ	54.4039889549154	64.6521441269704	49.6690734124844	67.2403458419023
RBX1	75.0341053778388	96.2092350481367	84.7671207019371	99.8551770598214
RCAN2	2.32985224217906	5.53643312369242	1.87324654786841	1.21671567287841
RCAN3	126.120760819235	70.4390374686406	43.5286809430362	44.5371692172435
RCBTB2	46.3432056361053	75.944716150563	53.6432400128321	114.689982478772
RCC2	44.4017177139332	34.6497341751756	47.4741911833381	45.1190618050429
RCE1	22.4040633495135	19.4187124083664	23.8773609462137	21.767732864861
RCL1	42.0039253908747	31.8383273992262	35.8291127613505	23.9345443576515
RCN2	25.3040674276509	20.590722965671	31.9626590329481	20.3529642235706
RCOR3	49.1955193857795	43.1782453429459	44.9391073360906	38.883391628848
RCSD1	167.963312606956	164.080022503561	260.9802981979	259.014127160151
RDH11	56.3363970617711	67.639965639172	46.7908021614683	56.7104461521466
RDX	16.7419472167897	23.4148968790566	15.2699661621525	17.2235946729861
REEP5	126.414432261466	193.979139815429	173.425300575696	219.212241026925
REG1A	0.949785755152341	1.06845459310477	1.17220457033144	0.616037618397606
REL	25.5905952860229	25.0965376668765	49.960441005752	32.6185648104693
RELA	106.722493233888	82.0972760540232	96.2510521670281	84.2323559256249
RELB	40.8574033703966	30.7090084360287	75.8021168941081	49.1066819061484
RELN	2.62513227245692	2.27228638845158	1.03905573697932	0.925022654015245
RELT	18.2925206032738	17.5162784888856	30.8598822359386	32.8948885778349
RER1	70.4683192773558	67.3976164443593	67.1652467083241	84.8591993402488
RERE	41.5915576089181	24.1167597252858	36.9862148837247	24.999278445257
REST	55.5323191534581	46.9950216487624	47.5953473837578	38.5841805203952
RETN	8.41656244602069	15.9783824753294	16.3707813873553	41.0343589112937
RETNLB	1.19921758675976	1.93369123503923	1.30469089830505	0.704531938008419
REXO1	24.8211864761968	12.6717670886245	18.1394382229964	12.2975253531485
REXO2	102.137097140874	92.2613253260262	58.2432376748794	53.8802207239848
REXO4	38.0389973330324	25.1439206723082	30.945651021372	25.1046656528378
RFC1	47.6249054257559	43.8822401535673	36.4775011351069	31.6586384334699
RFC2	38.9036612265322	43.4307952676587	53.4113627238079	55.4647728549807
RFFL	22.9157730102721	21.8224033802632	14.2587638032234	15.5412363492881
RFTN1	125.21660719951	89.5211120035117	108.791475830641	77.5496859112393
RFX3	13.748274195968	11.5542726194301	10.4749346491485	8.18953624879026
RFX5	68.6130620515135	61.7458599931136	115.474663387384	84.2077366094739
RFX7	15.3762148697537	11.6118242261231	12.5510685002794	9.06009779400024
RFXANK	43.0314125406169	39.2322168941425	45.6592901188722	41.87897546059
RGCC	150.051552843969	94.2640096961078	57.7142928914374	59.490753267167
RGL1	4.46289106286544	3.65913636850926	2.44905957518229	4.71202526876131
RGL4	14.0045888716183	12.2617944372517	5.34575366615933	5.35494262657607
RGMB	5.92381640510734	3.42984089692728	4.47185752799523	2.70094062924206
RGPD5	1.75808014790825	1.21271985890021	0.970256784737049	0.749538920299396
RGS1	317.472828906431	599.79010041479	270.55625906652	165.297075875916
RGS10	237.980689240558	185.306925701532	95.4336638441153	127.529114839945
RGS11	0.309455378944856	0.401877090096377	0.60159818605633	0.256668205205954
RGS13	1.00987067386559	0.844243360727184	0.663924118036743	0.457236762766348
RGS14	143.057493509879	113.399659988996	100.096047377725	125.659122042826
RGS16	10.3993592436475	12.7692864922562	24.5787680843928	9.97464702831789
RGS18	22.0006852693841	41.9820670043989	42.0634678987133	103.642159082073
RGS19	158.423908205721	181.304962015626	216.012048051339	335.391786905804
RGS2	530.925613063022	997.708859640508	894.696041203526	1323.34807830975
RGS22	1.85488937784269	1.67531075214557	0.801141352467512	0.677419213482283
RGS5	1.32515111735645	1.19826631689779	0.720802533505856	0.562581213491478
RGS6	1.26664746575128	1.32908843170436	0.896188171270426	0.600178962249061
RHBDD1	27.583331112574	23.4259385934929	38.0041733185655	26.9517056570326
RHBDD2	120.673651829253	129.889092053028	107.416048355831	108.996401701409
RHBDF2	48.824639593777	56.4379296539501	105.957586985499	88.7873958423002
RHCG	0.793548627014455	0.896255173019459	0.374992685798528	0.339952472023072
RHEBL1	8.2116886666256	11.3263865695324	10.3543327857884	5.54078743084697
RHOA	308.125481716289	396.060689246303	397.532560111377	545.253811383713
RHOB	35.1580465887115	31.4593229980548	59.2110985066709	35.9642789933941
RHOBTB2	9.20431652734236	7.1031073948832	21.3228446200536	10.305805296021
RHOBTB3	3.96124011747277	3.12654130513009	1.72284854762964	1.62630346193842
RHOC	15.815421583048	24.239673572157	23.7372989443988	24.1932114240373
RHOF	18.375281194735	14.0717083526256	11.4686820221915	8.87014742113914
RHOG	269.959680850705	327.848158162833	333.208431687959	536.852730869726
RHOH	204.332064921283	163.125706286383	220.417497922752	113.899417316935
RHOQ	14.5712756306004	15.8401533251312	24.3075184682765	19.7729111731288
RIC3	15.3982069866519	10.9081852779624	11.7332827864654	7.03814766589699
RICTOR	57.5192195491774	54.5300852955846	43.6176998066158	31.9958240012891
RILPL2	59.4625811158872	84.0477129334642	85.3893079553476	154.834690701884
RIN3	90.2620031592946	68.6180456700404	88.1059660260063	115.298005657228
RINL	33.8583638825478	26.8753699580957	25.1249745550568	17.9722292583472
RIPK2	54.0396474003705	78.63772739892	92.4068701012247	149.429302801607
RLF	39.6476018135991	39.4807683748953	47.306814560031	30.5023753535889
RMI2	7.78644112765521	4.92461773420738	12.1263851495309	5.58165375314053
RNASE1	2.13480498580971	3.03475595019716	5.12476512943205	5.58788161025394
RNASE2	37.5750516009389	73.3162825410353	76.8839384370771	198.0248376433
RNASE3	1.76675576340539	3.30285526524307	3.47834458958911	7.40600649609652
RNASE6	116.7449937818	157.999936578733	314.971699204226	395.274598914491
RNASEH1	16.9384597801362	14.1371289236495	14.6854756155599	11.3612071895568
RNASEH2A	1.25921438231077	1.34863347039234	1.1127696430384	0.892036951895327
RNASEH2B	43.368285422371	37.1827963071147	44.0929005053246	33.1691150208298
RNASEH2C	44.6163635873639	37.5485229074856	39.0147971650191	38.6516747869218
RNASEK	12.0895374509383	13.6549018972893	12.7837452895361	15.8432415412642
RNASET2	62.2381545653212	41.2253281116575	52.2817545667803	53.5916887535352
RNF10	139.520751420139	123.699656819697	147.479569795198	145.930853289324
RNF11	35.7244612850797	32.7429707652957	32.4988361145453	31.9803043908373
RNF114	148.443112125802	151.417816174634	148.462128370461	161.177770206507
RNF115	16.0786236679658	15.5882712742903	11.639503851691	10.8696826471653
RNF125	33.6771615219466	33.4199190018459	19.6233676350664	17.8616887375264
RNF13	84.6013526192612	110.866147984656	118.054871199398	163.51043988098
RNF130	25.8604234930666	44.7612665282557	47.0882618370435	113.743886943543
RNF138	103.035022206516	83.7495989594903	93.5494289481107	90.113331137022
RNF139	85.9990800886444	75.3177440001894	100.34678014516	76.9096076134033
RNF141	30.9412458903609	32.5579907147877	56.556716050167	53.3393013723789
RNF144B	14.6718772732212	19.4903461396527	23.3573639739999	42.2408588668985
RNF145	40.7744625673114	29.646587046185	34.9819116131889	26.6722559514807
RNF149	167.638842990606	192.480945976769	145.672268267415	244.990112734502
RNF157	24.0732891629593	12.5829676939601	5.98038240448143	7.14952387733383
RNF166	157.146639190377	162.712359052506	101.160350974205	132.65819806271
RNF167	155.659401765261	164.612147504648	121.109979691259	106.426197912014
RNF168	42.6971125408986	50.9995874910812	35.8537162814365	34.695654822351
RNF170	19.0980297213659	19.591270432384	17.1244378074343	16.1965003863283
RNF181	108.678672661568	147.96058162805	119.865452357381	156.64815943261
RNF187	23.0165245119548	18.7320911107588	25.9283669908142	24.0482690562877
RNF19A	91.3947007241153	115.083794023269	92.1782389403985	63.5950261313172
RNF19B	17.8510433674278	20.6923742992667	25.7055926778349	36.9343245607111
RNF213	100.948473254859	82.6629257269925	60.4998361993522	59.6814676068622
RNF214	24.2250439225503	21.2541390796981	17.0169540503386	15.4242604658286
RNF24	10.3054185180984	11.7760803428672	10.818168572785	20.7314804902858
RNF25	33.0800313518955	35.0938563146842	30.8725301331125	28.3002495934219
RNF31	4.10579026529655	3.18285863193019	2.91587591627494	2.63870052556989
RNF40	36.4995529157506	31.8523484937608	33.3020879744423	38.4466808531152
RNF43	2.41723035800076	1.56772910023206	1.41807865178083	1.03168076215553
RNF44	87.0680477929333	47.7344238518547	52.0365219283451	43.0243076140052
RNF5	68.4816308934043	81.1906672391331	75.4808272291673	70.602502887633
RNGTT	32.0604416370546	29.9371038848788	37.9303303731294	25.0037337648177
RNH1	142.291684093308	165.646422596715	175.496247911617	309.332108025033
RNMT	34.1181171081756	31.3343413945844	32.8359168234901	22.8938715324535
RNPEPL1	51.453024927552	43.3718702658012	58.9967301159653	57.684407397049
RNPS1	154.96454211665	149.251016848982	167.75305283599	144.032009471385
ROBO2	1.00754078255809	0.934470992603147	0.706724378033869	0.455659978672991
ROCK1	65.9695607110141	61.9463503713535	63.8645246591181	60.5391385266012
ROMO1	117.812236873217	153.495990406547	124.370799979572	149.077070501049
RORA	48.5332681655757	60.5345519144377	22.2765932288796	18.4959413973206
RORC	5.15823192017405	10.3498157001255	3.73595650490325	2.48658009566665
ROS1	0.934277410672182	0.890953213488563	0.538342688649871	0.387359307646263
RP1	1.47471989439306	1.40183171081074	0.574357586559886	0.537706250348732
RP9	10.3992594166031	8.51248308342386	14.3106988384214	8.40302775745336
RPA1	70.6623840516364	63.3674034601322	53.9637404649869	54.8966721654947
RPA3	35.796096154737	39.613498917948	39.069634517156	26.9279967560564
RPAIN	45.6906538059568	39.7456217086436	42.2328809461449	30.5118006360914
RPAP2	12.216520930292	12.1814848221658	7.38927404421873	6.32064423911963
RPF1	72.8603629791167	80.4077559512235	64.3082864280164	53.9771420866363
RPH3A	4.25581590576176	6.79874585646227	5.72060626030442	13.9570298605019
RPIA	57.710085825246	44.8516744267348	54.6472009236205	47.8318087077365
RPN1	238.571150166682	293.465000986206	269.543935489301	387.996628683915
RPN2	324.179537779761	406.216505238254	324.353498638257	387.558251506607
RPP38	22.8363165206735	22.2397153193327	22.9465088526944	19.7553352083832
RPRD1B	26.6845061096804	21.1151111710256	21.031071181691	20.7627639921127
RPS6KA1	142.267078470013	158.665616955656	161.561461260174	227.608001507842
RPS6KA5	6.38078891916688	5.5408490131704	5.63487284186869	4.36722204727728
RPS6KB2	32.9447509235447	27.1662427343961	31.9320213901605	30.0386450784687
RPS6KL1	3.06065183952759	1.69384527475817	1.4168648211752	1.1660673083701
RRAD	1.46804416052124	1.97457432564053	2.26157587507975	1.21598853275865
RRAGC	14.064239465221	14.7071244457842	17.6772826555403	11.1725590183224
RRAS2	24.0183665125304	20.2933713092998	57.777261249092	23.0132470090703
RRBP1	19.6002029130128	19.148977647727	18.5636719213899	21.8442287246234
RREB1	30.9544040287205	22.241442963407	22.3979240860233	22.7589620437748
RRM2	5.51064555964132	8.75377906248238	5.69759534282717	3.15891051382693
RRP12	25.4055347750959	25.8400002876461	32.6946156114661	44.3532433284419
RRP15	14.1258948704855	14.4373479509952	10.4233287562678	7.99814570540654
RRP1B	59.1626755190109	41.7206283839981	39.7436884476309	33.6374770777096
RRP8	19.4440405566169	15.5661637243416	13.9313356833728	13.3067684806123
RSAD2	15.2351061307432	16.2078292041316	18.0011725561982	25.2753394076576
RSBN1	42.7457632509237	42.3040261814189	34.0098919689439	24.9299403016534
RSBN1L	28.5857928116494	29.198201251202	23.1917273184128	16.6662518609136
RSF1	33.9783293171676	33.152584032544	26.8573086595231	20.6148418530362
RSL1D1	123.011758999986	133.425730362623	105.191551826552	105.881422531685
RSRC1	18.160475513298	19.964904722397	13.8585463892234	12.3395475555623
RSRC2	146.758792088365	141.774547491494	120.901035780559	94.4630894345636
RSRP1	342.445925243904	382.415241900311	243.471826285374	208.999128172217
RTCA	47.4810348491035	53.3313340733501	39.5583490857339	39.8588692220482
RTF1	37.4065536370962	32.0613985546267	33.4867567193008	28.2534893390069
RTKN2	6.81660751925936	7.76123921589544	2.80543203446597	2.48198101600864
RTN3	57.5064063570463	86.0139976776577	77.4381632389088	164.724679037251
RTN4	46.5309814293361	44.0787795948167	41.5642648614014	53.6792681509401
RUNDC1	14.6974704945307	13.4705226691866	22.0366874037684	15.3523316413665
RUNX1	35.8868600971575	26.4447136894256	23.6975914284362	22.5885901209514
RUNX2	18.5536150417197	29.0393414076755	11.7028206233576	12.0756749781791
RUNX3	87.0321941368172	100.97140500803	89.6026046852774	52.6778412616112
RUVBL1	33.5795318686977	32.8838977451449	26.2482200631318	23.1307077190288
RWDD1	23.9733842209256	23.9463716824919	18.9828716156	17.9990614426516
RWDD4	11.3554085736393	12.263253381323	12.0703575352268	11.3854120056487
RXFP2	1.08113046588144	1.11783985306809	0.60664350066423	1.13167004371128
RXRA	11.4329828754316	18.0436504078756	18.3004306581332	41.7229360660621
RXRB	45.5102220857923	32.6731853250541	31.1064881818764	27.5895088048652
RYBP	12.0976709630245	9.26538104085474	12.7761349943478	8.92463119377472
S100A1	0.496388683385209	0.483642372054237	0.550319146309851	0.330430910087838
S100A10	608.87127215655	982.566604456478	741.807443827441	1515.39445640899
S100A11	547.896218085064	1026.05692476429	816.782886819836	1890.43304366729
S100A12	232.798658539301	461.100091980066	465.681084577195	1252.96375754892
S100A4	916.939518325441	1771.8883837585	1332.4687622963	3072.0357680907
S100A6	830.062646029794	1382.14077201289	1073.29344264324	2364.49934935804
S100A8	1607.16982025164	3196.44331735481	3210.58089602629	8633.3721949495
S100A9	3496.01767870376	6908.06212542751	7041.05448405081	18902.6301111263
S100B	11.2126119132291	21.0687035947948	6.78776966294457	5.13703004231051
S100P	9.25764610216055	17.9735692897196	13.4488490349568	30.3150789579547
S100PBP	38.3927356526543	41.1871740243898	29.3340733925332	24.1160279040363
S100Z	5.62534671104349	9.51140824210807	9.24441085285846	23.0576465713872
S1PR1	258.430855273902	256.898548442263	200.321974822148	121.294369019033
S1PR2	11.8598283063425	19.75149825904	9.21076689985967	8.64547014775204
S1PR4	166.962332861516	120.035517177193	193.030149493063	146.410113226654
S1PR5	24.0214984476871	54.1537713797758	18.1037259307497	11.9320037290404
SAAL1	40.4391535045677	40.6964480680832	33.8841938583745	29.8668406014168
SAC3D1	6.71134356769123	4.92196311861079	6.26058974161255	7.05581205897813
SACM1L	79.5146903958101	89.704823353776	53.440972616008	56.6011461511541
SAFB2	127.265470232941	96.2712337798024	87.024371601753	75.0197491601602
SAMD3	63.7300469142327	103.913255564681	34.3797330287524	26.3894479364608
SAMD9	53.2666570011659	59.118943450915	55.275067807344	45.9726439697147
SAMD9L	42.1198899036854	47.3109548745403	55.7178766990064	44.321832918626
SAMHD1	266.16980306137	266.010111944814	193.052215391203	411.086704734643
SAMSN1	73.7812968316071	127.166306431157	60.9766266480081	71.9336515270283
SAR1A	104.050076069718	153.127654933417	82.1706555831893	79.5368399196608
SARAF	1998.43886945394	1668.2433153756	1316.08919636431	1298.4775600564
SARDH	15.4182841700876	6.9443585381601	4.06764035632311	4.65222949903377
SAT2	62.034911733378	76.1385176541961	58.1733143813404	69.2349805275427
SATB1	179.897539493488	108.037665286255	72.644461391164	66.4896029936638
SAV1	20.340434559617	15.3866538874233	50.7824290153485	22.939085982694
SBDS	161.029104987007	148.40395866555	133.857204705575	103.718735338951
SBF1	49.2283570743736	27.9473655789195	33.7208308752782	25.4000705953911
SBF2	12.5379606136344	12.4202427748082	11.2987985561789	14.8709327505449
SBNO2	42.1202330480252	19.1229788679243	16.2177983240829	16.1128733247526
SC5D	24.7657788351484	22.7767723025022	23.2769620958434	15.2193999220086
SCAF11	137.899293305937	153.360693613989	133.013069864691	110.742551167319
SCAF4	65.7561361396829	47.0109831093694	67.5286795938431	53.8024137629482
SCAMP2	129.82369298319	146.710856760636	125.073086857442	156.324980741111
SCAMP5	2.1794574737702	1.51730237812309	1.58240575458305	1.06557039494964
SCAND1	64.1484711833821	68.0607668241069	89.3994612118673	93.9738782105125
SCARA5	0.902389528889788	0.896091885171894	0.709687696610831	0.426619821347672
SCARB1	5.22250990422407	6.20082370819694	8.23563979080364	11.227978494263
SCARB2	28.438429303089	29.5616852884978	30.7313270036699	51.9761945722853
SCG2	0.321720396937433	0.385936572452675	0.151381451216813	0.122805327657999
SCG5	0.727638362178743	0.725069435454986	0.269462328484677	0.255572568681541
SCIMP	44.5488450145665	61.5560988830285	109.513262580295	151.727609004731
SCLT1	26.1346224562949	29.5698582729078	26.5828120514677	36.8430930951565
SCML4	99.9551417671726	76.1932534465018	39.1262551242987	34.6543704145687
SCN3A	3.58200602651496	2.6136454048247	8.71552587857458	3.45347201745132
SCN4B	0.42317907152582	0.610304071033288	0.379321967515728	0.284381489967906
SCN9A	0.898016889718238	0.808881380423633	0.419203923810623	0.583794038905803
SCO2	2.23858095327326	2.3664539687749	3.01516935592116	4.51191757585061
SCP2	59.7183472892751	80.8491697029875	59.3787490849646	78.7437903974254
SCPEP1	152.1158545614	232.078503560717	302.568029278139	563.180370957449
SCT	1.0075350746067	0.706384136224418	1.66702628496923	0.731879417675028
SCTR	1.27460951925438	1.41542584754588	0.706620172572032	0.521145378917893
SCYL2	29.3836735493953	29.7515294182058	30.1894909252141	31.8131683965928
SDC1	0.831313923002843	0.69673412277151	1.20715683651961	0.559525976830741
SDCBP	244.321122664617	356.552308123775	331.55422357275	665.682187116085
SDE2	39.7489316242709	38.76307186021	43.9703211540195	31.3721053874226
SDF2	66.9547264166211	82.6050983704035	72.3005409829207	87.1770322126039
SDF2L1	43.2356084366112	51.61314817901	43.8086786353639	47.7263997733487
SDHA	40.2039962926774	36.6759332381729	30.2340121166338	29.540393533339
SDHB	174.946463267444	215.103410195975	208.072790544923	274.990746886382
SDHD	159.392697372762	240.807072905199	159.999366560081	183.54797529983
SDS	1.46529235141339	1.67451267660999	1.01129211298938	1.38821506710384
SEC11A	59.0133973365141	67.5203979263758	56.3460180727098	73.5714431569549
SEC11C	52.4834296455512	68.9931403191086	48.4549754834349	45.3996626405015
SEC14L1	28.360694304666	30.1876713458879	36.4757401757062	42.9899269577429
SEC22B	26.2958706551137	35.6802628655538	23.2273518705346	23.1342971209252
SEC22C	27.1525789016162	26.5851764074529	22.9100660366368	19.7515024633634
SEC23IP	31.3428394881767	31.4240529251988	28.4692224358689	30.5699809227178
SEC24C	59.0479456823248	58.4579040690101	51.0648556190069	53.0320833710681
SEC24D	23.2318620390142	28.7478422463877	26.1395987612871	36.5200414530574
SEC31B	43.3600868258424	32.362893376242	19.4911340399245	20.6651576294757
SEC61A1	112.70950362438	121.865719197387	106.193125870278	140.776378355902
SEC61B	162.596795414072	230.259002631803	190.792330604657	243.664877514167
SEC61G	52.3023170815771	67.7722716143509	52.3042266953615	62.3465420816292
SEC62	76.8609905564309	71.3944148065005	81.7811842499127	59.9528828044433
SECISBP2L	35.0472175498046	28.4589563328806	44.5603933515437	27.2844516197838
SEL1L	46.9052930930115	60.4702988022359	47.8820854207295	56.1867126176315
SEL1L3	91.3140510082716	72.4588548590178	214.224685972362	87.1049630280399
SELENBP1	1.57906686396342	1.54777819830211	3.42886186322537	1.54124511166604
SELL	1692.25861760601	1209.09698569695	1661.56654729551	1870.02076169203
SELP	3.45352905252679	2.62659401088948	3.26347482799485	2.46019868996941
SELPLG	490.116791672672	530.484956138893	297.492147672454	501.345763912277
SEMA4A	47.3756710255698	86.5467018016847	97.091447269838	216.233124542641
SEMA4B	42.9781429225197	33.7426446029427	122.936695506153	63.9461775580855
SEMA4D	190.534760626721	150.161566733668	92.4110722919982	112.195676019276
SEMA7A	5.25157746670276	3.51297491048426	8.15278513672371	3.8441825690348
SEMG1	0.40034176245353	0.585893380566414	0.198404983511979	0.158597012732646
SENP6	63.5621045014456	54.3903323110002	58.1799350105049	51.0812206910334
SEPHS2	65.188409743146	58.3068216679607	74.761586113066	83.7279620629068
SERBP1	81.3254528847731	73.0931097718881	70.4736226443016	66.003158141072
SERF1A	0.504988748845846	0.498241503145489	0.481672566331726	0.351872353422267
SERF2	141.269498994267	178.545845012645	141.824150441701	168.631363140319
SERINC1	275.716883208656	306.142674881901	248.028466867052	267.698794581332
SERINC3	165.498268636045	177.570399858279	141.624226505549	176.360773235855
SERINC5	103.916407416919	71.0926784325212	35.3224476821009	48.8985157810964
SERP1	156.262492765409	168.34092353282	166.057718932059	221.088998243606
SERPINA1	200.680820292227	394.170534750325	401.441898793135	1071.93073645494
SERPINA11	0.362100918696184	0.430876207433349	0.149035109010953	0.13167944847734
SERPINA9	1.12451159467485	1.26186653862999	0.805190272634898	0.530073494703868
SERPINB1	178.025122123627	219.506938757138	204.972019888984	367.492065296239
SERPINB11	1.06219461669492	1.01259921289867	0.366498945607694	0.367362701654723
SERPINB2	3.60783311071284	5.5176633558621	6.9801219780459	13.0497608985208
SERPINB6	37.3716806375921	44.3501312491888	38.1331005278291	57.5049752256946
SERPINB8	24.1529362162871	34.8094527148805	39.2554462163373	71.6025869757096
SERPINB9	148.980215501745	198.675144685437	151.416684033774	163.942707938868
SERPINE2	7.59958140027269	3.44589893069	2.60045383753491	2.4792400337821
SERPINF1	14.5734356178486	11.4171503108692	11.0515834207733	12.5345739976789
SERPING1	7.75076428747845	13.4407139269123	14.2879748662008	33.0525329520983
SERTAD1	26.4763794543105	34.4675204198886	33.4627442691646	30.6458071958607
SERTAD2	40.3711657722552	27.3277580792003	43.9661080545124	34.4819169765123
SERTAD3	30.1269542053957	48.4916004181289	43.1539380377863	56.6183624832474
SERTM1	0.638308246221716	0.617873535663863	0.221478414806463	0.21987720014442
SESN1	41.2990102083858	34.9017157472626	40.2839570221422	25.070052049035
SESN3	51.4914350946623	34.9243868688269	39.3421045708826	26.7502091102262
SESTD1	7.86369237562599	7.06905269789388	20.2845073094582	13.3272937688523
SET	324.696006853724	402.370208326824	286.102382012115	241.967599573937
SETBP1	6.59735843703877	5.61897652628868	17.2594064431404	6.8440179148666
SETD2	74.4446189987445	64.3977640210145	70.9742849168236	51.8164954714154
SETD5	76.6882938283379	59.5818415936864	54.6961630171695	44.0185936024255
SETMAR	12.9018504312495	10.039180607918	7.69818647207138	8.75246033448519
SETX	87.3567828723948	83.1225092543842	98.5747491903243	81.7324043966675
SF1	330.375605613391	201.529792261835	255.201394692122	200.216745076718
SF3A1	101.030711561546	77.0376044732735	81.7281477572512	75.5467465585827
SF3B1	328.59748179575	294.743812368493	238.88891852734	232.227083754077
SF3B2	188.776683298119	196.046941677581	158.550568905959	144.264318177036
SF3B3	64.4969964506786	54.6481793946189	56.831053641163	49.5007037997025
SF3B6	166.86224920374	220.529952420666	181.736570598951	201.756974765535
SFI1	117.731656268619	73.8529983005474	46.8320856985571	44.5191162351501
SFPQ	292.507505297795	196.74404332626	232.864738879688	193.848568024724
SFR1	29.6279985282111	41.0647818482809	30.4247503624162	31.0342301370301
SFRP2	0.353013007685885	0.505773130830216	0.192272294105292	0.155422975226091
SFRP5	0.75927486361533	0.768486079572795	0.479403438726605	0.327191307299062
SFSWAP	53.6005863827781	39.170829694913	36.9158437222356	32.4032150444282
SFT2D1	48.9701237819126	60.1589572807247	64.5530390960555	72.3168377150728
SFT2D2	25.2419139311744	24.7303246862683	29.9732426986317	25.1438489164532
SFXN1	62.9009564622634	63.1658043107555	32.0904094616401	27.7140267782517
SGCB	7.29339150005571	9.92724561568286	6.71268509419395	5.9833050922185
SGK1	37.9054590327724	47.9726432167149	55.9944126770392	104.584867699933
SGMS1	37.8650053052772	35.8893350280635	37.8377303065072	41.1001375460164
SGSM3	9.00173055090776	5.60152865783669	6.04606501672796	5.15435331233337
SH2B2	12.4827925730494	9.51346373276006	38.7566250265117	18.3030619235396
SH2D1B	1.53083205357649	2.55628562012392	1.66664959390023	1.04283281651329
SH2D2A	72.2060531052115	127.778965416062	41.8492416374586	31.0373346445555
SH3BGRL2	2.98981206214204	3.49085233791681	1.93357881300858	1.59832068595438
SH3BGRL3	1469.44931497967	2361.82779071803	2000.95915912784	3039.30292889895
SH3BP1	12.1056705892454	6.83025727579851	6.6161206504228	5.85637442552035
SH3BP2	26.1269234725778	27.8340109515046	39.888663900296	39.6004304205406
SH3BP5	21.0111204313552	18.0186701934917	30.468331472568	19.8912075104804
SH3GLB1	39.4443263263208	44.0126442621223	45.2949789039597	54.1566445931559
SH3TC1	30.1526083497133	28.8704708787651	53.5007466572685	53.3178424883018
SH3YL1	37.1493630969002	24.8921777497768	20.7143128356686	16.8573640048392
SHCBP1	1.20130093389068	1.48162469348098	1.29833277010574	1.0938768757285
SHD	1.06473931426883	1.09484783348463	1.1441230335566	0.598344710182598
SHISA5	315.591487583876	331.43132883044	372.584420863379	396.210760312416
SHISA8	2.56201524736727	1.69556838057989	6.58510384206777	2.56715872207042
SHKBP1	183.59826738234	206.99522661351	240.739565860819	353.007434661775
SHMT2	48.3709975593499	43.5042724015408	78.3841048581681	57.3750653068273
SHPRH	21.9015553327731	18.9703601818501	15.3993690835437	12.7016084009458
SIAH1	11.9217044374338	9.19231869159082	12.7388579474443	8.29947995027018
SIAH2	55.7175044179469	49.9981292628838	100.94640433127	71.8049611751923
SIDT1	52.9498569133831	38.58946792429	50.9732593453136	28.3885481045686
SIDT2	40.9893417447364	31.329147264024	60.8954251856861	45.5992342818158
SIGIRR	177.497879967692	128.872633672224	79.5354305938399	96.6930908117619
SIGLEC1	5.29671372736414	10.0874974596012	10.7720791145085	26.1846889339947
SIGLEC10	18.6032613026753	23.5214098241926	48.8286294201317	56.0388789635711
SIGLEC14	21.5137720520575	33.9123492309341	50.18172904647	88.0127568750773
SIGLEC5	0.471227634099628	0.436675676719438	0.489248117551366	0.294812473982601
SIGLEC6	2.00696784204604	1.62460379878029	4.77443321940294	1.92311297198213
SIGLEC7	12.2299902853294	23.9562746306178	24.0808060210417	60.9922636100057
SIGLEC8	0.311077607991418	0.619931554863893	0.251813919780951	0.170748904948099
SIGLEC9	40.540144089428	78.231336446546	76.4549989983902	196.704971072571
SIK3	40.1692254325694	33.5764207972238	53.4392202479828	41.1713778339202
SIKE1	32.1687841919679	33.2220966684148	26.3537474487656	23.8264497814184
SIL1	28.4965060477266	32.9194953964534	30.4320848406699	45.224823154055
SIMC1	18.6247452495482	14.3220238678483	21.9991311257652	15.3235403583287
SIPA1	162.872596202452	117.064607928975	227.672054023309	155.8905623031
SIPA1L1	25.7883934434764	23.8533295517956	45.8963483582129	31.9213763781459
SIPA1L3	19.4734511622882	13.1673734442189	36.9386731855394	17.3396745661066
SIRPA	14.136924181198	26.8866811922557	27.6157410540697	72.2900186547665
SIRPB1	23.1697890116077	39.0458800131624	38.043023055203	98.7088888878977
SIRPG	144.709371175547	109.480478091279	42.6979569744535	45.9132880726069
SIRT2	40.021917511957	55.0473074869404	44.6239557520855	53.8679290488739
SIRT3	20.1612035038949	16.4256924224254	14.9054555235401	13.5943218116552
SIT1	131.556333795856	114.504892577432	99.9111303645436	60.5824479917489
SIVA1	40.8085234037879	35.8441634647947	36.4987288199239	35.6590810331525
SKA2	31.5310795894115	44.1069462185118	23.9904294289121	21.4937919913007
SKAP1	263.45478224759	232.472292025128	143.35033896089	104.334576285722
SKAP2	49.1072139183145	78.4444559861466	102.011802116448	132.709141062771
SKIL	65.6166145317865	113.933926554507	80.0477194945026	48.6476317384764
SKP1	74.3837669027682	57.1039548119486	39.7920034306097	34.5498069689358
SLA	192.60349481644	247.052912195536	164.939930947098	194.241503523469
SLA2	77.6893612260028	110.892397451434	37.6559935830064	30.7157028894836
SLAMF1	45.5539160766572	54.4528609531026	45.6704859522751	24.7779834160345
SLAMF6	145.301018204522	186.422114917316	159.353963068544	83.5226554552759
SLAMF7	45.742139249586	98.1801791890344	36.8235446015369	33.2535931131638
SLAMF8	0.767627782253244	1.51725941502354	0.97564210791713	1.98134607444176
SLBP	86.0906040364144	85.7889301963328	101.25417302639	100.787780132379
SLC11A1	25.1550939783472	48.0688199729965	49.4005939344315	128.63909645697
SLC12A2	17.100233892935	19.3111022237526	16.5845171053077	9.96042788913858
SLC12A3	0.979158420713727	1.03109580497689	0.948991594119965	0.530016949462096
SLC12A6	47.0695316584988	29.0221638422193	35.2189387297828	30.4071822237013
SLC12A8	1.22703756454466	1.54227704180713	0.976783235685597	0.850562563527651
SLC15A2	6.30867588962427	5.00896273955005	12.3896406125977	6.87986820240643
SLC15A3	6.44684469446915	6.54323710481369	10.4572982733976	13.1797005461039
SLC15A4	33.9262430528621	43.1998137363702	59.3604965047347	54.9775799459022
SLC16A10	6.35320433245392	3.13673841644548	1.45837488496303	1.86632634795423
SLC16A3	10.7266908644719	13.1649078782918	14.2418771465699	24.9644297733183
SLC16A5	23.2283278867972	20.8400775180141	18.631947649372	40.2045794572348
SLC16A6	7.15201824886042	8.35402683871539	6.09612735145257	11.2901877050958
SLC16A7	16.4774000189134	13.5634843555233	13.0519951638877	10.3649067425371
SLC17A9	13.2203972445232	12.6393665670248	25.3317739133367	17.1849307579171
SLC18A2	1.70564189268804	1.11107132167512	0.735028041562098	0.677257111323693
SLC1A3	2.44602036080068	2.60712994645576	1.32612425036499	1.96638143596635
SLC1A4	6.92079080744915	7.69361427673023	11.1608048614558	8.31158891400296
SLC1A5	19.4802057489326	29.8317966300643	32.5241509462622	56.1785261234974
SLC20A1	117.361165986776	148.973680987629	95.4113063569232	103.654019082488
SLC22A2	0.760178029229622	1.15699254572988	0.45411016844463	0.326637448249347
SLC22A3	0.714000163441702	0.84733648316527	0.300852834316068	0.266650058749927
SLC22A7	1.28579158921702	1.32121894887864	2.47626018277741	1.10185618637303
SLC23A2	24.0813163054729	17.8559377580922	20.0021347773819	18.8982655045907
SLC24A3	0.625621841592345	0.735123835267927	0.43241596992903	0.347679485190898
SLC24A4	5.58582345590569	10.0470104325155	9.89253173288283	25.2289998737099
SLC25A12	24.5212442542508	22.6671000675209	18.9520941114627	18.2003329735083
SLC25A19	14.1647436634715	13.7590139115808	20.8770220830689	16.651136378183
SLC25A20	46.0327809297639	68.0754316858327	45.4970445731597	66.3030495894421
SLC25A32	5.39653235531063	4.82718238000441	4.84476143329586	3.74196458104269
SLC25A37	45.221713872254	46.2466506658309	50.3821640869944	51.9747133286165
SLC25A38	94.9404085075001	88.0616950789879	86.3641448996662	57.8486936272869
SLC25A42	25.607645013399	17.7258429772362	30.8098799896435	15.9315679228444
SLC25A44	18.780484148743	19.5472882434231	18.6506169719131	24.3291802304247
SLC25A45	30.816378824073	21.939063656642	17.725563102264	14.6889455264177
SLC25A46	33.5830234064889	31.5758071677574	32.8090080446117	31.4213082005154
SLC2A1	54.0694208469912	47.4708387453305	87.7190128770286	40.2126328553258
SLC2A11	12.0625955322884	8.52984560651078	10.4309165618034	6.43826268542472
SLC2A13	3.40838434637327	3.94457888234838	2.84074888370538	2.97626550025591
SLC2A3	246.190507556346	256.488297965436	243.339332606137	204.336206491486
SLC2A4RG	38.4893471339204	18.2291371408586	10.8748151302591	12.4638027704247
SLC2A5	4.2821166762229	3.30306342253858	12.7236845344149	5.25507995066857
SLC2A6	23.8802878423473	32.4210135928695	54.7966151618818	76.0866908010567
SLC2A7	0.928273769962323	1.09556611911885	0.58236932723997	0.400194828789201
SLC2A8	5.18019953782236	7.5445498957349	10.1820965437894	9.29812140454928
SLC30A5	29.2040550082258	27.1623135891812	30.1312252132517	27.9060218509134
SLC31A2	7.67284929681743	13.8423015955245	13.1507599868434	33.2653694959544
SLC33A1	6.35296537791227	7.14438753290492	4.6656759943889	4.41254276638074
SLC34A2	1.26640417322484	1.51197145222197	1.49396885169066	0.76759890954404
SLC35B2	41.2429181030959	41.3528776973155	44.9037345377275	45.3556607118071
SLC35E2B	42.8658554212619	31.06993841906	30.3788833586747	25.8912165919588
SLC35F2	15.0429652879592	18.5052625567605	21.0943680087213	10.314137194189
SLC35F3	1.33553190974942	1.14103434152588	0.628333827941266	0.591376424560914
SLC35F4	1.33741024712792	1.3879420999595	0.727557380913953	0.539525442807084
SLC36A4	13.2117433063503	13.0841211334288	16.4334678034103	21.4413487525827
SLC37A1	21.3042749556858	17.8140634469407	27.9003461914757	19.337571827006
SLC37A4	11.2045575262105	8.23011530112073	6.90857079057133	6.46692563746665
SLC38A1	224.066005586354	196.964747393093	200.111835384541	112.71319245984
SLC38A10	73.26672667266	67.606656691583	80.7910067487829	102.456769450732
SLC38A2	139.585796752884	142.625286185879	130.172408860704	125.037639406542
SLC39A1	1.36270675424515	1.67266245234207	1.88459141751993	2.08313865254909
SLC39A10	33.7081003352454	32.8372175765856	27.9672635520685	21.8712146632721
SLC39A14	9.92246434475969	8.6484318106422	6.98759519269675	4.99088779112779
SLC39A7	29.0342022564213	30.2060460956497	25.6675430768468	28.5168844185445
SLC39A8	23.5923746845927	19.9493946528969	18.4035145987083	14.4952222037276
SLC3A2	139.537279032732	172.92910687856	135.568337649403	181.865717153374
SLC40A1	76.1581573012057	58.9370452905312	44.2056660444101	97.3943938884509
SLC41A1	24.1943875001113	16.9834264657427	18.1069242398585	11.6367849957458
SLC43A2	12.3351368362039	18.3715481739552	26.9133989514756	45.9736947497411
SLC43A3	21.5652586462302	32.6569864524506	30.9941891899462	64.0814264275203
SLC44A1	12.2688057247732	12.7817706557026	13.0124004017519	18.6739663083444
SLC44A2	280.550688474291	208.877183833288	303.602987952029	206.384124156243
SLC44A5	2.538508944589	1.99583145915583	1.52383838090377	1.06797636507467
SLC45A2	0.313777131563229	0.562207963750465	0.19617816149728	0.139273221083978
SLC45A3	1.5497327588248	1.27213209000079	3.8390424809799	1.60584889555231
SLC4A1	0.806230516293555	0.924991162826712	1.73924244694801	0.77589650626427
SLC4A10	11.5734347150403	26.1680029450459	8.18533572276936	5.57409214088683
SLC4A1AP	35.0983670088183	39.7763981982978	28.7346628496084	31.691564448391
SLC4A4	2.32439440605977	3.25859203388702	1.13933267761818	0.915207097192485
SLC4A5	1.74299958672561	1.12798661668331	0.825950461773984	0.699462612223564
SLC4A7	27.4066814072541	29.5207171504459	21.5426554158726	15.3217871537014
SLC50A1	78.2862391529022	83.6883076654179	116.077449950902	88.0165277282274
SLC5A11	2.08483178590022	2.15988002382073	1.25671756582403	0.914100666048865
SLC5A3	15.2236547082126	12.6723025168444	8.43877762730752	8.14286397510516
SLC6A19	0.500304218471825	0.646058066359618	1.16106030395951	0.488324355743624
SLC6A4	1.25281256044652	1.17945890559113	0.71555350981457	0.59519352325685
SLC6A6	25.4952596702435	30.4125439711458	27.2711507358607	45.1656618832027
SLC7A10	2.01730831890006	1.38843245441487	1.61826620367627	0.947120409317093
SLC7A11	1.00846672437498	1.00134447008031	0.456461108802317	0.39446286520643
SLC7A5	15.2395835084532	13.9847879031255	19.4007963877522	10.3205915627908
SLC7A6	40.858190346613	22.6099735470054	15.5034539768487	16.3242100059241
SLC7A7	66.6070568179228	119.276619859616	135.447880485538	317.637096237524
SLC7A8	3.65279997415185	2.51332868416354	1.31814410954082	1.44124362163144
SLC7A9	2.20950010565798	3.30577675189609	1.74650888356153	1.08983404112676
SLC8A1	1.86563983222369	3.00995891920883	2.74891177917583	6.82362341961557
SLC8A3	0.823406764651601	0.953292755171251	0.448035284084282	0.356729776548361
SLC9A8	19.8634256934107	15.0631317325739	17.3161122211722	14.1276999013131
SLCO1B3	0.579921135917117	0.56010749831783	0.200593362559604	0.195998947691306
SLCO2B1	1.28237938568908	1.29719324743223	1.13058556301084	0.667682218702162
SLCO3A1	19.0170191277245	25.7244815758444	16.7578097891621	35.7399472614193
SLCO4A1	2.6784263673361	2.63590860584829	5.48020654262487	2.3284446559408
SLCO4C1	2.86450955951882	5.08765822878964	2.91681756579025	4.22012204130405
SLFN11	21.5435489555868	32.2845529150414	22.9913808691972	31.7647390900384
SLFN12L	25.6059194837403	30.296603614185	10.7584640064189	9.47782951420955
SLFN13	10.7349162557696	12.9538516740659	7.28290258812558	5.00186913588857
SLFN5	123.2624181013	110.635949860222	47.1126127641628	48.3502051946409
SLIRP	76.2376932455568	87.8666162187693	70.5903798632351	89.6708541311252
SLK	33.8970666376583	32.6576454970549	30.1270150883589	28.10958198692
SLMAP	36.5172935440725	32.6180029408127	30.8614827963842	29.2697315331241
SLPI	2.60160420492822	2.35615173407898	1.56556994523031	1.18723519274669
SLTM	123.418759388874	116.864816073985	98.3115577459248	85.771499084306
SLU7	105.610917719332	118.287895097878	112.410004990142	104.83084203072
SLX1B	0.217210577640299	0.33935725325544	0.236433310414128	0.144221426498509
SMAD1	3.39525720930998	3.1710697404125	2.65786796721134	4.68056149448825
SMAD2	12.1995212417107	11.1634364622436	8.66047289129814	9.30266088706462
SMAD4	32.2310723143803	25.1748607992898	28.8563871941923	21.1579763625699
SMAD7	21.3815638872015	20.6331665699245	24.2296848830003	14.4050498089372
SMAGP	21.5477826101442	19.533390472629	24.5128619945621	17.4181311531342
SMAP1	19.5086081857597	21.6518031565669	17.0536751933768	16.8182483774304
SMAP2	451.929236902159	361.655665928991	725.279522731822	586.978395465369
SMARCA2	110.04765389061	80.7387924521508	88.299674641326	69.002214758283
SMARCA4	60.5296987726771	42.5762985263011	38.5252677294294	37.3603905050683
SMARCA5	68.7168112228944	61.758988527958	64.591468898715	57.6719496480991
SMARCB1	39.5135678534557	33.6450715269518	47.5147561415553	37.8418541939645
SMARCC2	104.827086248514	92.7306756216051	84.6333784187221	76.7880524188643
SMARCD3	10.8375104250414	14.9627949920215	13.2941105382159	33.0351478959089
SMARCE1	15.6921897670507	15.9489799086953	12.6071217333335	9.74714743127094
SMC2	13.8194972629056	14.6395532524098	10.4298080237447	8.67273316680849
SMC3	58.4882255850415	55.196943546966	46.4740098866116	39.0933907358806
SMC4	27.9967894975341	29.0356986661411	21.7533957774594	17.2455746604105
SMC5	55.2730080267918	56.3433106406071	48.4935886902437	40.1046267111307
SMC6	31.8619276822793	29.1408343847432	53.9424757356296	29.316487594679
SMCHD1	171.052399606656	125.975239500977	182.065715671221	117.161259675793
SMCO4	29.2935093912746	51.4237235478159	50.0753856894653	128.948914924809
SMDT1	85.8865941979891	80.3718711699456	103.69574672175	85.7781159424478
SMG1	44.5855057099428	33.0005805789835	31.0025144916459	24.735733251452
SMIM14	29.3271435531847	33.5635378223568	64.14886529309	46.6401485945961
SMIM20	51.3586939292512	53.0159498760619	53.2438121097595	48.1194196681018
SMIM24	1.35593971640049	1.45072290071085	1.15508756443578	0.676912440025639
SMIM3	23.0577612620634	32.4627734666113	23.8942231648237	54.4074523379386
SMIM5	1.60340800167253	1.10168276535292	1.49459854405571	1.02334071783969
SMN1	17.7308278253157	24.310509087461	15.3150721011028	11.4810158322492
SMNDC1	31.7501032895611	34.3087937464386	30.6902292903559	28.0041937203437
SMPD3	1.98441841478897	1.46968339948586	1.03850147854577	1.01678740904821
SMPDL3A	8.40663777504233	14.9222161136106	14.7242105295208	37.8321561946708
SMURF2	25.7018551593709	26.6188328364622	21.2013931305747	15.7793195473702
SMYD3	36.1513346093217	36.8675863492939	25.703062156353	20.7745033802759
SMYD4	27.7312770008155	22.4508991205755	17.5984867584011	16.0061833920272
SNAP23	82.6124622634032	92.638740287012	87.9511285941528	104.530945844382
SNAP29	31.2535354495257	31.2514088405156	33.5020245270412	41.7003096482166
SNAP47	26.0730084692958	26.0876573683761	23.3800635822353	22.3644143957383
SNCA	5.77961297350152	7.18102840621004	9.63154247692079	14.5156126513411
SND1	132.875167335988	142.744500944577	140.010071204373	177.443012272727
SNED1	7.22706467586051	5.15194320890598	4.906896956064	3.56891953682179
SNN	71.8924995695092	62.4411196480679	117.538757884091	128.572012629967
SNRK	115.061546167314	80.6361493663787	66.8558978309233	61.3595552102959
SNRNP200	186.044012098796	148.944100145342	131.619659873967	116.47050974011
SNRNP25	28.7995051967221	28.7433538338413	53.2633329264509	37.5371869683007
SNRNP70	173.618280625593	92.1076106664705	103.416110260756	86.8482496108617
SNRPB	85.4228364665305	82.4357870791789	99.9796193294342	87.2055937491778
SNRPC	129.416693496053	148.879763580304	143.91078544128	135.842830706945
SNRPD1	25.1489623601355	27.2681829989021	25.2176678366542	22.5811083381034
SNRPD2	381.839974744322	462.467127719161	344.590600756693	311.383065758723
SNRPD3	34.0215409106489	27.2849333858962	28.711285451875	26.5874224439341
SNRPE	50.8951080675715	52.0626174622195	49.9393934562043	46.1967976286551
SNRPF	100.991609597566	92.5255751196938	81.9815276827243	75.6223680753058
SNRPG	110.321957501189	139.849689638831	110.008715829423	93.9242718861068
SNRPN	95.9842125695041	85.5316367457615	63.8990095706192	48.847971527894
SNTA1	6.32094182873746	6.10509765610088	7.02748048250709	3.98095706816465
SNTG2	2.68764810541953	2.39079057691765	2.90911616346437	1.50928119208046
SNURF	8.70079313853402	8.12301693572551	4.7904775476757	3.56952049447096
SNW1	143.447698137537	160.284248885713	135.278166503533	133.999223496458
SNX10	33.9693876770575	47.5501742718517	75.8442331211656	103.273399296616
SNX17	203.243840191649	223.48339782602	246.608733053379	315.129375296256
SNX18	14.2926507922413	14.2371390464493	18.8784353312503	19.2688109842617
SNX2	95.8076974471442	101.85404483197	212.491596905331	166.061093602917
SNX20	93.854885809606	88.1648437525267	78.2112374061444	114.08273914299
SNX22	15.3666133320376	10.4025394797652	48.3817078249922	18.243259871945
SNX27	55.9196642096175	70.0930809917999	64.5258896073963	115.476260805641
SNX29	36.9825462342617	27.1688560655748	61.4362293800572	38.3787925507466
SNX3	209.452966741786	214.180026328857	398.881792353698	353.903772226252
SNX5	67.6863336110162	78.3421505598733	87.3734874824247	74.0318708008283
SNX6	97.7465768555037	118.194300275825	94.4171298996236	105.866559271966
SNX9	38.3666678611381	21.6528681513959	51.6244388867135	26.4863652501807
SOAT2	1.67492706377034	2.10563562792588	0.965253277050586	0.695364326871754
SOBP	1.2826500859867	1.35091480792319	2.56129644828886	1.09712927564835
SOCS1	28.8054883553164	15.2393180232915	30.2822406391055	15.7377088869355
SOCS2	13.5313373663609	9.73104247760112	4.12895518064462	4.38170010204275
SOCS3	111.933102198152	65.7115656323766	68.44490074928	72.3579267881522
SOCS6	2.18243051904182	2.43620148171253	2.0055252713876	4.51527655059175
SOD1	248.530260378505	271.612871923229	193.307061528286	164.840960345696
SOD3	0.676479443428026	0.811706367262862	0.498106590492133	0.364458691738726
SOHLH2	1.21230043579375	1.06424741198365	1.14098277328618	0.644285975955461
SON	222.285958348807	187.799618529304	196.554947147634	162.052641774803
SORBS1	2.19076639435462	2.26458685981573	1.05267742936253	0.944603331535479
SORD	3.0121426552036	3.06347518701866	3.62176163046145	4.15982597751682
SORL1	193.471021779888	153.810474532693	105.407755772338	128.010168379603
SORT1	8.18053078555034	15.0195750022499	14.7815613453285	38.7514319493846
SOS2	37.1081663127689	33.7414410572457	41.6468689123172	39.0316385090557
SOX12	7.89511697067386	4.32135181442523	5.35973294438956	3.56616155918003
SOX13	1.9543504761336	3.80448913740776	1.7792005330494	1.07746082431006
SOX18	0.840126160008043	0.532880657986159	0.659337382836438	0.398947743821493
SOX2	0.15725210271947	0.20679432425749	0.199624019538989	0.0984492128298312
SOX4	14.1404151663116	11.4614262707205	13.8056235275376	17.1203348316831
SOX5	1.94928237423026	1.67001771546993	2.25779146408382	1.14373938330396
SOX8	2.87784025377348	1.43756814389243	1.43903543986863	1.08543156159109
SP100	211.055118831916	219.974156262882	251.54293719922	185.449563557415
SP110	105.817770047155	97.2658252912914	116.921671696483	93.9533750079271
SP140	72.7272629872366	81.2960830172114	108.475537559952	54.2939305699528
SP140L	99.1606709074291	79.5644567433626	89.7277212332002	63.1077710801626
SP3	42.9537563332071	35.4397559788608	41.3154200165361	36.5725464824419
SP4	43.0329694322127	50.0579433398696	32.1982356565396	22.0038427869645
SPAG1	5.24027306794771	6.53329443396338	6.89282657607665	4.64170874791279
SPAG4	5.3753839944497	4.3399225135793	5.56012172334498	3.29640529892914
SPAG7	82.8851667060508	100.098810826513	91.3040721123993	94.3117953338495
SPAG9	19.1114287696629	17.5265868402582	16.9825694227098	15.154229262078
SPARC	3.6140172458718	4.55348481830602	6.80854855834847	9.18992697521335
SPARCL1	1.07366502330568	1.1710329481731	0.841701980318124	0.516302825817944
SPATA13	46.3744994844305	46.7135655922529	20.9852194769383	23.4481626578872
SPATA5	10.8230841434102	10.2106021153786	7.22103872868542	5.43726937268676
SPATA7	4.92990892144755	4.92604266680961	2.69693989051453	3.43617573457863
SPATC1L	9.13258386922772	6.31532152164516	7.9855019575517	8.26190894171727
SPATS2	8.90944706376612	8.04967590778536	8.06691941059171	5.34768516384815
SPCS1	67.6551031872414	85.298176679522	68.4647120783076	66.6482266951537
SPCS2	47.60062708472	71.7572362583379	52.4355793874663	43.9776796270582
SPCS3	98.4735584088885	112.734340417608	88.2153330669727	102.865836430776
SPECC1	8.43336198514259	12.9000754119582	11.3117563052775	21.8108100624897
SPEF2	10.584744786821	12.0859857337649	4.63725002774065	4.34267519036933
SPEN	50.6403780874619	35.472255117238	46.644622031023	34.1703937783969
SPG11	72.9716904847434	70.2167715605791	65.0441286205044	57.8601566122818
SPG21	108.45364778702	131.091405150704	166.216397502001	267.907159072451
SPG7	79.5101351733953	57.8734088342408	52.0167562048772	48.8437407901375
SPI1	58.7341684500124	92.8203833568757	128.922181099448	242.975742130064
SPIB	19.2841875704106	12.6980115710757	65.1845580614095	24.1445813067952
SPICE1	4.9784347641311	3.79444271444861	2.91967337986879	2.64715025507034
SPIDR	61.6655586355045	70.743810414014	69.9188513036791	82.5759867177081
SPINK2	8.77669703026886	6.59374107471978	6.41164302817362	4.01609469181713
SPINT2	24.1771421401126	18.7857237377371	32.4786537945625	34.0637414511034
SPIRE1	1.93594762330724	2.0571933630827	1.05711045238789	1.29606724041709
SPN	64.0173808969374	54.0599643613402	26.8786585975736	39.9067287106827
SPNS3	7.47975776082334	10.1712763010284	5.88360809097137	9.54967466016464
SPOCK2	313.051273195009	198.581614226833	131.422353699094	110.122104381978
SPON2	25.8706517385982	47.4808161295014	19.1180976079013	13.021885968917
SPOP	104.22399141308	107.010451851171	96.7722861259032	102.397354173145
SPOPL	12.5348348915393	13.205124606562	23.0651459172218	21.6104886102121
SPP1	5.43707383354177	5.58322415093235	11.0563188485243	4.63502526334203
SPRED2	1.84837142598338	1.71740562313297	1.78186007250406	1.69942428446931
SPRR3	4.22853282102356	1.94264466574157	1.16317710253211	1.29077210084832
SPRY1	9.60383948786825	10.3813889053907	19.8624880732899	8.57154263525315
SPRY2	1.57314957612725	2.40977615483366	2.93299106116384	1.52309211979425
SPSB3	1.92046727807602	1.5459474833001	1.45360792695051	1.4706194414077
SPTAN1	143.633559369881	102.594563879698	79.8762815651658	66.6611584853426
SPTBN1	148.274469561536	79.5810976272881	80.9108214831383	60.4508702226053
SPTLC1	49.2742289719278	54.0820037127711	44.5868576953257	55.6462877182518
SPTLC2	28.8166922733132	33.8804076961285	43.3018674457549	63.3723090921194
SPTY2D1	22.0318910590775	22.9729727647762	19.2339032134515	18.9756253922853
SQSTM1	134.192495294981	137.564703417605	179.581275716685	208.026320018103
SRA1	57.6055233061986	70.5079204491066	65.4044908039395	85.8549100858091
SRGAP3	3.80338272709094	2.87261579493055	1.77066508628305	2.04076743727865
SRGN	897.012745333598	1691.90924598906	1111.30398299464	2309.85841006471
SRI	85.5075110741416	116.152739152286	96.9055323695609	96.26620040673
SRM	67.8395676055887	52.793468047902	85.427579790448	72.8436183272916
SRP14	529.706762373927	649.129693283077	535.307592654904	529.796468091262
SRP54	31.0383657972858	37.6088735053832	28.3356319791615	30.4096529504025
SRP9	319.143308994989	401.753898642819	282.315662448299	292.14451528356
SRPK2	77.2217067846276	81.8824211805924	72.3665921474567	61.1166127701765
SRPRB	46.6894909558662	58.754604922139	37.1271067379868	36.2242039739661
SRRM1	230.16177888102	231.846362841175	174.656963543038	161.94548919924
SRRM2	332.044490219734	204.092255905172	235.12141991106	197.515266689479
SRRT	135.3439956814	126.56333279137	103.216718125693	93.818098753742
SRSF1	41.5752594615869	37.394193610511	31.8674946544026	37.3067381204785
SRSF10	99.1951410905266	93.482420604496	87.1021968020887	69.1195160012757
SRSF11	301.218436999974	263.295303083848	203.225714303161	174.425437111317
SRSF2	268.095721823457	254.833971262761	194.143723107436	197.382800396006
SRSF3	340.603178585922	399.001659628778	331.2789580478	274.162816598718
SRSF5	943.188765804634	803.573464487912	710.253004736148	698.371579846341
SRSF7	505.806896662704	655.318579095271	442.655346397642	348.775584143861
SRSF8	64.2526939743046	50.6052156328313	61.0959607085975	40.6288149958005
SS18L2	33.9230012700234	51.0491955613725	35.9942387500828	32.6686775584015
SSB	121.798662939051	156.499197710978	101.033916491583	96.2674974019377
SSBP1	100.690644226318	96.6177890632902	82.1972992645047	81.6192032066544
SSBP2	28.731738583347	19.3667138944892	28.3530744863376	23.3637242614567
SSBP4	40.6157867290567	35.4478995207768	37.0529403412552	37.0162051446388
SSH1	10.836620903936	9.7325170434259	9.80711429731534	9.69854096071136
SSH2	59.7236675925766	45.8155806746935	54.6523626012558	56.2035042053666
SSNA1	69.9372442091269	77.4529672924523	90.435644143088	87.5540127606044
SSPN	1.24478459024398	1.08092727366335	1.83552729150163	0.850148442001616
SSR1	78.9962371043001	94.4573733827325	78.5714856025978	98.6621705528206
SSR2	96.9451826868014	100.627345503681	81.4884039582757	94.1504041403371
SSR3	55.0948619895888	64.367157026826	54.128417483255	69.5269390599316
SSRP1	29.5254189765507	21.4305376579881	21.8779469371367	17.9833272898142
SST	0.292214059968969	0.465554482538361	0.153366065199965	0.119331076005461
SSTR2	1.08039184788048	0.907817800297738	0.835493337211517	0.549116319165941
SSTR3	11.8831999923612	4.92817375045078	3.29351122116063	3.61164900143521
ST13	153.143959536735	149.851238231056	122.283342377553	105.381589474474
ST3GAL1	105.84246236309	82.5093405128794	77.8270299038714	64.4319428471445
ST3GAL2	14.2562799493813	11.3327980060493	13.8062116756503	12.8639665431225
ST3GAL4	6.19752423108314	8.72889693066742	5.40816713114537	8.77774847707616
ST3GAL5	25.6181119346067	23.8173855266517	21.501951510663	19.8096829575989
ST6GAL1	235.601140401476	151.544192899445	263.092784243048	151.079693730163
ST6GALNAC4	35.6121418180106	30.2803945461779	45.1820565968534	30.820376379404
ST8SIA1	3.70249835222486	4.61973269706135	1.684075260428	1.40509433361558
ST8SIA4	31.4673047359989	43.0732189508245	40.5770912345622	51.6925445274786
STAB1	8.08458231894762	15.524106904808	16.1605462117456	40.4641875576243
STAC3	7.16138297195333	7.62982280265173	7.51441249516621	13.2894239596326
STAG1	37.4215536781285	33.1240571489879	31.2705812658579	24.6020542116332
STAG3	5.97019529072346	5.09443210502737	8.37577931264598	3.99542370847314
STAM	25.4406544540131	24.6891840473383	21.4856221904303	19.8055210941385
STAMBPL1	25.7757931730322	22.0472673320945	14.117354993042	10.6132702235556
STAP1	51.0543065345591	32.8226073310413	150.128878158528	57.2364082609353
STARD10	8.532350371314	7.50798772598597	14.5500782244436	10.3049533155978
STARD3NL	28.0871538797936	38.4420756826121	37.4448869565684	46.4919302548672
STARD4	23.019800925535	24.6919560044511	18.9854050554845	15.1669659933426
STARD5	2.41746708052495	1.58241658139728	1.87990397496771	1.42634340124566
STARD7	134.615276694475	148.695345369282	180.729753985362	174.938968691955
STAT1	224.440728893251	219.667220402778	183.157552756225	255.288250244555
STAT2	92.4286113799724	98.8865019720033	106.82429091374	133.085393599877
STAT3	183.423807653612	179.72228102246	158.435427127112	190.08869208801
STAT4	180.226341470265	239.003668042352	83.7792024875158	69.3758358753683
STAT5A	85.0357902163893	61.1314122087583	68.0253537861259	74.5013443805352
STAT5B	94.498501243928	68.3271594565905	52.6555865566793	53.959538092273
STAT6	230.371488931119	192.135887743262	249.395857145015	263.225378165959
STAU1	83.8874528809559	82.9412755346958	78.5052159563627	76.0385566037582
STEAP1B	3.62075986327495	3.09760072315375	8.54157158604082	3.43204500939745
STEAP4	3.20466310179847	5.50350491569149	5.15824496913566	12.9500693391109
STIP1	118.207794444263	152.697673476555	104.2665477897	107.481138348609
STK10	184.075477762837	163.932584826074	139.815629980011	160.32044174849
STK17A	136.971291480573	104.566820295957	143.68816284529	79.8103828707767
STK17B	531.178763579966	592.739482642306	421.572040144847	420.755435925444
STK24	20.0712324662281	14.9151872299081	21.0237067981753	19.8791725453779
STK33	2.19976013948038	2.35451709498306	2.99414059092365	1.44987575090271
STK38	214.687872185156	205.487987117287	142.248857991305	186.918439600221
STK39	23.7802082992465	19.4998279575412	12.1987950512171	11.8258849769841
STK4	226.239324500875	219.742804377264	164.484104508839	149.113408760986
STK40	41.4361407672048	35.8149211021532	59.8865189678166	54.5656002825071
STMN1	60.6016349145569	63.2268099132975	47.3424132172067	30.423668728669
STMN2	0.875802373729049	0.895011818947667	0.337584608841387	0.307745111232816
STMN3	76.5002822203676	40.9686096354012	26.4599598549191	25.3460071016175
STOM	113.985802891528	244.983801494253	100.600954607976	109.22647854656
STOML2	102.482858276868	103.681155631439	101.171334323074	97.1886137195972
STRADB	33.1136170903255	24.091007090065	50.999190150072	32.8603469233413
STRBP	34.0635965346185	24.2479592985537	75.5767236936522	31.5230839044242
STRN4	42.0272888692733	34.0561177049034	46.2432020593666	52.7458769303198
STT3A	59.2029152112304	70.122053591524	50.8898128111548	58.9190909670216
STT3B	122.490605936269	100.091237624827	104.845354274506	110.216136885697
STUB1	35.030892198231	26.0685428108065	39.513194396895	33.5242380906323
STX10	110.978202809769	120.614735825241	121.66833131477	190.559590927199
STX11	42.5492272698936	79.9925141012255	78.549058408768	194.662028651258
STX16	102.995870013233	72.978464757314	60.3357870782302	67.6642387370521
STX18	25.9757357986562	27.4725265939708	23.5621727737527	26.4642007573754
STX3	8.71945787254833	10.2013706390425	10.7937080277258	18.4674557047161
STX7	19.0070992086861	19.2648079485882	43.4382537740455	31.3086792153626
STXBP2	23.7017121690204	25.0344445367479	25.3989930086017	37.7020698179192
STXBP3	116.426827318661	147.281646814528	104.831427373012	115.274409545836
STXBP5	20.328234699241	18.2386943141914	13.9500079529927	11.8935447804373
STXBP6	1.48362675997617	1.49093620206556	0.803387151768285	0.636152305043561
STYK1	2.38628533994726	3.86473636425033	1.35909692695133	1.0180169521077
SUB1	116.160259599378	129.870310666867	105.570823401033	103.651677324411
SUCLA2	35.1254944286858	41.2928361026112	29.568344222988	35.9850184401454
SUCO	33.1813832074813	27.9562052887818	30.7260968423185	23.0932624004828
SUGCT	4.28358776770555	2.80302717409421	1.54797286361156	1.51687895780225
SUGT1	15.577720223374	16.5184137748144	13.0229145322269	12.130247025429
SULF2	29.2914653995055	48.6569321494477	50.5809449452871	121.061513535554
SULT1A1	0.343108613286256	0.439341838671266	0.222858982034906	0.341701692788265
SULT1B1	14.2212711522352	7.70942446645229	5.12607957939361	10.4271483241329
SULT1C2	0.847069053006421	0.929323668412833	0.443605888533348	0.33535288840261
SUMF2	144.818446751217	140.296132466513	115.629582409838	118.299578402503
SUMO1	169.299149915092	252.311753168928	179.691754794555	191.81414979846
SUMO2	86.5151083061441	105.111525371019	82.805224643064	77.5530696429481
SUMO3	114.465486016285	117.439324014308	114.760239891076	140.913276714278
SUN2	260.697992633663	181.842575860601	174.780306687783	162.996967602576
SUPT20H	73.3007905225822	65.3809919022532	51.8062697185788	53.0265418871088
SUPT3H	15.2947502980745	13.8759673815335	7.86413887005882	6.66308637770494
SUPT5H	139.632974657544	105.399131841132	110.781591909889	97.9230617424227
SUPT7L	51.1918451088676	49.6713068370702	36.0141345345856	36.4891679814573
SURF4	123.575122584608	145.550315523209	121.35093372022	163.839629360855
SUSD1	15.8988400646124	21.756121149502	21.2510428147586	36.6499996317291
SUSD2	1.15711108822123	0.971613735568015	1.01164099355775	0.625965995963057
SUSD3	161.146726395576	101.069615558728	82.007460009797	73.8269101428429
SUSD6	64.6255615326111	71.4664040519754	70.3896347711845	79.9181091267428
SUZ12	38.5347576954096	34.1014725425135	42.0502191921851	27.5337747097428
SV2A	3.45586923506692	3.43369857911093	1.42934165237114	1.26274538741555
SVIL	24.6529502529877	16.1590289030018	8.53115178565132	13.7957351881007
SVIP	31.5018780110095	25.3283936710667	26.1133450581717	15.9791320883138
SVOPL	0.854666455934821	0.835367493492481	0.355719736069899	0.318080590498118
SWAP70	65.570704177272	48.9490918844195	212.9457270633	93.3851749560491
SYF2	142.8967962736	146.268246626337	138.386455659834	128.007169489689
SYK	75.7077383017304	93.1255618569831	209.663095753599	231.909748019729
SYNE1	40.9871340027703	48.0055829236824	26.0331418484056	19.9572047201451
SYNE2	62.6253127684115	84.4760653918484	39.2306545904695	27.1245462385513
SYNGAP1	24.0926808207111	10.9524678973621	8.02059839007136	7.91051739523532
SYNGR2	163.848015600782	165.696145843344	333.626520130307	302.177775921517
SYNGR3	2.78651050909884	2.89911211376257	5.91332082461427	2.55307047119126
SYNJ1	14.1876264980676	12.4027251919607	7.4397842067688	10.4186375192608
SYNPO	2.4290842231274	1.72198417590099	4.82325705827186	2.02491638563727
SYNRG	67.9343801598313	52.5723377540757	45.9654818191508	34.8475138429503
SYPL1	165.018593022489	142.833036811235	244.68719376759	181.625959207182
SYS1	56.3034426046725	52.1750508099267	49.0841412740177	44.0599572291673
SYT17	1.61950817149918	1.3226455176	3.9271932509778	1.67721779530673
SYTL1	177.029522717473	121.925110732366	126.159997095571	97.9064147136804
SYTL2	25.054551762492	37.4521657653461	12.3136418623794	10.0674162705668
SYTL3	98.8081744258985	161.396939030148	61.4202708746614	62.1472716666035
SYVN1	28.1541689825972	20.0116407505567	35.9977120496196	22.2069301920418
TAB2	76.4019140132159	54.9856555056851	50.0131593005292	42.6318217022133
TACC1	57.85874156891	59.5737594970287	62.5880290738951	60.3677735425532
TACC3	149.282283963872	106.13189189562	86.8539972988885	132.548949395563
TACO1	4.08996494455852	2.73556786827608	2.8726415609954	2.70385451900072
TACSTD2	1.03556743497172	1.42911326417888	1.58179603442421	2.66321055217904
TADA3	76.1794927978879	72.2242588140768	76.4139918436752	86.6182904588955
TAF12	30.5423196114983	38.4208793147387	30.561462683344	34.5320840465193
TAF13	11.8158167901656	16.5977052693666	11.5613726307519	11.1611673320262
TAF1B	28.1125395746482	33.6285323159347	24.7028249570126	25.1142549717328
TAF1D	81.0079870523715	76.4220839817141	77.8981432954495	51.3644530962026
TAF7	317.710676757805	310.642062130927	293.509147913495	222.00704376113
TAGAP	277.94865330096	231.682964346598	378.888436480411	260.583557863103
TAGLN	10.5611795788928	7.47718645625645	12.0522967557071	7.92209200071037
TAGLN2	663.454815811776	723.368295851898	945.965395978116	993.089083423405
TAL1	0.49685213116844	0.521960195210048	0.683670176611743	0.365106577862824
TAL2	1.0368488667527	0.883035187092582	1.12830056626664	0.579846684630395
TALDO1	326.142343253624	513.448949175347	505.880034417657	1117.4212013316
TANK	145.579928503151	185.903197518461	210.854611948535	202.326374809198
TAOK1	26.1000127002633	22.4065699477128	20.4626457233324	18.3126885770642
TAOK3	108.258896584182	111.033567996597	94.3559515930673	99.4664505066003
TAP1	234.578901149044	245.902745935966	241.819622150062	259.831788160992
TAPBP	296.718815957929	279.380417224198	348.202278523233	322.886707706625
TAPT1	37.7154428701457	25.4642554981672	70.7425879582479	34.8685652778135
TARDBP	152.270477790256	131.531051847277	110.253070159823	102.833492143651
TAS1R3	2.31823418823134	1.42904626901903	1.69883567148121	1.11813919263801
TASP1	36.7476238751246	35.5462296853984	32.9009887657255	24.1659177168198
TATDN3	27.2810104402245	34.676842858215	36.9454571785444	34.1528485545836
TAX1BP1	159.138149587237	211.05455272486	148.482707514458	162.404404054056
TAX1BP3	2.78551040881389	2.86161250206504	3.49587084526237	4.73869666594038
TBC1D1	30.6743619104311	24.8706224220559	45.7893102795235	34.6108625703803
TBC1D10C	237.799213898212	156.954820908549	172.79822603312	125.678547129747
TBC1D22A	48.5350842313958	41.7264173964463	65.5164652853941	53.4682640174967
TBC1D2B	31.7065000806388	26.2702295848067	16.7581583397682	20.4341211763955
TBC1D31	22.6464694150974	24.0283573495512	12.4240998699385	11.573269448788
TBC1D32	10.3176766945243	8.40269821464457	6.25849745272077	4.77554579720734
TBC1D3C	0.0055840068822888	0.011850733339874	0.00754368403920209	0.00375076883471168
TBC1D4	52.4616729371154	26.3781389601935	12.7740346910687	17.8272740326557
TBC1D5	33.4267733290936	34.0060509212706	47.1340921357971	38.8162601491412
TBC1D8	11.9017727553704	15.0511381015394	14.1179247321139	30.9398551411908
TBC1D9	16.2052184008872	16.322276881335	48.0744847171523	37.2421782998132
TBCA	38.7219104680563	41.9892545359196	33.0356622242812	32.3554036323624
TBCB	156.199954843153	186.042359848219	163.587103224787	181.561856563958
TBCC	157.880454006522	172.796384619695	132.077818705727	113.177216000838
TBCD	35.2362636915836	38.3659626255347	23.5332656740045	23.6875871794969
TBK1	27.1077611137588	44.2563172310737	34.1824882310293	35.4878690611411
TBL1XR1	84.449494247997	122.976109325273	70.0792765522944	54.2632927812867
TBX21	13.3200106380283	28.0509889715772	12.4421714839982	7.27970774615718
TBX3	0.408789568365059	0.462815124679182	0.738573280038301	0.330107393017058
TBXA2R	6.52490473004677	4.31181816198258	10.473233943246	4.67533351612612
TBXAS1	62.2368886642837	116.683312305615	115.476711143753	298.910071326437
TC2N	223.303743750944	276.224698002443	95.949643795695	82.8042240953823
TCAF2	9.84600933368383	7.90609714049022	6.33654560847374	4.35260542706606
TCEA1	79.1109482538297	86.3413135450419	85.0548876645677	67.9903607150588
TCEA3	62.6138486310158	25.5882960051535	12.7151762858751	18.2027536059338
TCERG1	91.6176734646944	75.5454682548032	75.9125753315476	64.490876098008
TCERG1L	0.523701573379188	0.740274482200789	0.581804415965721	0.308064750582255
TCF19	15.4310027723139	14.0350667849719	14.4489723359305	8.73078956340503
TCF25	168.558660538793	159.535160435022	148.148365540346	165.432311722033
TCF3	48.8739647847018	28.6910453805985	74.7214831415114	37.0606269146279
TCF4	26.5492446097235	19.5311695310864	76.235393426971	34.127688953705
TCF7	501.979668015025	239.729430846832	111.091506694843	144.752965191053
TCF7L2	6.8404808515492	10.2109125809582	7.04335933319876	10.9830425432989
TCIRG1	201.76351763277	198.892790080406	225.386010082738	309.232604337087
TCL1A	339.14680635777	224.4855064639	1217.92862865767	444.463095119273
TCL1B	0.747886212556486	0.566265899753679	2.3064453736011	0.867294842030687
TCN1	2.0024424606743	1.90030530757617	3.37660950064004	1.62226535509109
TCOF1	68.431213886051	59.8581332568784	75.0939157959919	70.6254600141622
TCP1	207.752401203776	238.9258360021	184.503859654387	176.925371338119
TCTN1	17.4064736924157	12.9100367482965	33.8187866844523	16.6802209862905
TCTN2	9.33204418176903	7.82205381597826	5.68968256242206	4.05039759348153
TDP1	44.8009232371633	38.6309419802681	34.2379248130606	26.692932452084
TDP2	63.1850232502993	69.6266833880654	49.5599765232263	47.7469836967186
TECR	126.333121539768	119.702527163926	76.0214714755464	72.8097653646954
TEF	5.2450167497355	3.79137158015027	3.40509272209547	3.13470175979354
TEFM	17.3164666643971	20.9109793730477	16.6040600465192	14.2069303698479
TEK	1.48799131497414	1.30953973796942	0.922353307884001	0.622728349719192
TEKT1	1.12762924491642	1.0572450634883	0.455935058693826	0.414462768164656
TELO2	38.7567136500284	29.1883875791032	41.492283107352	37.5463745335716
TERF1	33.202846036867	38.0701652619092	30.5242135462268	22.3151257991881
TERF2	38.980068693433	36.805986611223	35.0743800133572	27.1143516536115
TERF2IP	171.303906204842	147.555599503398	154.272212897435	127.027609535692
TES	218.922720665377	239.167794456639	188.055062252721	199.095710806475
TESC	15.7410763225156	28.8064147449142	26.4055399543802	61.9031468876635
TESPA1	152.300148050927	86.7886131352606	43.592305158177	47.5728807282478
TET2	25.5774819670252	31.63843273014	33.307192547428	44.2694143339382
TEX2	16.4616101731745	12.765650680794	12.1791402311034	13.7891857415945
TEX264	43.2059822046427	42.5454908593043	41.1658380017659	43.6830974976801
TEX30	13.1306492698929	15.934084156766	13.2454379051059	10.8111148914274
TEX9	1.82733853539075	1.45627863977877	1.19200977409705	0.806927525944887
TFAP4	5.15805235698868	3.01716194401339	3.30611434757996	2.36331046216133
TFDP1	40.5484477764352	36.646950229833	40.8208498908849	47.9670168968743
TFDP2	15.1295172953677	11.9890710090102	10.4370474715297	7.20197924914132
TFEB	26.7199573788699	27.3457669225068	67.625585600052	54.7044814272046
TFEC	4.98685122846207	8.92132112340119	10.1911806810975	22.9620581649568
TFG	39.0006159921235	37.7104940433737	38.725615564826	39.9169801375297
TFRC	42.9708843348877	42.653520810576	47.4842727190752	33.9593824888054
TGFA	3.97557302974635	4.25965291031913	2.00390311747634	3.03680107261716
TGFB1	122.763398321621	80.0541780709341	108.033728200439	89.6249346628467
TGFB2	1.00077852595013	0.80482411891174	0.998066964995231	0.558376856747168
TGFB3	5.9441295575515	4.66167933301898	3.09735878937808	2.39730441533397
TGFBI	64.6625659011776	123.850612895678	124.560506238341	330.261763249511
TGFBR2	185.076545912383	117.148979871259	152.057543487068	123.157687753955
TGFBR3	30.4894617512067	59.3146328695579	19.3289666054815	13.8484785183384
TGIF1	37.096435123369	44.3514534491108	51.6966517330452	35.7831465802575
TGM2	1.27111790065808	1.86108762316023	1.99137818920093	3.07553609222603
TGM3	0.0400846259980082	0.0460496341722042	0.0201791289603537	0.0156459515129264
TGS1	31.0839289443132	27.7888227518955	24.659049343802	20.1181325742193
THADA	35.7944245450703	29.3000158828764	29.1812444282863	24.3290082429633
THAP2	9.97903106740011	10.5901347822851	11.248541286855	11.7587123420904
THAP7	59.9336084149268	44.9203388779319	48.4429769322328	39.9619299717638
THBD	2.06179845230174	3.1577605095809	3.23954216365774	7.34707309271131
THBS1	7.832341667497	13.1709036167587	10.9898830504648	23.1509855041116
THBS4	4.26645413848508	3.25436554415716	1.73169361801217	1.68222337785942
THEM4	53.4924918354168	38.568317168208	17.6821116936885	18.4716355884035
THEMIS	106.463643527237	126.204231841281	43.5721476097656	38.6348729425898
THEMIS2	133.695007608905	182.248987194808	185.1802310553	378.145723171736
THOC3	27.2965223018584	21.00065640589	21.2425254563647	17.5178612135956
THOC5	30.3507503250248	27.6021948656848	25.2960822911708	26.6073025149249
THOC7	95.5920483557578	106.060493633868	89.3934061277191	108.818493912555
THRAP3	210.259831453535	250.407311964437	214.419002383583	164.697196140438
THUMPD1	126.303080144065	141.577111420862	103.306252883554	86.8713253367834
THY1	0.495711874548544	0.69529237847241	0.265733870453387	0.215120149778088
THYN1	124.160186442413	140.823191140952	84.8492508969482	88.5619058589223
TIAM1	40.6157266736687	26.6434659918922	16.9313517584366	33.8736842259227
TICAM1	21.8061149819794	19.5490380296526	28.5438366812332	31.8812282759313
TIFA	20.4382161779225	22.9116703742342	31.7722139200149	20.0062548069273
TIGIT	38.340621750724	72.3476321597561	23.7633532384443	17.0942020920449
TIMD4	11.9375906538861	8.2198732596155	3.44684773093298	3.74498398143854
TIMM10	52.6329070326426	53.7165586939971	60.4437250495595	55.9018596498404
TIMM13	38.1298256646658	39.9087547048475	39.4041360366919	49.7889855368155
TIMM8B	36.4447520927541	48.2041928004366	37.3996148815979	54.5786097113487
TIMM9	39.9262501459023	38.1359822884979	36.4396047787514	31.3398368467086
TIMP2	7.2042552891287	7.51636157323717	8.3900221678624	15.7152685011126
TIMP3	1.4329061561718	1.18586574556297	1.88101159249769	0.961185910798775
TINAGL1	0.407809998416189	0.563226935874803	0.813212812732557	0.370822781492847
TINF2	99.4751544032449	98.5026225506529	121.607710457342	106.91637077991
TIPARP	31.8089360744729	41.9577359650739	34.9943941289248	28.445711018003
TIPIN	9.51649430728877	8.95593713245302	8.57810193043052	7.00184287647619
TK1	7.39805664340613	8.32577101137059	13.0870354210924	7.11700600733792
TKT	87.8199714755468	125.592002426896	125.806854808253	287.365501902879
TLCD2	0.786523046748395	1.06426026913836	1.07095993027229	0.560998923042692
TLDC2	8.03712604325987	5.20240710002656	3.02007231016236	3.63999481906001
TLE1	20.9955376735654	16.3929995645127	69.8001884694303	26.3018509832355
TLE3	46.4375492147703	44.5084625854651	37.973729428307	37.3412282854039
TLE4	43.5746343866707	40.7889148847576	41.3604701130377	43.2604234352944
TLK1	139.076732135441	153.179318202288	109.698920814679	85.0359773545185
TLN1	147.984843334871	132.47307213532	154.89696896742	191.814801558892
TLR1	34.3900531838767	42.6172688644318	59.6891654078484	78.3513629300327
TLR10	15.7499475674295	10.8367128450627	50.8824803626973	19.8250621053658
TLR2	31.6472336272762	59.1470993191804	60.6260432165545	157.108828144872
TLR3	1.51024119297489	2.41742847259935	0.825105740035127	0.627545479789378
TLR4	11.6725404291159	22.6079615385915	23.5233302803943	61.114086744443
TLR6	4.07128064939451	5.03299276512553	9.58295651616283	10.2319566130641
TLR9	0.160957882398748	0.10301526837877	0.54084405676087	0.199595556926949
TM2D3	50.1851022301854	48.7307128402156	44.8715679150776	37.0650873660624
TM4SF1	0.62074578487741	0.558581571258581	1.61348754548542	0.658602974449088
TM4SF19	1.41345514435816	2.61242723511056	1.20647693203149	0.879202328780324
TM6SF1	8.30445704482566	14.8401763348575	14.0468145602559	35.022035994577
TM7SF3	26.7381370623618	25.3991629494901	30.5379434856048	33.920330854747
TM9SF2	148.860430893688	195.543252868252	181.469405966747	267.231425300279
TMA16	24.3386695798467	26.497100119453	29.3280966979022	24.8296757018972
TMA7	163.34000796322	213.174504268172	123.636817047057	111.675618799814
TMBIM1	139.133122538581	153.796131611732	157.997294866281	191.143261136378
TMBIM4	41.8890592911011	46.582698682117	43.8845785630627	47.1385013034574
TMBIM6	843.912664192687	1082.01622139593	941.604173328122	1101.44517125661
TMC6	169.720372242542	106.920721218029	96.6306263790833	83.6083515126041
TMC8	445.43573317548	237.772713317933	182.982947140471	169.993647431001
TMCC3	6.10125691588505	9.52610879793737	11.1615247996074	10.8612698632651
TMCO1	54.0051314208441	67.5478226534579	49.3331413176423	61.3655262876081
TMED1	12.1382791012198	14.5547716280418	15.6893364660202	20.3798440665884
TMED10	179.02553173559	202.552226800912	164.547598683953	176.007946045673
TMED2	227.528166905021	295.565536614764	237.021449021354	292.227303076794
TMED3	6.72036396624856	6.31493649166162	5.87661930875307	6.39445930772155
TMED4	211.665714331811	249.499967985725	160.385662730971	148.330957033059
TMED9	97.1327698767295	133.499032457035	105.124889320571	155.48068612992
TMEM106B	23.295537137255	19.315009210923	15.3203349801408	13.3399915559404
TMEM106C	70.2097500778465	75.7233808728563	52.6511949610306	39.0421453362327
TMEM109	144.968716255974	148.440859176671	159.41275415667	148.627966859851
TMEM11	39.8293456439217	47.0152609038354	50.1737540328189	58.4706377076909
TMEM119	0.945061197112953	1.11466561927566	1.03216103030576	0.81068196075129
TMEM120B	5.88184321305162	4.36497567459317	3.47971498542395	2.60857680987024
TMEM123	501.361010586056	358.14746702899	479.706144552842	415.734360335266
TMEM131	33.4702078355011	26.6081244659676	39.512272075287	31.1230910964111
TMEM134	34.6968196134429	28.3597210651993	37.7477753547712	25.790301957724
TMEM140	42.9207674380678	48.6512107429327	45.9388597906912	43.3100533526552
TMEM14A	29.3968177559544	43.5558360334609	23.2898962868184	14.6278349338399
TMEM14B	80.083935658062	93.9008738388903	70.1891527473067	73.2301255761636
TMEM14C	74.9959802234131	94.7488815635841	81.9647158777183	105.437406363463
TMEM151B	0.315264632130774	0.408072942415141	0.420446104383627	0.211332173348354
TMEM154	34.2340348092699	38.8065414282341	57.1409115044796	59.6633081102835
TMEM156	39.3923283358614	42.2253994483911	65.2705057373421	29.4808796728729
TMEM160	48.673086339484	40.9460263110195	62.4124714335131	57.5803436765099
TMEM167A	52.1393414823645	63.548530819881	62.1835149409322	105.41771227588
TMEM170A	31.67353581924	36.3873200754546	30.1765570776329	25.6267440145259
TMEM170B	5.94264012522895	9.0937047224135	9.50352653354882	21.768740949709
TMEM174	0.141212082157822	0.337667857907828	0.101823330903811	0.0689717487930889
TMEM175	75.3828276511644	62.1886904610566	69.8713034708618	65.9813857903053
TMEM176B	59.410774035755	115.862929987718	118.794912066476	313.717040303076
TMEM181	23.5844550760889	26.3723701274267	14.3399678328173	14.9586168816008
TMEM182	5.27792759760815	4.6943837588249	4.0455090667853	2.53371344183695
TMEM19	20.7194833836815	18.6901913586316	31.7401052730668	20.2983648174169
TMEM204	97.1800963491762	55.0734421245715	30.5034177583588	31.3890851822276
TMEM208	42.8485513119205	50.2987032018562	44.0582320763524	50.9137285856294
TMEM230	190.449250868182	217.874527613293	189.924267599769	216.209248635866
TMEM233	0.93791437332351	0.916380295793999	0.40858546110517	0.354455609413963
TMEM238	9.93316276879976	4.76743614482892	5.9708090957718	4.6389924068889
TMEM241	8.50762878142356	8.08628401426106	13.6264825685404	8.1010872131414
TMEM243	218.289327602587	177.692168660148	215.492603671849	147.415503900063
TMEM256	37.6778743248905	35.3202203552063	32.7605585913099	38.3372610999176
TMEM258	60.7945700466998	74.4040350478996	58.9403125816748	63.4980291522663
TMEM259	166.585958753317	100.268930451096	120.23171091956	96.3917249223885
TMEM263	39.0476417178584	25.2903595487712	30.0941216439858	19.489505419777
TMEM30A	99.6704580906481	103.906198883887	94.5965102300219	137.338605095147
TMEM33	37.6726608384935	55.0814462015678	37.7434229141871	51.483914101182
TMEM39B	27.3575967618771	24.8099011887191	21.4364850675316	28.6325090861274
TMEM45B	13.6865412273952	7.80541447462025	4.37602157691143	4.79892845841399
TMEM50A	161.344738777424	224.2760681403	176.32677800205	238.121841468985
TMEM59	94.8007907652911	134.177898276074	101.483475034708	136.98435167599
TMEM63A	196.013105060562	114.132994015222	83.3702174177516	81.042251731659
TMEM91	11.8339267152847	12.6849586940483	9.84546700547441	18.0451034323906
TMF1	49.2465271213859	51.9341662699706	54.1015161589256	41.2368987196671
TMIGD2	67.7931690604513	40.2939895501176	17.1280466205762	20.4457806059609
TMOD1	1.83546305824996	1.80003032582027	1.97285397385103	1.42009692254102
TMOD3	35.3026587427685	39.6705076072119	30.6418408703401	35.7962807129191
TMPRSS11E	2.26089209487939	2.82150168578187	1.15221916709843	0.892561999561426
TMPRSS3	3.08360452045135	4.17263913658139	1.52877380674499	1.34904089224814
TMSB10	4612.74942125791	4721.52252350023	4311.52384009717	5803.77094141719
TMUB2	89.1398677789684	88.190502575156	96.0976983898764	105.355014438058
TMX4	47.7179951417456	56.3397730380373	58.8306590314598	55.946417547901
TNF	109.700058790159	229.58501260035	152.300371614047	271.157439569511
TNFAIP2	30.6245436135581	58.6225321261722	61.199912890103	158.415125560398
TNFAIP3	501.292927621494	552.7416737442	404.028028028911	560.258541106572
TNFAIP6	4.89007453888082	7.63923000787597	7.30873545115712	17.8117685289394
TNFAIP8	101.786023089016	92.2359362338854	90.3340337963782	71.1971537882426
TNFRSF10B	52.987972291795	47.3865641574165	53.3313468975621	77.74659982902
TNFRSF10C	4.28948205502026	7.72203904052407	7.53681398773059	18.9395179022956
TNFRSF12A	1.32589556427918	2.28258869915032	1.78306270537433	2.14354046011441
TNFRSF13B	6.75472010451861	4.94576870408459	21.2569041693055	7.96450143276733
TNFRSF13C	84.4102005844677	62.6129881146686	266.025341325618	99.6195220841115
TNFRSF14	115.157365039971	85.6733957624041	87.1301684129191	97.2479886128711
TNFRSF17	6.16383626881686	4.32049740166354	16.8106550017972	6.52529097977348
TNFRSF18	6.76656002380625	5.92431177710718	9.84010275697076	4.53650999865672
TNFRSF1A	64.4832877044693	84.5429315350826	65.3333420451635	151.825279109063
TNFRSF1B	188.568438028661	304.2178034174	291.748634388611	622.16710690824
TNFRSF21	2.40887502291961	1.91733493417637	3.64976302951239	2.45117862130727
TNFRSF25	135.562703500355	95.4454490837985	37.7435918896811	42.2737902447941
TNFRSF4	6.86837441588212	3.89396151004981	2.39493575881522	2.29726406993382
TNFRSF8	4.10750573074395	7.43929368074248	7.14669574909976	18.0548352723242
TNFRSF9	4.14993929160821	8.50310481174997	3.33557089251178	3.18723671887029
TNFSF10	123.814593740956	177.171560887587	167.480236646897	365.002897191157
TNFSF11	1.4729137764401	1.3975071200609	1.19417397954985	0.708438345010436
TNFSF12	24.9553309960689	20.0812602236811	21.8431960641737	22.5291157031447
TNFSF13	13.6036224584477	23.1821124587681	28.1971892362339	61.4259764217497
TNFSF13B	55.2930156977006	89.2550439317265	73.9112888916005	174.196743565888
TNFSF14	9.67052599428301	20.8575906086088	7.95997016024435	7.63088699544844
TNFSF15	2.02849080237489	1.60244339918333	0.824353350304221	1.11490684261555
TNFSF18	1.84232952620427	1.43512931220182	0.75714958830029	0.723659126083017
TNFSF4	4.00349496805921	3.61286198229547	3.03416282164374	1.94221569496514
TNFSF8	89.011970695232	77.7558975631921	50.1779171598561	83.5288888331084
TNFSF9	4.12704400098717	6.90394756259891	7.23579752336974	3.87758827367388
TNIK	31.1524137321144	21.4471739704448	9.11091833721954	10.0207597685382
TNIP1	106.37313445047	94.4901161212316	114.976056905466	104.830796702514
TNIP3	14.3985257557524	26.9152375756506	8.55445570745599	6.37792917591788
TNNI2	4.70048499235069	6.04434631975541	10.2236042644348	13.024731869915
TNRC6A	38.585785985778	29.2475952264814	25.1497800251034	20.2504402769856
TNRC6B	65.8621360474395	63.1125873230396	47.3834316071633	37.5745579932172
TNRC6C	34.4432894354365	24.3523239688192	16.663960679113	13.3555330501358
TNS3	6.52389302540732	8.82129805993013	15.2621530356284	20.1340423484278
TOB1	375.37327852866	631.638047813405	243.577835119458	221.116776276259
TOB2	38.7326938644667	40.3922020384715	48.0820019822245	38.0485115775663
TOE1	43.1153291443031	33.7600470073542	43.4019146435336	30.7757039684472
TOM1	77.7962216404061	88.5238061298463	81.0632797323757	146.035510995057
TOMM20	96.0996931027715	79.5290463387633	78.4474637549101	79.0012753523738
TOMM20L	2.82254833935519	2.01833261513996	1.67734200945213	1.40092067048519
TOMM5	9.47829935276729	8.88388469311067	7.48155326840753	7.2000043503959
TOMM7	410.912385965551	305.159384540525	278.668166500011	248.803067941275
TONSL	3.90045531360156	2.95350104152321	4.44349004910327	2.78398878584219
TOP1	31.8932326702957	25.0607571048562	25.9166839551645	23.3383089743835
TOP2A	4.39706951322483	5.82139054528855	3.45695436265227	2.20395431330531
TOR1A	74.5719363050152	94.5247858555634	82.4829405924279	116.073082758627
TOR1AIP1	106.629560185113	127.557190668748	108.22548241258	122.681571906109
TOR1AIP2	31.3637572892039	41.1803594718211	24.9618823882475	24.6377655612652
TOR2A	18.7771388916145	22.6409398292253	25.3738968607077	37.6931771916303
TOX	22.8187426237396	34.9442713245516	12.4726264832813	9.59888425367756
TOX2	19.7010711790283	8.68398123791357	6.02280155186222	6.32343078952757
TOX4	71.9847084069858	74.6062399601597	62.4510347561878	61.3264005023555
TP53	69.2977350846147	59.1168051072316	64.4226680485239	59.1961328325333
TP53BP1	18.6058026311601	14.1746748739	15.0497118990261	10.6209152623751
TP53BP2	29.8975985598738	24.1748945796908	32.6463787518881	25.9495287101872
TP53I11	22.5858340658189	25.3574250381077	52.5723257279191	35.9783268348903
TP53I13	30.8936444801914	24.3342577370155	40.1708298980995	24.5850166397961
TP53INP1	45.2111300502154	42.0700197806483	106.527203211699	55.894305566372
TP53TG5	3.41666878776083	2.55887938377561	2.65279541659215	1.68873564102202
TP63	1.77693230175893	1.8376202504199	0.751719737595737	0.681342583285619
TPCN1	62.9347228988995	43.1324685075021	53.9497496227662	67.88056987449
TPD52	37.1821691164215	32.4699303009157	86.2439678391197	34.7848059299584
TPD52L2	55.458380191709	62.8203743167194	68.3676692768606	105.727198194507
TPGS1	12.1525533460333	8.26576419767995	11.0187199270004	9.64537829320759
TPGS2	40.3234952510432	40.798988561429	32.5942078373727	31.1827036760995
TPI1	362.158711968262	552.29409994963	463.885695479212	596.553351590361
TPM1	8.88743130036903	7.59397995083202	5.1308811862924	6.66697410853771
TPM2	35.1701443086494	19.39537560795	8.72738020282222	10.653905183514
TPM3	229.518854276098	272.934190671225	230.656892517236	300.128829702538
TPM4	74.3265496219589	82.324631782455	85.6029002499979	101.74021142964
TPR	93.6733961379441	79.5445529814587	64.2493069036289	55.7000252020891
TPRG1	9.28312882756446	19.4734717973405	6.2782487548776	4.54971909137987
TPSAB1	0.528195622923234	0.314809561253441	0.290175752280151	0.205896178934611
TPSB2	0.755844752627449	0.614701479960933	0.530245906100879	0.333653958639342
TPSD1	0.548051976936546	0.613098388085223	1.4613679747063	0.638721024882083
TPST2	36.9922760958236	58.460973387334	38.1063615496683	43.8350217850682
TPT1	891.822311229866	587.736562853895	539.580576359139	507.902253933753
TPX2	3.68660646332515	5.14730515218452	2.52261514597295	1.72611858319434
TRA2A	266.652658979688	344.027028101429	229.156782713741	190.460841549344
TRA2B	192.866500325652	159.518338681304	184.534723801214	152.233858531772
TRABD	141.456461838992	109.075521721825	99.8356552153936	119.400120547107
TRABD2A	168.43479528158	73.5713280785031	42.5157779959598	50.3465902942549
TRADD	61.1830157148729	56.8030267427512	61.9887602905948	60.6553602971737
TRAF1	57.1990242586907	40.094741073422	19.6236257844569	21.396589015855
TRAF3	18.9069503972127	13.4785526302456	20.9077155049479	16.5573464719772
TRAF3IP3	433.690048561191	338.699662659254	233.67586054292	245.433195534761
TRAF4	16.0515928402067	10.3218864704668	26.5533219609901	12.1446718519978
TRAF5	82.6293002226504	67.7891581778036	89.50682647081	46.9270074965103
TRAFD1	85.6789845192605	94.2489988011567	98.339195229334	132.354267130178
TRAM1	218.713096108286	257.768884494606	226.05864105074	250.644616562667
TRAM2	11.4415984356455	9.9674607771843	8.77970379998291	10.8257963575444
TRANK1	33.5887518262885	28.0964122393182	26.0812233522222	18.8367726610954
TRAP1	80.7094923289542	54.8928950141917	49.4339371295414	47.7059987431955
TRAPPC1	149.774482290801	180.417377668973	168.957519064482	180.834918521023
TRAPPC10	33.710518635626	25.788805525122	31.3147240024227	22.5195027637846
TRAPPC2L	35.04700306115	34.7419693418106	31.7598364143056	30.9563832555069
TRAPPC4	56.9507875707399	71.0901051381815	49.5595899956646	45.5746458965854
TRAPPC6A	93.3457791199631	92.1030643215581	93.9408995768341	82.8624221203535
TRAPPC6B	8.2880645039714	7.72301435029744	5.80360439635558	6.39164500781879
TRAPPC8	33.1511084937284	28.5956540597756	33.0815509841748	29.9889910091832
TRAT1	287.425637474355	260.18630392185	95.2687408318287	95.4812450215845
TRDMT1	10.4660545835667	8.29450591113154	7.19477763634096	5.98987959935362
TREM1	32.2636259528096	61.0430193241397	61.3399659755414	159.301314004362
TREM2	1.24582815851405	1.23916790044976	0.956792369719498	1.08036560730378
TRIB1	12.8227306178085	17.5084929552836	21.1300784679481	42.3167546403813
TRIB2	92.467216856815	58.1245443588166	55.445907259268	37.7815924388215
TRIM11	17.5527727913637	14.3184007738528	16.03489247035	14.5004453042524
TRIM13	17.8409596334066	21.3358773481799	19.9117614540071	14.8181323368062
TRIM16	4.67726263632821	4.20880901561423	3.03825523901347	2.92169744076333
TRIM21	71.052312551604	81.62238471237	69.8132117081469	93.9631735343066
TRIM22	253.161099841295	251.838795225482	263.022593607462	247.344957405999
TRIM24	11.5936995073111	9.29879627754869	8.63828053884596	8.38841846591396
TRIM25	32.6350534132894	28.3650401928269	29.3043354534615	36.3577571095207
TRIM27	41.7312856270138	38.4373896837955	41.4304922300106	49.7462960960344
TRIM33	36.5217340212386	32.3213762202922	35.2945992469028	26.2306177154905
TRIM38	49.5179666771021	52.4815538707491	59.5781075340441	51.1242608239408
TRIM44	32.6567362054903	23.401816080367	31.5088545115378	29.4511019032921
TRIM56	26.6620084833522	20.9547743561424	20.1430483155068	16.1745086447309
TRIM61	3.12173189958379	3.0462157340333	2.96140407151125	1.77668871947322
TRIM63	1.54824659901462	1.58252989717305	1.17640569749663	0.728182337190328
TRIM74	1.32228520661134	0.796705453257107	0.525554366591248	0.501585865477594
TRIM8	53.4124041658785	45.4335158164065	55.3898540751341	69.179089270804
TRIO	7.3572850447501	6.18710417326768	18.124840232447	10.1591536315809
TRIOBP	12.1670693797154	12.1914925941769	14.9520053299201	21.931493218534
TRIP11	32.5496645848073	34.0689736590657	24.9352075586305	20.7428259750295
TRIP12	58.6788885145059	46.2304687688628	48.8946838329224	47.4658025640088
TRMT1	84.2890974877539	62.5649850935768	65.0698666445721	56.2709189043594
TRMT112	214.551028369075	251.572003911679	218.198983094621	189.944697049113
TRMT2A	58.1716804219754	46.1489844775715	45.9284685059487	51.1910882216396
TRMT6	23.9713917124937	23.1371648824806	22.7051411054835	22.436940820695
TRPM2	5.9955957305596	7.74327906710713	8.15783747977028	16.4396902725169
TRPM4	1.27822190192374	2.10708569632814	2.22605822362815	2.93401424427038
TRPS1	12.5357545431286	12.961951540668	11.4590184618356	17.5386900087396
TRPT1	48.442947592825	39.6211292655197	55.3378724049571	37.7293400862788
TRPV2	89.0919923315435	91.8151865878531	69.2301365710366	84.144935486348
TRPV6	0.94620838775458	0.820650517574223	0.713346118880736	0.464934801482545
TRRAP	35.2321682755086	23.153404077532	22.8930691324021	17.474588637101
TSC2	52.0254977708943	39.259243030989	43.5818238385275	43.2225032775846
TSC22D1	16.4824495032864	17.3416497095596	11.3521752045191	9.61934822347819
TSC22D2	18.6883030305468	18.2821116610818	19.7292240997201	15.9671359543699
TSC22D4	71.3337445666377	50.7704826566389	41.2551879375215	45.3313567529142
TSEN34	26.0315328672345	30.4011219272131	35.4067688352186	55.6194393298271
TSEN54	60.7787625213237	64.9264461629187	34.5448447796206	28.5459256430105
TSHR	2.62586291965948	2.33260073504728	1.13881596510257	1.07878956010888
TSHZ2	9.62604964748697	4.01029315575763	2.20992113881166	2.78438885942544
TSPAN1	1.08722956906002	1.02330056649319	0.867586487289062	0.59302482282122
TSPAN13	45.784854329653	30.513294326134	160.525362458737	58.9435195006482
TSPAN14	57.346779527664	45.7305882691107	32.0738372599163	48.9590594010349
TSPAN17	17.7076273559202	16.1306252742985	16.3643988909274	18.8338104791426
TSPAN3	48.4907474585041	38.6253136149111	99.3204654346406	57.4529950919289
TSPAN32	53.6098186095077	47.0645120421967	31.6460641307793	42.5800417350906
TSPAN33	31.7908817861457	22.1003548669547	98.0936063292334	42.4213701912177
TSPAN5	12.0018510647564	10.8028954449866	7.49288341946722	5.17328678199707
TSPO	277.304473086964	406.020684107477	421.362828667865	890.161880222756
TSPYL1	122.910143670001	146.692977666028	100.069583329458	78.9563394170708
TSSC4	72.3969778250056	73.0195452907916	82.5260860877053	85.4135225008547
TSTD1	167.14994721141	148.469300584905	189.912764442181	103.43969139529
TTBK1	0.474488664300662	0.778487629172016	0.77888445401229	0.361817120418727
TTC1	71.6341273687778	81.9608893285048	60.4004935663859	59.9712260102996
TTC14	55.4914317145437	43.9972519273412	29.8508297578382	27.6750179740743
TTC16	8.33289135178002	11.6530948704693	4.34167255397248	3.38856823452839
TTC17	140.388919831287	130.387373231189	140.530065345075	120.838891484024
TTC19	117.083999637183	116.222138806617	101.473530871667	90.9019569996003
TTC24	19.2199836338164	13.8606771426067	17.2885558426036	9.78809740419367
TTC3	93.3438523513171	75.3010264790259	72.4788526295524	55.5132644132212
TTC38	22.900177157634	43.0394146063509	22.878577204204	27.6785352299879
TTC39B	24.9960841503446	21.4672928228211	10.5775448284774	9.78485379015028
TTC39C	106.11654148305	184.814897750283	69.4171639185231	55.9163283429567
TTC9	23.6736777948337	12.8549450900396	24.1844407873195	13.447611093844
TTF1	27.0748632891421	28.3382508844311	24.3913604892119	19.1143664447241
TTN	8.91769715543589	5.09962219210076	5.2482087197445	3.77694130427596
TTR	1.90059198299406	1.76815725530215	0.992958527419913	0.741958646805355
TTYH2	10.1934397444399	15.6659065243383	11.371335027259	23.039591547641
TTYH3	13.3124199632403	14.3792209399076	17.7736698575471	30.7781911031582
TUBA1A	160.222502587813	182.950716086409	199.873645373746	259.268880742827
TUBA1B	49.9656635706976	48.9668497763298	48.7638278416772	53.5287061537109
TUBA1C	11.6073428492949	13.5141768181774	11.7427211011457	14.8924345230909
TUBA4A	181.512785933093	196.648571801412	168.107482906875	151.308788734811
TUBB	146.978523032834	137.354528264901	111.423585840008	122.037911950682
TUBB2A	5.2024996854643	6.34363794803556	6.25524561137876	4.06942291734383
TUBB4B	70.1209593992722	81.6746009353656	89.1920544270482	101.000929938011
TUBB6	11.1055339246026	10.7505726281011	29.2968961227211	22.9272691248637
TUBD1	28.0216320601355	27.2063547969384	21.8483583791153	18.6990475778492
TUBGCP2	58.6186537293033	46.9693648932496	46.7716008367101	52.6728618751643
TUBGCP6	87.6665405563158	54.4590597028169	56.3092419220156	46.1004757970721
TUFM	234.932625393849	238.478181851901	225.418405317249	268.362267847788
TULP2	2.89193017194642	3.44439061933672	4.02168793328406	3.85067074248982
TULP4	28.5550993190481	32.4362188455261	27.2235702636413	20.7888345805111
TWF2	64.1694455800794	67.702800913091	62.0365716066913	96.6366183582143
TXK	146.635297627868	82.039244400259	35.4890236320522	43.5515232294652
TXN	125.174187301803	223.522249013502	136.12340801032	207.689043703182
TXN2	134.671490508419	152.092985616908	137.068923253644	162.825379009548
TXNDC11	46.2927804010653	40.5250023282909	56.3166970204427	51.4193417767369
TXNDC15	27.8613108943344	28.2404344016186	23.1893971699326	27.6588342974852
TXNDC17	22.654533254377	29.5246659253898	25.2309934095358	38.3250984188972
TXNDC5	3.87541522675784	2.34018365934211	5.48249286868659	3.07964620563319
TXNIP	3706.30590442488	2792.43637215796	3508.00316690216	2970.39374553502
TXNL4A	26.320313848396	23.0136934787943	31.6907660446875	32.3627165483713
TYMP	118.636981005969	211.815106587887	243.278070399264	556.636949390066
TYMS	4.49780943873652	4.99015532199886	2.9593995237613	2.00183094289074
TYROBP	449.736861217887	888.498661109489	876.291437769464	2331.59903836317
TYW3	21.1744705693839	19.481089698313	16.5899423793674	13.8499702174525
UACA	3.83031240238681	3.2706782309308	5.21668417669083	4.51616946903359
UAP1	19.6195116887369	21.455211016289	18.2039653627185	13.3898850299765
UBA2	68.3001392195323	51.6325476884981	58.2718215068484	49.5086503397312
UBA3	149.586194457316	183.173677084079	148.075862655381	172.839085838175
UBA5	26.8042412133908	23.9578355651655	21.4272966533776	19.0535897594851
UBA6	23.046324747367	26.6311249545595	22.4275738680659	18.7079798908323
UBA7	212.821859454519	165.672513124474	188.232718312981	175.544034323211
UBALD1	9.2992425838652	6.06870005721892	9.15163131761971	6.24817808780148
UBALD2	91.4020838902138	44.0446109894488	67.4462016103418	43.703142049899
UBASH3A	100.974731160259	63.507115249381	26.0976137746332	30.5853774987579
UBASH3B	21.6911386758742	14.3168044603941	10.093933206576	12.2650878941648
UBB	568.043650998563	919.533402241662	587.631669435764	461.545253246442
UBC	690.633744771882	960.280401891556	837.047380834432	831.338432953222
UBE2B	138.450925017218	183.549054859654	123.553447983884	107.806559749745
UBE2C	4.2452727293214	6.62176911516887	4.55489589547794	2.61994463554829
UBE2D1	49.7058463566473	67.8126993564769	80.6513191608951	147.865256739925
UBE2D2	138.577756718967	117.903781840276	143.589952626357	113.475345706364
UBE2D3	268.296615772111	287.677832294747	277.503642415562	298.802722694068
UBE2E2	26.0846003378836	24.8695381638948	56.0922757281852	55.6670210254474
UBE2F	39.8061800641068	40.0777403155679	30.9618636514223	38.7442798006565
UBE2G1	64.098405991521	66.0721677466415	62.068363759424	58.1425680026713
UBE2H	53.4039561217503	41.2959622066424	54.3200608654036	38.4908248932543
UBE2I	70.3188696410672	67.0414059233353	68.5908015555637	62.5968671645036
UBE2J1	70.6538697385757	70.9159158911779	130.685536110111	115.225916473108
UBE2J2	56.7965462712008	49.2465303934445	61.9577450805315	65.6571114129087
UBE2L3	77.6397190493312	96.7750448076483	78.1063429299971	87.9868153053717
UBE2L6	260.253294890135	346.427956610292	314.997038570697	414.795412703798
UBE2N	75.5068129380417	86.8283655376563	73.8564531148393	65.4924359738862
UBE2R2	37.1036716476925	31.8015246261615	44.6012900533264	48.444179163582
UBE2S	14.0521150804738	11.2657233117753	21.6695379547001	12.8385628196632
UBE2V2	47.8338754809796	64.7958341184908	45.9968895114119	46.9435669828781
UBE3C	42.18745608545	32.2640599428249	32.1983075161406	31.0452379812867
UBE4B	25.4735960609395	22.022219874149	20.1818152290667	20.2404724202019
UBFD1	17.4465891723951	13.5648535153268	14.3613072189531	13.8085202973726
UBL3	46.0748520740191	48.0509633269929	50.4961650562057	47.3053184617299
UBL5	110.413977690312	140.441507274267	106.706339315542	132.227701700256
UBL7	88.5696376371886	94.4095126819549	106.371725319292	118.7853103328
UBLCP1	77.8499778900539	84.9487273157802	67.8155378053795	69.5376823959902
UBN1	29.3735938626216	22.4590645679338	25.0669976362217	23.6687655283615
UBR4	50.4949347106363	34.3570974174371	34.3758389748188	29.5242691782405
UBR5	41.4246150738636	29.9493405879116	31.2560614509681	22.9839114775022
UBTF	93.0402658748669	58.5312169127962	67.9169204110698	51.9696125956517
UBXN1	229.317606378559	210.62334397386	211.618265507083	180.661835018562
UBXN4	156.258335699667	167.825643220736	136.446412394237	129.44334380568
UCHL1	0.539817246170773	0.600470932843504	0.283430017786411	0.220131557053596
UCP2	1101.38688303058	1027.53339316694	1271.20696163176	1150.5226238687
UFC1	203.167949366499	239.656310619455	206.658902536387	194.855246487605
UGCG	42.901902044333	41.9981705757291	46.0432001993205	27.4290164494102
UGP2	87.2936127237713	96.6304735894446	75.6544122744137	77.3604124278058
UGT2A1	0.623522248680793	0.699725240848968	0.324635981731006	0.260193640031666
UGT8	4.73965364537471	3.59253489902863	14.7062393304206	5.5256759618856
UHRF1	6.58937158241361	6.51475006573137	4.21908017372717	3.12260401657493
UHRF2	75.4529319502849	61.3122627638279	69.1433297920621	44.7220240072172
UIMC1	67.4412192758132	63.9336987487248	66.6023326682488	59.3283640567702
UMOD	1.10865120654368	1.19769302503287	0.485960222418995	0.410726286876924
UNC13D	98.5929658907631	86.1364934864111	71.5234499016782	100.675947633754
UNG	24.2037228524766	26.6024093130813	21.0453816666055	13.764877916392
UPF2	43.1679098177135	38.5120276106476	35.4546671679428	27.9590940620306
UPF3A	55.946925928863	48.5223478065488	38.6392018781704	30.5925177654434
UPK3A	2.36680684146168	4.0695721213153	4.24442283610151	9.4530492808118
UPP1	66.2822629471359	73.5410744950765	40.1701068632487	68.8533867057844
UQCC2	13.9568838200496	12.688311011659	9.57857199673457	9.29534327425229
UQCR10	131.211042740514	195.532721231747	136.879837755577	160.673662460148
UQCR11	98.2619651955499	115.372299227492	88.583202754711	104.452509888644
UQCRB	40.6366195626164	42.6271540961738	29.3001723000757	27.2745461026926
UQCRC1	250.350375680026	323.855201499884	312.826254928323	450.924889987633
UQCRFS1	48.9747724306545	48.3080050486273	53.4250536246601	62.3252748781823
UQCRH	206.935537258238	233.234237705996	207.624551022099	212.637279221206
UQCRQ	84.8788475012531	106.765427711069	76.8944583866503	98.3782124410464
URI1	57.8111719829135	43.5336202802862	40.3541677353837	33.1194493591593
URM1	40.3006781122773	40.4213889201154	37.0569047946684	35.5668522503698
USF2	78.8013152521566	45.2098187255455	53.9239118342649	40.5698384186173
USHBP1	1.03347885612507	1.07016621412441	0.81298805798201	0.525395923849875
USO1	57.8055531549172	64.448375152393	52.7518196506077	55.6743499540388
USP10	106.639536195084	103.893654717768	112.691427036326	112.766121598539
USP15	50.9408969087523	54.7719118744998	49.5502220808803	61.0348827816267
USP17L4	0.0273367626320908	0.0513594245186296	0.0159859544044943	0.0118617342882159
USP20	98.2301381526675	58.7206174768947	44.8632499596432	42.1848052311219
USP22	69.0079075116978	58.4289639628273	56.643176037407	47.0008133304165
USP24	51.9682316846833	39.6661808195374	46.4651103034003	30.8830955579945
USP28	36.1377485968306	47.8180250056167	54.3840218191326	32.6504119636328
USP3	85.667271236159	87.0289387346184	76.4961047495538	95.8956231679446
USP34	45.9494377243701	33.5584609925412	38.1822781765013	26.4670646230178
USP36	79.3055688556141	69.2777139519486	60.0337957476295	42.9067733832323
USP38	27.8600630854965	25.285863085687	28.4325692402178	27.2224944061601
USP4	117.269136128229	120.99151926173	111.30356193667	123.747707674309
USP47	49.0513462805103	42.1347617852275	36.6224395274554	31.4701078939468
USP49	2.08519245562641	1.51832206923431	1.8576607673563	1.42305221970891
USP6NL	20.9667958920997	14.5676934534432	54.630545489647	26.4716779272016
USP7	76.4174890529158	60.0980140128332	79.4222678692702	58.8707749347639
USP8	19.1408594532454	21.1555456048915	22.3779653706119	18.477819427586
UTF1	0.267290107822772	0.323252540249536	0.622029509688375	0.395539937620178
UTP6	47.8406210850387	49.1414668843635	54.1943435551882	45.9521152621363
UTRN	88.7858292910573	88.4930332775333	84.7214759116699	64.5590235075338
UVRAG	33.5455445654294	29.0818237723744	62.4463642902793	41.8454476835629
UXS1	96.401779136875	72.226927364157	62.4198693190869	65.9552855341743
VAMP1	75.4102982821945	52.4735267914612	35.5914315478359	32.8141525689703
VAMP2	175.396570929614	149.428343432825	142.621326007409	96.8187793852826
VAMP5	91.7155079508557	124.569482737404	98.9146886792583	139.160816283763
VAMP8	254.409880521313	348.788037438172	301.877195337493	428.503496644944
VAPA	82.9736379434471	92.1831130264029	90.0226206846392	105.821256979932
VASP	80.3041243245068	76.4993566503384	96.4171235916683	132.535296417191
VAT1	51.2830665277422	41.5902402912753	60.403716265885	53.6069913219762
VAV1	112.605840351086	81.5601264388115	78.0833098737584	86.1660218554715
VAV2	13.6125139881556	11.2316604219216	40.8548470908134	21.9053243392102
VAV3	24.0820412273454	24.220366290541	55.3963412201584	31.9104937345201
VCAM1	2.55804385397617	5.7300081049216	1.7977649083671	1.22876559411858
VCAN	96.9496628889484	189.726009259141	194.39012682888	517.854112957361
VCL	34.0865137759376	46.6265735603991	42.7757816144195	71.156980865594
VDAC1	96.7869986194776	117.751702352584	112.206541335249	136.307030730495
VDR	4.60510911199902	6.35459295837562	6.10681497281352	14.2182460814906
VEGFA	1.07879838245969	1.30333781438007	2.01608502529509	2.05011902101655
VEGFB	35.315328887108	19.9667013197217	38.2372243421484	20.3749247581842
VENTX	1.72239821114701	3.14977415542973	3.57230886183174	7.78729059232641
VEZF1	62.8865332210393	62.2015276208174	58.2146424926352	57.1546726999821
VGLL4	19.5251913677139	18.2317889067269	13.8987668997817	14.5201929254674
VHL	34.9368122057707	27.9921237033756	31.7670630440066	24.9636008327247
VIM	414.628968357309	488.732993703562	456.436995851328	914.383856486922
VIPR1	35.5267935063033	18.8943197795452	12.1263911711817	21.6100161517068
VIPR2	0.882196041532768	0.862530596045307	0.414289007424199	0.331402380584067
VMP1	106.824442238409	175.805989062122	126.237326909097	243.052405519336
VNN1	8.00571413084289	14.4848009685182	13.9207408534262	36.5811501855986
VNN2	111.049140794068	162.004580019816	145.867990735614	275.055084442613
VOPP1	41.3094649197864	31.8430952570669	41.1021878702761	28.0934149966733
VPREB3	128.780273142415	84.5462743579585	450.66101646092	165.254460357921
VPS13B	36.9544610138359	32.6048503075852	30.4982919645363	25.9913987189832
VPS13C	63.2600714715872	61.5124524640008	64.1499654204786	48.522043158544
VPS25	75.5491515499893	88.6677777713871	83.7706271939675	111.429689425113
VPS26A	46.6300608641683	57.3479343427726	50.598761024233	60.240086920983
VPS26B	48.5605242033026	42.0648374769865	31.4231557453082	40.7133920561042
VPS29	185.949235636055	234.062144227659	164.157887651947	209.985873711507
VPS36	52.7525564364587	58.1125709961476	48.460898458422	48.9337565829974
VPS37B	48.2514580111214	39.8875905097151	76.437462521153	43.8019330945566
VPS37C	6.31198119807215	5.29585711217036	5.93977703381649	7.65381123669624
VPS4A	41.4093840179263	30.333223426909	32.8411716066915	32.5545354520071
VPS4B	89.4897354907215	106.451116434401	98.5655728060107	89.1494326437532
VPS51	112.004064713656	71.825213055745	96.186436275609	80.6895091475137
VPS53	22.8851781435534	21.1193902349367	17.2086909053369	16.2363226998761
VRK1	15.5529197318887	14.9037326647014	13.6076735958765	10.1275809711035
VSTM1	10.9954698492287	20.7511739696584	20.8086477197069	53.9374823264136
VTCN1	1.19587510008542	1.1106147768872	0.440075788167248	0.440063095495697
VTI1A	38.2088420468591	35.9856096491886	34.7164635551933	33.1533037439723
VWA1	0.425777756965558	0.5277414774879	0.958492091191903	0.395544616955827
VWA5A	12.5240171142634	10.7796559328247	9.41759593941489	11.9099707884163
VWA5B2	0.589769926473904	0.768394990032456	0.645021952859043	0.350485810377698
VWA7	1.38678443011995	2.07977986884061	1.81081685929417	0.960174028251861
VWC2	0.598322614080565	0.554007945541833	0.528110383693598	0.303290439589861
VWF	0.975581609627364	1.33946140620249	0.898429116481933	0.875887457023933
WAC	113.012246167866	102.299263521139	122.105351972236	101.877406751953
WBP1	9.4146256172024	6.48597286951748	5.14014811999571	4.44795134559588
WBP2	99.5234467335297	95.1180019555216	101.745653549407	110.586103719368
WBP4	20.6929405059799	23.8146450172377	18.1482808167904	19.1509565577136
WDFY1	35.6533531191295	39.2961180355902	41.3308412217116	48.1091953767544
WDFY4	29.7725074175704	22.6978902673245	91.0515756864632	45.6020106035627
WDHD1	4.56655849062797	4.63105107260276	3.78497995111968	2.4314478785126
WDR1	262.769977736751	220.878569358178	195.524621706787	245.11499589844
WDR26	51.7951798988016	42.4961706766106	46.9934484778898	34.1780030395452
WDR3	13.440435527472	11.5449389973454	9.82074868597332	8.99729603563777
WDR37	38.7557909054518	31.8753453974839	26.9138726523957	25.5178639524711
WDR4	23.6257085471653	16.1857653906139	21.4761466675712	15.4236859812088
WDR43	73.4142874416249	62.6262091942086	65.6140268786599	52.377106733688
WDR74	86.0637886537487	64.0195251047107	95.667693833107	66.889515221431
WDR82	137.871656906565	93.405657793319	86.381076911421	78.2144925976957
WDR83OS	1.36809539872406	1.27259858844851	1.17334831594582	1.06936930345589
WDR86	5.20703011451624	4.77377653073462	4.22652535810418	2.5438626078473
WEE1	8.45594158396565	10.980241173521	15.9520519304418	6.9523574374759
WFDC2	1.4329371223781	1.4915486759029	0.940738428549556	0.621552380888088
WFS1	5.53306121841643	4.07171039364183	4.6474760723523	3.15669195256249
WHAMM	40.2315300709449	30.775469765627	43.1408808230801	24.5946407851152
WIPF1	270.413538813112	279.384688223929	201.88679997222	186.726824540359
WIPI2	52.2357983546589	45.0516571877219	54.4125155481699	53.331291492156
WNK1	72.7194475847628	58.7295830889549	45.1480858034552	46.8215090252212
WNT11	0.623715277110167	1.01721300676804	0.486755135187326	0.355818224484553
WNT16	2.93018461206078	2.22955043522771	8.72909006084327	3.30542895930979
WNT7A	7.48477018265718	3.60075915530583	1.66156281310214	2.15599747167274
WNT8A	1.35608684429779	1.56730753862478	0.695299285492263	0.539965375491512
WSB1	136.722459316509	162.141589592594	153.751861919581	179.077523744186
WSB2	23.6499169341819	31.8520163742714	23.4110608368054	28.4639754340538
WTAP	121.792118946636	148.511820186783	119.859978521514	97.5711236906083
WWP1	59.0190115881334	51.2087398289553	28.2482968116369	28.3059905981838
XAF1	46.5161543828868	48.7619808389547	63.375913510722	59.9380952694232
XBP1	181.149773826078	184.43503216103	151.834949789002	222.645852941691
XCL1	7.27228625490036	14.4290357361619	4.61060221008303	3.37829430992425
XCL2	21.206037238868	49.9699870143012	15.6032022814926	10.4326935257958
XCR1	1.31718908740755	2.02529073389677	1.17038186882045	0.869968058954874
XPC	76.2112187451569	61.417011158126	54.4057466635811	52.8087457564106
XPNPEP1	36.4472016516147	42.4505924545658	37.9406982506355	45.20657112824
XPO6	147.996557161461	104.287939477763	101.796865503148	91.0255940911879
XRN1	55.3495761484266	56.2936188320026	44.9257278362443	37.0498575308672
XYLT1	13.1546861644245	9.12749449629431	15.3914101374434	9.86972875297366
YAF2	21.2713950880047	24.7271802184424	16.9383733226947	13.9828083995541
YAP1	0.859170359052204	0.813375309913093	0.464677860855859	0.343593841967771
YBX1	125.133733217866	86.2065968605574	113.855024508326	82.3823277872418
YBX3	40.4343164919812	40.4789744830422	112.179315935086	72.0898477594234
YEATS4	54.4787078728395	49.344840415103	48.4067365722273	37.0922510056023
YES1	9.69697868815113	8.0130040277019	3.09841159532599	3.1680063494683
YIPF3	126.879069771974	136.475143448268	135.796525588162	169.164859218218
YIPF4	19.8750099910973	19.6364449421752	16.5377400718284	18.1421075943431
YIPF5	51.6492806386098	68.3657442147689	44.9859521402838	47.6214163841911
YME1L1	129.143803797623	132.452184590934	129.205608380529	128.553506418775
YPEL1	4.31043276310883	5.2102171108672	7.25519696033544	3.49597980919824
YPEL3	124.394590679441	92.0831074033524	143.555969632156	112.169893951074
YPEL5	433.884661208855	430.168118720531	575.544221191172	430.334197720823
YTHDC1	77.8805549761979	62.1162587802385	54.138170979212	41.9417931049009
YWHAB	240.596634801729	275.831846818691	233.125759432266	281.480730025906
YWHAE	156.010584997215	222.949101234281	169.09930270546	207.243228417738
YWHAH	55.2346606372183	68.3543195888716	109.574338499296	126.383990414895
YWHAQ	233.047978799908	313.292493061322	279.933683365425	235.418653900122
YWHAZ	562.0203094516	695.61619121753	614.014392840619	539.466794637058
YY1	53.0961284169855	43.4445412559757	43.5146548524675	38.8397139173477
ZAP70	326.55002704898	242.570409597526	99.4962267456034	104.570208045571
ZBED2	11.786301517034	9.12875831397763	5.25915580966887	4.28384623253203
ZBED5	82.4268848891264	65.620596384938	66.0768730749885	51.5569459728409
ZBP1	20.2207492001522	25.060470651655	23.4057810354261	15.791633467421
ZBTB1	104.476172664024	95.6201829934719	107.611109346192	76.5310594141955
ZBTB16	17.0236103827581	19.8197847687224	28.4238313447932	16.8405316630138
ZBTB20	14.3330955114028	13.8170394713339	11.926008598231	8.2055586439111
ZBTB21	19.5900631110412	16.8026863284891	23.6217812125648	15.9500021294479
ZBTB24	19.583977681279	13.3394391149544	22.2676113683658	14.5964808800798
ZBTB25	35.5825652616105	34.666802565943	19.6547083692216	15.4537416223073
ZBTB32	7.7045771738165	8.57827918263786	7.42619311350169	4.09086112617185
ZBTB38	36.0213191083531	49.5274581265442	26.327925730532	22.3044321369644
ZBTB46	2.50355973128564	1.62279187503068	1.18676798626079	1.14147101763744
ZBTB7A	25.9521124142625	18.3117657217165	24.9675838440515	20.9145668669186
ZBTB7B	28.6893775370513	15.6514134831367	17.5986022049966	19.828945385219
ZBTB8OS	51.3583105848986	65.4198742934119	49.4658502596281	51.4737056887517
ZC2HC1A	6.05115787484548	7.04363588785033	8.38812033659967	10.1804107345117
ZC3H12A	47.5335856529235	48.7254244828692	73.4269004153598	62.4820316602744
ZC3H12D	17.8312430452575	10.6998145491367	17.2697884612198	9.75580293330503
ZC3H18	37.7061718263044	29.9287980930429	28.729654833712	25.4931419304758
ZC3H8	18.6622360176335	13.1526616669921	9.01245615464249	8.25464748365697
ZC3HAV1	200.821912842768	165.93673082149	125.198300703019	113.906534368825
ZCCHC14	9.31660946494018	5.95585473732202	4.19231483326136	4.04890609854831
ZCCHC2	23.0640404021912	17.5778271603947	18.2433169292715	13.3297868328333
ZCCHC7	97.3185652366307	79.1467068986025	138.541179824944	75.954147704111
ZCCHC9	15.9516062179692	15.753079240368	11.6335932796981	11.4315945475112
ZDBF2	8.16755269248663	5.76739172125912	8.25523779702013	4.37066571053226
ZDHHC17	41.9805227862428	34.3275559500892	37.2771162718657	30.8480399556485
ZDHHC18	19.5537367059904	16.1176499475774	12.4231368494867	14.0229032966987
ZDHHC21	6.62635693525413	5.62852845960764	9.41531894829868	4.90800979793994
ZDHHC24	16.8815982651741	15.2310144057412	15.3666207312793	13.3365317097447
ZDHHC4	37.5145886051786	37.2734088335867	41.1423282388606	37.840344788159
ZEB1	52.8872985454988	44.8315680459748	42.2787154352842	24.9673806259707
ZEB2	54.8220777101681	100.025801455892	92.5048318139828	136.918905029862
ZFAND2A	121.413100144531	209.538775599934	107.963663359002	90.0645223466492
ZFAND2B	79.9472881099467	75.0130695412631	67.3669866508035	59.9855271541335
ZFAND3	24.6532738218018	16.5793124798101	21.0949048789305	19.4440151591696
ZFAND4	22.5688081666658	16.2310667510788	15.5725157255903	12.9161469749052
ZFAND5	78.3150718810299	84.638058347667	105.650147096579	150.70219406876
ZFAND6	94.3297962549852	116.988712417541	100.47618748823	103.368522666609
ZFAT	10.2133902196585	7.61152419683308	7.9674973429958	7.79527712222828
ZFP36	914.477891373254	1191.27735424457	1412.79114172428	2156.72650279245
ZFP36L1	263.876540025807	271.091033901801	314.899905933534	300.04142066145
ZFP36L2	549.00378576277	481.405452294793	528.794864708528	412.434980127428
ZFP90	33.1273713454066	25.626678265432	21.902869351598	17.9755435316805
ZFYVE16	8.83682682457043	9.6296790185374	8.78925434987023	10.2401377226202
ZFYVE26	14.1818504580928	10.3753278310579	9.69606972576022	8.95298233334387
ZFYVE28	12.1617126989729	12.453806195165	6.10771432147862	5.32219183674996
ZFYVE9	8.11390134581265	5.42703839757934	3.16339078852198	2.9853202828231
ZHX2	54.3127507968241	41.0044355446518	64.8036252310683	34.9868755421149
ZKSCAN8	23.0141739536218	16.0179777781914	15.4881598837992	13.6718901909972
ZMAT2	108.585872808972	95.1949332730185	90.0119199458995	95.5680421577864
ZMAT4	1.65446390446974	1.64766738002419	0.625347733910566	0.576495112738142
ZMAT5	10.7527641891138	11.8625584447048	11.1276148028689	14.7219072235644
ZMYM2	32.9170974315416	29.3430116382921	24.7282742199901	21.417734850969
ZMYM5	46.4440412937507	57.0835105446713	38.8379529688571	30.8645409728336
ZNF10	12.5823841657269	10.585842109923	14.9599812298918	7.69198230027045
ZNF101	70.9013721048548	51.7126504981334	38.9218231880934	30.7948645254581
ZNF106	47.4024368647197	54.4083181471705	52.4766539841234	73.6883511990898
ZNF107	48.8670216136621	34.9483652607696	61.9869698810964	31.5980147029779
ZNF121	30.6428582360747	29.840953989304	24.5447903755126	19.7693907520608
ZNF131	86.0758742979461	77.8102329837811	71.405326102486	55.9715955761086
ZNF140	11.6835629379345	9.75333413548877	9.11890901543171	7.46725550091633
ZNF141	15.9975525922385	13.6124613916287	12.5062500856085	8.42918734104035
ZNF148	38.1242439816713	35.5694489654066	35.385088961449	28.2877071234766
ZNF16	12.4380509996434	12.6514641086904	10.6193624904661	9.88704980624398
ZNF205	1.16656390265786	0.969333505653729	1.01424534165041	0.928726760329033
ZNF207	62.0947099496401	58.6597255441841	53.0946972651022	53.26270337388
ZNF217	51.6240083701531	39.9579647643524	36.8297184904917	33.9273850824762
ZNF22	43.980830885118	48.3117135246425	45.5903113561426	32.897177494142
ZNF222	10.477884104025	10.8443741189443	8.53082854313182	6.10955386302107
ZNF250	8.92124477213048	10.0723893773866	8.36645297689555	5.81102458154531
ZNF254	18.3886628832712	17.7148299504655	16.5712588391047	10.8415200803612
ZNF267	31.6803107862299	37.5040241762359	36.8369868079139	35.1157715732818
ZNF274	50.2705163083693	36.2973642631242	48.8967159228256	31.1345353021512
ZNF276	64.1337183179558	41.3750720943578	29.1600373904601	27.4634484639014
ZNF281	39.63537517022	40.7204134394449	45.3383382198716	47.7767025615087
ZNF292	59.3697843180249	52.3443225087502	49.3488838990545	37.1653737546182
ZNF296	12.8160367664427	11.6597393920393	35.4973260305844	21.3404856702046
ZNF302	30.872553301722	24.8377263380016	23.458038921531	17.8220436544916
ZNF318	35.9321390444522	23.8251694182371	63.1596016571174	31.0295894044166
ZNF331	99.1459341469182	89.9212241486454	160.363775362321	75.4735893214856
ZNF33A	48.9433539281699	42.4058417101142	38.1878997132644	32.1448098276996
ZNF345	18.8060923500932	18.5126626771145	13.4338931123605	9.78507829931207
ZNF365	1.61858121558479	3.08642228155952	1.02578906542577	0.73106571513536
ZNF385A	16.6834325616409	28.1458501778715	34.4530267227411	73.5106272918663
ZNF395	21.0266213659895	15.114278606379	28.0606111499124	15.0031229423999
ZNF397	25.6263106709153	21.4227414491619	18.5872482101467	15.0634673905124
ZNF414	19.1160078351091	11.6720469414449	12.8266872201963	10.4705682240293
ZNF428	17.6507387335987	11.8645329952609	12.5277941069972	10.077467620256
ZNF431	11.1565612185336	9.16105146516888	8.77127719449882	6.08572918044627
ZNF439	22.5135396747278	14.3434587692345	20.0388952588008	11.71024229567
ZNF468	25.2113611071809	31.6346157386904	30.185265642901	22.5301059074213
ZNF486	7.34014016267126	5.14908471207084	7.25568736779621	4.20963326082977
ZNF496	10.1405903539455	6.90745859126088	6.80682840566235	6.81313143199323
ZNF506	55.057024446189	43.0807982084585	41.6381294157891	28.8442359431183
ZNF516	11.9895450867546	10.2993754502262	12.9798822198399	17.0314133139778
ZNF519	6.05479188172891	4.31670492237965	3.34467022842198	2.61717359385654
ZNF527	8.64357860320614	8.09676235291422	7.82611368016194	5.16283849324819
ZNF528	12.4415857379283	10.5256742954147	9.2890891914852	6.35467723718943
ZNF532	6.49154565622324	6.82630157391218	13.1292305520398	6.8503426977968
ZNF540	13.0274273414832	11.7694245890351	7.669901284321	5.38503105030455
ZNF548	38.6036434725068	34.0375627593437	29.7449395069823	21.5142876535405
ZNF549	16.9206341792639	13.4587324815736	13.2971073742348	9.28828222675179
ZNF556	0.461941065967443	0.489455294808521	0.564512564009737	0.336848375031832
ZNF581	51.9638837728637	43.6205629370207	72.217657528487	64.0984438118961
ZNF600	23.5829475724554	35.5561345467923	21.5460940888989	13.8446978043617
ZNF608	2.22640283998639	1.63426884582073	5.95274832573737	2.31360970089889
ZNF609	39.628656967549	19.9993263713953	14.4199115095853	16.74962482253
ZNF622	94.5168658588153	98.5950822570316	89.2654042933295	83.8372609069815
ZNF639	20.0335377112814	16.2519805928115	23.4789383894247	15.0097139418946
ZNF652	42.8365373288368	49.2967904899211	40.2891490626321	34.5908521084751
ZNF683	49.5915723225121	121.586194279242	37.479327067358	24.8388361651947
ZNF684	9.78605471521161	11.0727643188387	7.57002635441055	7.55955533662177
ZNF701	14.2069329300931	14.4868734219326	13.2080416119429	9.6154605228317
ZNF704	0.882206253679743	0.825996899722416	0.345041807242837	0.319443906356195
ZNF706	69.5015880065202	71.0261659324393	74.9491997554315	67.8565736591773
ZNF708	35.0806222665036	32.3430416202042	27.1637543036269	18.5954503063595
ZNF709	0.530136934344135	0.458698571680706	0.419917960817145	0.288159218270093
ZNF747	9.721658790507	6.83502864079715	9.50890618946595	8.25772338994106
ZNF75A	42.2960278294993	37.4092844835383	38.9335279039583	25.6250621895031
ZNF764	16.959120647148	12.1531923073646	11.6856539396479	10.8249046039058
ZNF79	15.7981093121969	14.8580289580684	14.0094603908605	11.6699205460839
ZNF791	36.4614197566714	38.6892489937476	40.7878663448526	26.1352823014825
ZNF804A	0.638262081759509	0.840234366409467	0.740264545925059	1.26385142962178
ZNF814	15.0084337384406	12.2974250750379	12.6642034938499	8.8774614589579
ZNF816	18.4071613611177	21.062625632745	16.7359146435157	12.3121403142362
ZNF83	60.9125365383419	60.1069042530801	41.8601771509034	31.8693569551606
ZNF830	42.0873213066498	41.1941133180865	36.7499919153987	27.1512036958311
ZNF831	19.4476637884053	17.5494609102742	9.73092214283635	7.46307810996268
ZNF853	5.67976630502207	3.82422685690146	6.64099756015158	3.31375487536104
ZNF860	5.02302789140128	3.6721030357511	15.1533202710343	5.76917934139941
ZNF880	31.7078667070591	28.0569767002472	31.0216790415577	20.1103720163859
ZNF90	3.46519254265195	2.97679493441407	2.94618894508006	1.88468714023386
ZNF91	68.1258119417652	52.3219633987041	44.0212442895453	31.2556569426664
ZNF92	36.9333137836007	35.4924896521532	61.7731918394276	32.3193602020083
ZNFX1	70.7932881373109	63.5824726335334	55.1449965940733	55.4130388247657
ZNHIT1	31.2170522302676	34.050171220073	28.9916485019573	34.8032656041011
ZNHIT6	23.5055904789453	20.459976447018	16.545550692824	12.1640640343108
ZNRF1	5.35619664943069	4.20096629312286	2.47365757914754	3.94025280431538
ZNRF3	1.00298625192486	0.925874579325254	0.779932127384414	0.551942788302943
ZPR1	29.3168833346773	27.091897547654	27.2428137061093	25.4489668734141
ZRANB2	148.529390100801	141.707566904642	97.8156135137598	81.0634932855436
ZSCAN9	7.80899372090208	11.5684118176815	14.5351000638316	13.2599738944353
ZSWIM6	13.0409246443831	14.469744238135	14.3966777399307	19.3972478824675
ZWINT	11.4053840499133	9.87465654696616	5.54043506695978	5.04955749176286
ZYX	198.715897007508	231.672426617889	198.991634483264	455.805699837165
